implementing_agency,period,n_works_in_period,log_median_amount,round_rate,completion_rate,median_delay,templating_rate,backdated_rate,rs_total
ADILABAD(DISTRICT COLLECTOR ADILABAD_IDA),2019Q4,5,4.383994789441733,0.0,0.0,345.0,0.0,0.0,96011.0
ADILABAD(DISTRICT COLLECTOR ADILABAD_IDA),2020Q1,4,4.795880017344075,0.5,0.0,345.0,0.0,0.0,335000.0
ADILABAD(DISTRICT COLLECTOR ADILABAD_IDA),2020Q3,9,4.382215223047534,0.0,0.0,345.0,0.0,0.0,161875.0
ADILABAD(DISTRICT COLLECTOR ADILABAD_IDA),2022Q2,2,4.786531380644413,0.5,0.0,345.0,0.0,0.0,122338.0
ADILABAD(DISTRICT COLLECTOR ADILABAD_IDA),2023Q1,21,5.079181246047625,0.23809523809523808,0.0,345.0,0.0,0.0,4348865.0
ADILABAD(DISTRICT COLLECTOR ADILABAD_IDA),2023Q2,10,5.079181246047625,0.4,0.0,345.0,0.0,0.0,1695000.0
ADILABAD(DISTRICT COLLECTOR ADILABAD_IDA),2023Q3,115,5.477121254719663,0.9652173913043478,0.008695652173913044,345.0,0.0,0.008695652173913044,43774246.0
ADILABAD(DISTRICT COLLECTOR ADILABAD_IDA),2023Q4,31,5.3979400086720375,0.6774193548387096,0.0,345.0,0.0,0.0,8900000.0
ADILABAD(DISTRICT COLLECTOR ADILABAD_IDA),2024Q1,94,5.6020599913279625,0.9468085106382979,0.010638297872340425,301.0,0.0,0.0,37449910.0
ADILABAD(DISTRICT COLLECTOR ADILABAD_IDA),2024Q4,21,5.176091259055681,1.0,0.0,345.0,0.0,0.0,4000000.0
ADILABAD(DISTRICT COLLECTOR ADILABAD_IDA),2025Q2,55,5.079181246047625,0.05454545454545454,0.0,345.0,0.0,0.0,7340000.0
ADILABAD(DISTRICT COLLECTOR ADILABAD_IDA),2025Q3,64,5.574031267727719,0.9375,0.0,345.0,0.0,0.0,22340000.0
ADILABAD(DISTRICT COLLECTOR ADILABAD_IDA),2025Q4,6,5.544068044350276,0.8333333333333334,0.0,345.0,0.0,0.0,2285000.0
ADILABAD(DISTRICT COLLECTOR ADILABAD_IDA),2026Q1,43,5.6020599913279625,0.6744186046511628,0.0,345.0,0.0,0.0,15900000.0
AGRA(DISTRICT MAGISTRAE AGRA_IDA),2023Q3,22,5.454392806175207,0.0,0.9545454545454546,667.0,0.09090909090909091,0.0,17788434.0
AGRA(DISTRICT MAGISTRAE AGRA_IDA),2023Q4,60,6.032406597677042,0.0,1.0,828.0,0.0,0.0,74890549.0
AGRA(DISTRICT MAGISTRAE AGRA_IDA),2024Q1,15,5.397721069075744,0.0,0.2,746.0,0.3333333333333333,0.0,10641569.0
AGRA(DISTRICT MAGISTRAE AGRA_IDA),2024Q3,55,6.2046061202893705,0.0,1.0,308.0,0.0,0.0,87880128.0
AGRA(DISTRICT MAGISTRAE AGRA_IDA),2024Q4,21,5.420285884941918,0.0,0.38095238095238093,408.0,0.0,0.0,17007164.0
AGRA(DISTRICT MAGISTRAE AGRA_IDA),2025Q1,29,6.032474106225535,0.3448275862068966,0.4482758620689655,365.0,0.0,0.0,30141039.0
AGRA(DISTRICT MAGISTRAE AGRA_IDA),2025Q2,50,5.3979400086720375,0.58,0.08,232.0,0.0,0.0,42858028.0
AGRA(DISTRICT MAGISTRAE AGRA_IDA),2025Q3,71,6.155901163553887,0.16901408450704225,0.352112676056338,166.0,0.08450704225352113,0.0,90764628.0
AGRA(DISTRICT MAGISTRAE AGRA_IDA),2025Q4,37,5.8750612633917,0.13513513513513514,0.24324324324324326,212.0,0.0,0.0,45551839.0
AGRA(DISTRICT MAGISTRAE AGRA_IDA),2026Q1,57,5.423245873936808,0.12280701754385964,0.0,345.0,0.0,0.0,38084200.0
AHMADABAD(DISTRICT COLLECTOR AHMADABAD_IDA),2023Q3,116,5.301029995663981,0.33620689655172414,0.43103448275862066,902.0,0.0,0.0,61898450.0
AHMADABAD(DISTRICT COLLECTOR AHMADABAD_IDA),2023Q4,146,5.436574474687501,0.2876712328767123,0.4589041095890411,692.0,0.0,0.0,60737967.0
AHMADABAD(DISTRICT COLLECTOR AHMADABAD_IDA),2024Q1,38,5.69895176358472,0.47368421052631576,0.42105263157894735,558.0,0.05263157894736842,0.0,55565388.0
AHMADABAD(DISTRICT COLLECTOR AHMADABAD_IDA),2024Q3,8,5.868938178332911,0.25,0.125,600.0,0.0,0.0,7852876.0
AHMADABAD(DISTRICT COLLECTOR AHMADABAD_IDA),2024Q4,62,5.6020599913279625,0.8387096774193549,0.08064516129032258,447.0,0.0,0.0,31909263.0
AHMADABAD(DISTRICT COLLECTOR AHMADABAD_IDA),2025Q1,91,5.6987206477312125,0.4065934065934066,0.2087912087912088,386.0,0.03296703296703297,0.0,68397312.0
AHMADABAD(DISTRICT COLLECTOR AHMADABAD_IDA),2025Q2,39,5.3979400086720375,0.6923076923076923,0.15384615384615385,320.0,0.0,0.0,21974381.0
AHMADABAD(DISTRICT COLLECTOR AHMADABAD_IDA),2025Q3,92,5.628388930050312,0.6521739130434783,0.03260869565217391,166.0,0.0,0.0,89962794.0
AHMADABAD(DISTRICT COLLECTOR AHMADABAD_IDA),2025Q4,9,5.698970004336019,0.6666666666666666,0.4444444444444444,119.0,0.0,0.0,9871953.0
AHMADABAD(DISTRICT COLLECTOR AHMADABAD_IDA),2026Q1,186,4.599528289745556,0.3763440860215054,0.0,345.0,0.021505376344086023,0.0,56906301.0
AHMEDNAGAR(DISTRICT COLLECTOR AHMEDNAGAR_IDA),2022Q2,5,5.698497234706368,0.0,0.4,1404.0,0.0,0.0,2396084.0
AHMEDNAGAR(DISTRICT COLLECTOR AHMEDNAGAR_IDA),2022Q3,14,5.698970004336019,0.8571428571428571,0.0,345.0,0.0,0.0,6799032.0
AHMEDNAGAR(DISTRICT COLLECTOR AHMEDNAGAR_IDA),2022Q4,28,5.698669368522549,0.25,0.17857142857142858,1210.0,0.07142857142857142,0.0,13285756.0
AHMEDNAGAR(DISTRICT COLLECTOR AHMEDNAGAR_IDA),2023Q3,7,5.903057956592768,0.0,0.14285714285714285,956.0,0.0,0.0,4886611.0
AHMEDNAGAR(DISTRICT COLLECTOR AHMEDNAGAR_IDA),2023Q4,69,5.698831876727319,0.014492753623188406,0.08695652173913043,875.0,0.0,0.0,44723493.0
AHMEDNAGAR(DISTRICT COLLECTOR AHMEDNAGAR_IDA),2024Q1,76,5.953786743717143,0.07894736842105263,0.2631578947368421,735.0,0.0,0.0,65705390.0
AHMEDNAGAR(DISTRICT COLLECTOR AHMEDNAGAR_IDA),2024Q4,5,5.301029995663981,1.0,0.0,345.0,0.0,0.0,1000000.0
AHMEDNAGAR(DISTRICT COLLECTOR AHMEDNAGAR_IDA),2025Q1,70,5.698970004336019,0.9857142857142858,0.014285714285714285,367.0,0.0,0.0,43093759.0
AHMEDNAGAR(DISTRICT COLLECTOR AHMEDNAGAR_IDA),2025Q2,28,6.0,0.9285714285714286,0.03571428571428571,257.0,0.0,0.0,31976921.0
AHMEDNAGAR(DISTRICT COLLECTOR AHMEDNAGAR_IDA),2025Q3,4,6.021189299069938,1.0,0.0,345.0,0.0,0.0,4100000.0
AHMEDNAGAR(DISTRICT COLLECTOR AHMEDNAGAR_IDA),2025Q4,60,6.0,1.0,0.0,345.0,0.0,0.0,55900000.0
AHMEDNAGAR(DISTRICT COLLECTOR AHMEDNAGAR_IDA),2026Q1,59,6.0,1.0,0.0,345.0,0.0,0.0,67650000.0
AIZAWL(DEPUTY COMMISSIONER AIZAWL_IDA),2023Q4,64,5.698970004336019,0.96875,0.046875,791.0,0.0,0.0,38100000.0
AIZAWL(DEPUTY COMMISSIONER AIZAWL_IDA),2024Q1,28,6.0,1.0,0.10714285714285714,737.0,0.0,0.0,28100000.0
AIZAWL(DEPUTY COMMISSIONER AIZAWL_IDA),2024Q3,19,5.3979400086720375,1.0,0.10526315789473684,316.5,0.0,0.0,7250000.0
AIZAWL(DEPUTY COMMISSIONER AIZAWL_IDA),2024Q4,3,6.0,0.6666666666666666,0.0,345.0,0.0,0.0,3057115.0
AIZAWL(DEPUTY COMMISSIONER AIZAWL_IDA),2025Q1,17,5.698970004336019,1.0,0.058823529411764705,368.0,0.0,0.0,18950000.0
AIZAWL(DEPUTY COMMISSIONER AIZAWL_IDA),2025Q3,63,5.698970004336019,0.9841269841269841,0.031746031746031744,182.0,0.0,0.0,42240000.0
AIZAWL(DEPUTY COMMISSIONER AIZAWL_IDA),2025Q4,8,5.949390006644912,0.625,0.0,345.0,0.0,0.0,7730000.0
AIZAWL(DEPUTY COMMISSIONER AIZAWL_IDA),2026Q1,3,6.012228364187799,0.0,0.0,345.0,0.6666666666666666,0.0,3547114.0
AJMER(DISTRICT COLLECTOR AJMER_IDA),2023Q3,99,5.671315423465821,0.15151515151515152,0.43434343434343436,872.0,0.0,0.0,39350666.0
AJMER(DISTRICT COLLECTOR AJMER_IDA),2023Q4,87,5.691157553334592,0.2413793103448276,0.632183908045977,745.0,0.0,0.0,38853721.0
AJMER(DISTRICT COLLECTOR AJMER_IDA),2024Q1,4,5.698121433032044,0.5,0.75,681.0,0.0,0.0,2298048.0
AJMER(DISTRICT COLLECTOR AJMER_IDA),2024Q3,3,5.4765592036516475,0.6666666666666666,0.0,345.0,0.0,0.0,999612.0
AJMER(DISTRICT COLLECTOR AJMER_IDA),2024Q4,15,5.698970004336019,0.13333333333333333,0.6666666666666666,407.5,0.0,0.0,13985736.0
AJMER(DISTRICT COLLECTOR AJMER_IDA),2025Q1,8,5.8741918046790715,0.375,0.5,310.5,0.0,0.0,6009282.0
AJMER(DISTRICT COLLECTOR AJMER_IDA),2025Q2,32,5.698737160085884,0.34375,0.21875,285.0,0.28125,0.0,20189237.0
AJMER(DISTRICT COLLECTOR AJMER_IDA),2025Q3,20,5.698909633207143,0.3,0.1,270.5,0.0,0.0,12077420.0
AJMER(DISTRICT COLLECTOR AJMER_IDA),2025Q4,11,5.6988709739042465,0.36363636363636365,0.09090909090909091,127.0,0.0,0.0,7596459.0
AJMER(DISTRICT COLLECTOR AJMER_IDA),2026Q1,21,5.698970004336019,0.47619047619047616,0.0,345.0,0.0,0.0,15185769.0
AKOLA(DISTRICT COLLECTOR AKOLA_IDA),2023Q4,87,5.698970004336019,0.20689655172413793,0.8505747126436781,806.0,0.0,0.09195402298850575,57711108.0
AKOLA(DISTRICT COLLECTOR AKOLA_IDA),2024Q1,12,5.963039677530577,0.08333333333333333,0.9166666666666666,787.0,0.0,0.0,9070073.0
AKOLA(DISTRICT COLLECTOR AKOLA_IDA),2025Q1,46,5.994418344254497,0.32608695652173914,0.6521739130434783,342.0,0.0,0.0,53383612.0
AKOLA(DISTRICT COLLECTOR AKOLA_IDA),2025Q2,8,5.99333811736287,0.5,0.75,302.5,0.0,0.0,7687312.0
AKOLA(DISTRICT COLLECTOR AKOLA_IDA),2025Q3,1,5.740362689494244,1.0,0.0,345.0,0.0,0.0,550000.0
AKOLA(DISTRICT COLLECTOR AKOLA_IDA),2025Q4,1,5.301029995663981,1.0,0.0,345.0,0.0,0.0,200000.0
AKOLA(DISTRICT COLLECTOR AKOLA_IDA),2026Q1,28,6.0,1.0,0.0,345.0,0.0,0.0,28800000.0
ALAPPUZHA(DISTRICT COLLECTOR ALAPPUZHA_IDA),2021Q3,1,5.328844233408231,0.0,1.0,1389.0,0.0,0.0,213228.0
ALAPPUZHA(DISTRICT COLLECTOR ALAPPUZHA_IDA),2021Q4,1,5.336231519192715,0.0,0.0,345.0,0.0,0.0,216886.0
ALAPPUZHA(DISTRICT COLLECTOR ALAPPUZHA_IDA),2022Q1,2,6.323961864720065,0.5,0.0,345.0,0.0,0.0,4216886.0
ALAPPUZHA(DISTRICT COLLECTOR ALAPPUZHA_IDA),2022Q2,1,6.301029995663981,1.0,0.0,345.0,0.0,0.0,2000000.0
ALAPPUZHA(DISTRICT COLLECTOR ALAPPUZHA_IDA),2022Q4,2,5.810836815466775,0.0,1.0,959.0,0.0,0.0,1293799.0
ALAPPUZHA(DISTRICT COLLECTOR ALAPPUZHA_IDA),2023Q1,3,5.69811098945329,0.0,1.0,1082.0,0.0,0.0,2418297.0
ALAPPUZHA(DISTRICT COLLECTOR ALAPPUZHA_IDA),2023Q2,1,6.0,1.0,0.0,345.0,0.0,0.0,1000000.0
ALAPPUZHA(DISTRICT COLLECTOR ALAPPUZHA_IDA),2024Q1,82,5.914814753202353,0.34146341463414637,0.5853658536585366,551.0,0.0,0.012195121951219513,90784990.0
ALAPPUZHA(DISTRICT COLLECTOR ALAPPUZHA_IDA),2024Q3,13,6.176091259055681,0.6923076923076923,0.15384615384615385,484.5,0.07692307692307693,0.0,17441419.0
ALAPPUZHA(DISTRICT COLLECTOR ALAPPUZHA_IDA),2024Q4,14,6.161966616364075,0.7142857142857143,0.14285714285714285,525.0,0.0,0.0,18257169.0
ALAPPUZHA(DISTRICT COLLECTOR ALAPPUZHA_IDA),2025Q1,16,5.8608660271546436,0.8125,0.1875,231.0,0.0,0.0,13701844.0
ALAPPUZHA(DISTRICT COLLECTOR ALAPPUZHA_IDA),2025Q2,37,5.640092683755282,0.6486486486486487,0.24324324324324326,229.0,0.02702702702702703,0.0,23550651.0
ALAPPUZHA(DISTRICT COLLECTOR ALAPPUZHA_IDA),2025Q3,11,6.079181246047625,0.9090909090909091,0.0,345.0,0.0,0.0,14840000.0
ALAPPUZHA(DISTRICT COLLECTOR ALAPPUZHA_IDA),2025Q4,37,5.648360010980932,0.08108108108108109,0.13513513513513514,140.0,0.0,0.0,34254464.0
ALAPPUZHA(DISTRICT COLLECTOR ALAPPUZHA_IDA),2026Q1,36,5.9916158794231995,0.7222222222222222,0.05555555555555555,28.5,0.0,0.0,39097202.0
ALIGARH(DISTRICT MAGISTRATE ALIGARH_IDA),2023Q3,46,5.863751885768638,0.0,1.0,143.0,0.0,0.0,48806391.0
ALIGARH(DISTRICT MAGISTRATE ALIGARH_IDA),2023Q4,6,5.717104386586375,0.0,1.0,161.0,0.0,0.0,3455258.0
ALIGARH(DISTRICT MAGISTRATE ALIGARH_IDA),2024Q1,34,5.894052026672218,0.0,1.0,154.5,0.0,0.0,28610406.0
ALIGARH(DISTRICT MAGISTRATE ALIGARH_IDA),2024Q4,11,6.171868855498169,0.0,1.0,337.0,0.0,0.0,15749966.0
ALIGARH(DISTRICT MAGISTRATE ALIGARH_IDA),2025Q1,31,5.943206539597635,0.03225806451612903,0.8064516129032258,281.0,0.0,0.0,35937216.0
ALIGARH(DISTRICT MAGISTRATE ALIGARH_IDA),2025Q2,1,5.921444555500725,0.0,1.0,152.0,0.0,0.0,834535.0
ALIGARH(DISTRICT MAGISTRATE ALIGARH_IDA),2025Q3,46,6.154262338015368,0.043478260869565216,0.34782608695652173,143.5,0.0,0.0,64516742.0
ALIGARH(DISTRICT MAGISTRATE ALIGARH_IDA),2025Q4,11,5.975891136401793,0.0,0.0,345.0,0.0,0.0,13856000.0
ALIGARH(DISTRICT MAGISTRATE ALIGARH_IDA),2026Q1,15,6.1112625136590655,0.0,0.0,345.0,0.0,0.0,17227000.0
ALIRAJPUR(District Collector Alirajpur_IDA),2019Q4,1,5.176091259055681,1.0,0.0,345.0,0.0,0.0,150000.0
ALIRAJPUR(District Collector Alirajpur_IDA),2020Q1,2,5.231724383328516,0.5,0.0,345.0,0.0,0.0,341000.0
ALIRAJPUR(District Collector Alirajpur_IDA),2021Q2,4,5.3979400086720375,1.0,0.0,345.0,0.0,0.0,1000000.0
ALIRAJPUR(District Collector Alirajpur_IDA),2023Q4,2,6.0,1.0,0.0,345.0,0.0,0.0,2000000.0
ALIRAJPUR(District Collector Alirajpur_IDA),2024Q1,11,5.477121254719663,0.7272727272727273,0.18181818181818182,708.0,0.36363636363636365,0.0,3556758.0
ALIRAJPUR(District Collector Alirajpur_IDA),2024Q4,5,5.823834035868611,0.0,0.0,345.0,1.0,0.0,3260440.0
ALIRAJPUR(District Collector Alirajpur_IDA),2025Q1,9,5.8728313817150575,0.0,0.0,345.0,0.0,0.0,6667619.0
ALIRAJPUR(District Collector Alirajpur_IDA),2025Q2,26,5.20197579793292,0.0,0.38461538461538464,353.0,0.07692307692307693,0.0,4139512.0
ALIRAJPUR(District Collector Alirajpur_IDA),2025Q3,2,5.814835360437344,0.0,0.0,345.0,0.0,0.0,1305766.0
ALIRAJPUR(District Collector Alirajpur_IDA),2025Q4,3,5.923232616954834,0.0,0.0,345.0,0.0,0.0,2415729.0
ALIRAJPUR(District Collector Alirajpur_IDA),2026Q1,17,5.20197579793292,0.0,0.0,345.0,0.0,0.0,5010339.0
ALMORA(DISTRICT MAGISTRATE ALMORA_IDA),2023Q2,2,5.118142325782225,0.0,1.0,518.0,0.0,0.0,262526.0
ALMORA(DISTRICT MAGISTRATE ALMORA_IDA),2023Q3,40,5.299317675674258,0.4,0.825,214.0,0.0,0.0,9599632.0
ALMORA(DISTRICT MAGISTRATE ALMORA_IDA),2023Q4,74,5.176091259055681,0.35135135135135137,0.8378378378378378,147.0,0.0,0.0,12702073.0
ALMORA(DISTRICT MAGISTRATE ALMORA_IDA),2024Q1,299,4.608526033577194,0.1806020066889632,0.6989966555183946,49.0,0.0,0.0,29178730.0
ALMORA(DISTRICT MAGISTRATE ALMORA_IDA),2025Q1,5,5.698970004336019,0.6,0.6,389.0,0.0,0.0,3463615.0
ALMORA(DISTRICT MAGISTRATE ALMORA_IDA),2025Q3,1,6.113943352306837,1.0,0.0,345.0,0.0,0.0,1300000.0
ALMORA(DISTRICT MAGISTRATE ALMORA_IDA),2025Q4,9,5.301029995663981,1.0,0.0,345.0,0.0,0.0,2100000.0
ALMORA(DISTRICT MAGISTRATE ALMORA_IDA),2026Q1,26,5.096910013008056,0.9615384615384616,0.0,345.0,0.0,0.0,5115505.0
ALWAR(DISTRICT COLLECTOR ALWAR_IDA),2023Q3,155,5.691277808997614,0.13548387096774195,0.864516129032258,780.0,0.0,0.0,75466328.04
ALWAR(DISTRICT COLLECTOR ALWAR_IDA),2023Q4,14,5.698313724051937,0.07142857142857142,0.9285714285714286,680.0,0.0,0.0,8814289.0
ALWAR(DISTRICT COLLECTOR ALWAR_IDA),2024Q1,11,5.775407997027582,0.09090909090909091,0.9090909090909091,555.5,0.0,0.0,8085465.0
ALWAR(DISTRICT COLLECTOR ALWAR_IDA),2024Q3,48,5.6976529656404,0.14583333333333334,0.8333333333333334,418.0,0.0,0.0,27910186.1
ALWAR(DISTRICT COLLECTOR ALWAR_IDA),2024Q4,21,5.9933480399232595,0.2857142857142857,0.7142857142857143,378.0,0.0,0.0,16780552.0
ALWAR(DISTRICT COLLECTOR ALWAR_IDA),2025Q1,10,6.07852714051439,0.4,0.5,289.0,0.0,0.0,16735391.0
ALWAR(DISTRICT COLLECTOR ALWAR_IDA),2025Q2,12,6.0,0.75,0.16666666666666666,227.0,0.0,0.0,16875368.0
ALWAR(DISTRICT COLLECTOR ALWAR_IDA),2025Q3,11,6.0,0.7272727272727273,0.18181818181818182,178.0,0.0,0.0,9296502.0
ALWAR(DISTRICT COLLECTOR ALWAR_IDA),2025Q4,8,5.903089986991944,0.875,0.125,115.0,0.0,0.0,5594676.0
ALWAR(DISTRICT COLLECTOR ALWAR_IDA),2026Q1,19,5.698970004336019,0.8947368421052632,0.0,345.0,0.0,0.0,16498000.0
AMBALA(DEPUTY COMMISSIONER AMBALA_IDA),2025Q2,23,6.041392685158225,0.9130434782608695,0.0,345.0,0.17391304347826086,0.0,18974000.0
AMBALA(DEPUTY COMMISSIONER AMBALA_IDA),2025Q3,21,5.6020599913279625,0.8571428571428571,0.09523809523809523,147.0,0.2857142857142857,0.0,11034900.0
AMBALA(DEPUTY COMMISSIONER AMBALA_IDA),2025Q4,10,6.125806458139527,0.3,0.0,345.0,1.0,0.0,12502000.0
AMBALA(DEPUTY COMMISSIONER AMBALA_IDA),2026Q1,10,5.977723605288848,0.9,0.0,345.0,0.4,0.0,8443000.0
AMBEDKAR NAGAR(DISTRICT MAGISTRATE AMBEDKAR NAGAR_IDA),2023Q3,62,5.916823336537188,0.016129032258064516,0.9838709677419355,787.0,0.0,0.0,52786768.0
AMBEDKAR NAGAR(DISTRICT MAGISTRATE AMBEDKAR NAGAR_IDA),2023Q4,7,5.828258278455885,0.0,0.7142857142857143,778.0,0.0,0.0,6467290.0
AMBEDKAR NAGAR(DISTRICT MAGISTRATE AMBEDKAR NAGAR_IDA),2024Q1,3,5.398877073087318,0.0,1.0,647.0,0.0,0.0,906114.0
AMBEDKAR NAGAR(DISTRICT MAGISTRATE AMBEDKAR NAGAR_IDA),2024Q3,29,5.927523827706248,0.06896551724137931,0.896551724137931,467.0,0.0,0.0,23521533.0
AMBEDKAR NAGAR(DISTRICT MAGISTRATE AMBEDKAR NAGAR_IDA),2024Q4,11,5.954724790979063,0.2727272727272727,0.6363636363636364,427.0,0.0,0.0,8844247.0
AMBEDKAR NAGAR(DISTRICT MAGISTRATE AMBEDKAR NAGAR_IDA),2025Q1,85,4.320146286111054,0.0,0.011764705882352941,341.0,0.0,0.0,6365967.0
AMBEDKAR NAGAR(DISTRICT MAGISTRATE AMBEDKAR NAGAR_IDA),2025Q2,42,5.930694387664535,0.19047619047619047,0.047619047619047616,310.5,0.0,0.0,34287000.0
AMBEDKAR NAGAR(DISTRICT MAGISTRATE AMBEDKAR NAGAR_IDA),2025Q3,9,5.698970004336019,0.4444444444444444,0.0,345.0,0.0,0.0,3684900.0
AMBEDKAR NAGAR(DISTRICT MAGISTRATE AMBEDKAR NAGAR_IDA),2025Q4,2,6.208306962353663,0.0,0.0,345.0,0.0,0.0,3231000.0
AMRAVATI(DISTRICT COLLECTOR AMRAVATI_IDA),2023Q1,19,6.0,0.8421052631578947,0.0,345.0,0.0,0.0,20540000.0
AMRAVATI(DISTRICT COLLECTOR AMRAVATI_IDA),2023Q3,45,5.999565488225982,0.7111111111111111,0.0,345.0,0.0,0.0,35661000.0
AMRAVATI(DISTRICT COLLECTOR AMRAVATI_IDA),2023Q4,12,5.920384242178358,0.6666666666666666,0.0,345.0,0.0,0.0,9435000.0
AMRAVATI(DISTRICT COLLECTOR AMRAVATI_IDA),2024Q1,21,5.999079188803683,0.6190476190476191,0.047619047619047616,521.0,0.0,0.0,19594882.0
AMRAVATI(DISTRICT COLLECTOR AMRAVATI_IDA),2024Q3,45,6.0,0.8222222222222222,0.0,345.0,0.044444444444444446,0.0,49810803.0
AMRAVATI(DISTRICT COLLECTOR AMRAVATI_IDA),2024Q4,5,5.845098040014257,0.6,0.0,345.0,0.0,0.0,4460000.0
AMRAVATI(DISTRICT COLLECTOR AMRAVATI_IDA),2025Q1,38,6.0,0.9210526315789473,0.0,345.0,0.0,0.0,42591000.0
AMRAVATI(DISTRICT COLLECTOR AMRAVATI_IDA),2025Q2,69,6.0,0.782608695652174,0.0,345.0,0.0,0.0,65946300.0
AMRAVATI(DISTRICT COLLECTOR AMRAVATI_IDA),2025Q3,58,6.0,0.8275862068965517,0.0,345.0,0.0,0.0,51135000.0
AMRAVATI(DISTRICT COLLECTOR AMRAVATI_IDA),2025Q4,46,6.0,0.9130434782608695,0.0,345.0,0.043478260869565216,0.0,36558000.0
AMRAVATI(DISTRICT COLLECTOR AMRAVATI_IDA),2026Q1,26,5.910090545594068,0.8461538461538461,0.0,345.0,0.0,0.0,19235000.0
AMRELI(DISTRICT COLLECTOR AMRELI_IDA),2023Q3,1,5.477121254719663,1.0,1.0,345.0,0.0,1.0,300000.0
AMRELI(DISTRICT COLLECTOR AMRELI_IDA),2023Q4,58,5.2405492482825995,0.3103448275862069,0.6551724137931034,634.0,0.4482758620689655,0.05172413793103448,9663236.0
AMRELI(DISTRICT COLLECTOR AMRELI_IDA),2024Q1,131,5.3979400086720375,0.6946564885496184,0.9007633587786259,547.0,0.0,0.015267175572519083,39213488.0
AMRELI(DISTRICT COLLECTOR AMRELI_IDA),2024Q3,2,5.597164056913742,0.5,0.5,128.0,0.0,0.0,791032.0
AMRELI(DISTRICT COLLECTOR AMRELI_IDA),2024Q4,76,5.477121254719663,0.8947368421052632,0.6447368421052632,275.0,0.0,0.0,24975112.0
AMRELI(DISTRICT COLLECTOR AMRELI_IDA),2025Q1,46,5.477121254719663,0.8043478260869565,0.7391304347826086,260.0,0.0,0.0,19341401.0
AMRELI(DISTRICT COLLECTOR AMRELI_IDA),2025Q2,21,5.544068044350276,0.7142857142857143,0.5714285714285714,241.5,0.0,0.0,8311279.0
AMRELI(DISTRICT COLLECTOR AMRELI_IDA),2025Q3,78,5.477121254719663,0.9358974358974359,0.5256410256410257,169.0,0.0,0.0,29201761.0
AMRELI(DISTRICT COLLECTOR AMRELI_IDA),2025Q4,36,5.574031267727719,0.9722222222222222,0.2222222222222222,112.0,0.0,0.0,30064595.0
AMRELI(DISTRICT COLLECTOR AMRELI_IDA),2026Q1,31,5.477121254719663,0.9032258064516129,0.03225806451612903,76.0,0.0,0.0,16606000.0
AMRITSAR(DEPUTY COMMISSIONER AMRITSAR_IDA),2023Q3,42,5.431926373911644,0.5714285714285714,0.8095238095238095,902.0,0.07142857142857142,0.0,12783564.2
AMRITSAR(DEPUTY COMMISSIONER AMRITSAR_IDA),2023Q4,66,5.564964760847616,0.6666666666666666,0.803030303030303,792.0,0.19696969696969696,0.0,27451769.6
AMRITSAR(DEPUTY COMMISSIONER AMRITSAR_IDA),2024Q1,63,5.6020599913279625,0.5873015873015873,0.8253968253968254,711.0,0.36507936507936506,0.0,39787823.0
AMRITSAR(DEPUTY COMMISSIONER AMRITSAR_IDA),2024Q3,9,5.477121254719663,0.7777777777777778,0.3333333333333333,537.0,0.0,0.0,6290900.0
AMRITSAR(DEPUTY COMMISSIONER AMRITSAR_IDA),2024Q4,10,5.590284403718162,0.3,0.8,444.0,0.0,0.0,17021755.0
AMRITSAR(DEPUTY COMMISSIONER AMRITSAR_IDA),2025Q1,37,5.698970004336019,0.8108108108108109,0.7297297297297297,333.0,0.24324324324324326,0.0,16577872.0
AMRITSAR(DEPUTY COMMISSIONER AMRITSAR_IDA),2025Q2,40,5.682125212138676,0.725,0.65,260.0,0.325,0.0,17912096.0
AMRITSAR(DEPUTY COMMISSIONER AMRITSAR_IDA),2025Q3,71,5.331427296520743,0.5492957746478874,0.2676056338028169,181.0,0.5492957746478874,0.0,36375795.0
AMRITSAR(DEPUTY COMMISSIONER AMRITSAR_IDA),2025Q4,1,5.0,1.0,0.0,345.0,0.0,0.0,100000.0
AMRITSAR(DEPUTY COMMISSIONER AMRITSAR_IDA),2026Q1,67,5.690196080028514,0.8208955223880597,0.014925373134328358,129.0,0.40298507462686567,0.0,30471727.0
AMROHA(DISTRICT MAGISTRATE JYOTIBAPHULE NAGAR_IDA),2023Q3,84,5.223485557228413,0.0,1.0,106.0,0.5952380952380952,0.0,18464829.0
AMROHA(DISTRICT MAGISTRATE JYOTIBAPHULE NAGAR_IDA),2023Q4,110,5.223376513029724,0.0,1.0,165.0,0.35454545454545455,0.0,19679660.0
AMROHA(DISTRICT MAGISTRATE JYOTIBAPHULE NAGAR_IDA),2024Q1,72,5.223392092448771,0.0,0.9722222222222222,160.0,0.0,0.0,17287601.0
AMROHA(DISTRICT MAGISTRATE JYOTIBAPHULE NAGAR_IDA),2024Q4,11,6.090916580293686,0.0,1.0,122.0,0.0,0.0,13365769.0
AMROHA(DISTRICT MAGISTRATE JYOTIBAPHULE NAGAR_IDA),2025Q1,19,6.146649186452851,0.05263157894736842,0.8947368421052632,245.0,0.0,0.0,48059205.0
AMROHA(DISTRICT MAGISTRATE JYOTIBAPHULE NAGAR_IDA),2025Q2,5,6.090222771686575,0.0,0.4,224.0,0.0,0.0,4760551.0
AMROHA(DISTRICT MAGISTRATE JYOTIBAPHULE NAGAR_IDA),2025Q3,8,6.1218715839449755,0.0,0.0,345.0,0.0,0.0,10051100.0
AMROHA(DISTRICT MAGISTRATE JYOTIBAPHULE NAGAR_IDA),2025Q4,13,6.065766387622749,0.0,0.0,345.0,0.0,0.0,16392100.0
AMROHA(DISTRICT MAGISTRATE JYOTIBAPHULE NAGAR_IDA),2026Q1,6,6.093946723890583,0.0,0.0,345.0,0.0,0.0,7853000.0
ANAND(District Collector ANAND_IDA),2023Q3,90,5.176091259055681,0.6,0.9222222222222223,671.0,0.022222222222222223,0.15555555555555556,14938885.0
ANAND(District Collector ANAND_IDA),2023Q4,62,5.249364703134072,0.41935483870967744,0.9193548387096774,618.0,0.0,0.1774193548387097,12916898.0
ANAND(District Collector ANAND_IDA),2024Q1,254,5.275720113156674,0.41732283464566927,0.8661417322834646,519.0,0.007874015748031496,0.003937007874015748,49289717.0
ANAND(District Collector ANAND_IDA),2024Q4,45,5.239074138235893,0.3111111111111111,0.8,202.0,0.0,0.0,10494144.0
ANAND(District Collector ANAND_IDA),2025Q1,20,5.458476185863634,0.25,0.65,275.0,0.0,0.0,5295536.0
ANAND(District Collector ANAND_IDA),2025Q2,184,5.301029995663981,0.4782608695652174,0.32608695652173914,203.0,0.0,0.0,40830816.0
ANAND(District Collector ANAND_IDA),2025Q3,73,5.0,0.8356164383561644,0.0958904109589041,207.0,0.0,0.0,14173112.0
ANAND(District Collector ANAND_IDA),2025Q4,61,5.243038048686294,0.5901639344262295,0.29508196721311475,100.0,0.0,0.0,12028019.0
ANAND(District Collector ANAND_IDA),2026Q1,58,5.267171728403014,0.7931034482758621,0.0,345.0,0.0,0.0,13292208.0
ANANTNAG(DEPUTY COMMISSIONER ANANTNAG_IDA),2023Q4,115,4.221674997070769,0.017391304347826087,0.4434782608695652,875.0,0.6173913043478261,0.0,21455997.0
ANANTNAG(DEPUTY COMMISSIONER ANANTNAG_IDA),2024Q1,60,4.221674997070769,0.0,0.8333333333333334,797.0,0.9,0.0,1962715.0
ANANTNAG(DEPUTY COMMISSIONER ANANTNAG_IDA),2025Q1,5,5.778151250383644,0.8,0.0,345.0,0.0,0.0,17078000.0
ANANTNAG(DEPUTY COMMISSIONER ANANTNAG_IDA),2025Q2,3,5.84323277809801,0.0,0.0,345.0,0.0,0.0,2337000.0
ANANTNAG(DEPUTY COMMISSIONER ANANTNAG_IDA),2025Q3,2,5.811658773733116,0.5,0.0,345.0,0.0,0.0,1296250.0
ANANTNAG(DEPUTY COMMISSIONER ANANTNAG_IDA),2025Q4,9,5.494523309370472,0.2222222222222222,0.3333333333333333,169.0,0.0,0.0,3160736.0
ANANTNAG(DEPUTY COMMISSIONER ANANTNAG_IDA),2026Q1,7,5.976808337338066,0.2857142857142857,0.0,345.0,0.0,0.0,7446967.0
ANJAW(Deputy Commisioner Anjaw_IDA),2023Q4,5,6.0,1.0,0.6,79.0,0.0,0.0,4800000.0
ANJAW(Deputy Commisioner Anjaw_IDA),2024Q3,2,6.301029995663981,1.0,0.0,345.0,0.0,0.0,4000000.0
ANUGUL(DISTRICT COLLECTORANGUL_IDA),2023Q4,25,5.6020599913279625,1.0,0.0,345.0,0.0,0.0,9400000.0
ANUGUL(DISTRICT COLLECTORANGUL_IDA),2024Q1,23,5.477121254719663,0.9565217391304348,0.08695652173913043,761.0,0.0,0.0,7090000.0
ANUGUL(DISTRICT COLLECTORANGUL_IDA),2025Q1,1,6.0,1.0,0.0,345.0,0.0,0.0,1000000.0
ANUGUL(DISTRICT COLLECTORANGUL_IDA),2025Q4,18,6.0,1.0,0.0,345.0,0.0,0.0,18400000.0
ANUGUL(DISTRICT COLLECTORANGUL_IDA),2026Q1,36,5.903089986991944,0.9722222222222222,0.0,345.0,0.0,0.0,30620000.0
ANUPPUR(DISTRICT COLLECTOR ANUPPUR_IDA),2023Q3,71,5.396823305981781,0.0,1.0,148.0,0.971830985915493,0.0,19762591.0
ANUPPUR(DISTRICT COLLECTOR ANUPPUR_IDA),2023Q4,26,5.617520343845738,0.038461538461538464,1.0,82.0,0.8461538461538461,0.0,11361400.0
ANUPPUR(DISTRICT COLLECTOR ANUPPUR_IDA),2024Q1,58,5.311870363459812,0.017241379310344827,1.0,174.0,0.6551724137931034,0.017241379310344827,13168807.0
ANUPPUR(DISTRICT COLLECTOR ANUPPUR_IDA),2024Q3,4,6.096082328108205,0.0,1.0,135.5,0.0,0.0,4994040.0
ANUPPUR(DISTRICT COLLECTOR ANUPPUR_IDA),2024Q4,3,6.0,0.3333333333333333,0.6666666666666666,330.5,0.0,0.0,2977700.0
ANUPPUR(DISTRICT COLLECTOR ANUPPUR_IDA),2025Q1,26,5.564623461068933,0.15384615384615385,0.9615384615384616,275.0,0.7307692307692307,0.0,11618165.0
ANUPPUR(DISTRICT COLLECTOR ANUPPUR_IDA),2025Q2,4,6.0,1.0,0.0,345.0,0.0,0.0,4500000.0
ANUPPUR(DISTRICT COLLECTOR ANUPPUR_IDA),2025Q3,4,6.0,1.0,0.0,345.0,0.0,0.0,4500000.0
ANUPPUR(DISTRICT COLLECTOR ANUPPUR_IDA),2025Q4,2,6.096910013008056,1.0,0.0,345.0,0.0,0.0,2500000.0
ANUPPUR(DISTRICT COLLECTOR ANUPPUR_IDA),2026Q1,2,6.301029995663981,1.0,0.0,345.0,0.0,0.0,4000000.0
ARARIA(DISTRICT PLANNING OFFICER ARARIA_IDA),2023Q3,7,6.692863127937166,0.0,1.0,6.0,0.0,0.5714285714285714,34511288.0
ARARIA(DISTRICT PLANNING OFFICER ARARIA_IDA),2023Q4,14,6.168125640197003,0.0,0.9285714285714286,476.5,0.0,0.21428571428571427,63056329.0
ARARIA(DISTRICT PLANNING OFFICER ARARIA_IDA),2024Q3,1,5.6514011112813884,0.0,1.0,345.0,0.0,1.0,448127.0
ARARIA(DISTRICT PLANNING OFFICER ARARIA_IDA),2024Q4,20,6.393575203269587,0.0,0.95,223.0,0.0,0.0,47555000.0
ARARIA(DISTRICT PLANNING OFFICER ARARIA_IDA),2025Q2,14,6.393575203269587,0.0,1.0,114.0,0.0,0.0,34650000.0
ARARIA(DISTRICT PLANNING OFFICER ARARIA_IDA),2025Q3,5,6.393575203269587,0.0,1.0,106.0,0.0,0.0,12375000.0
ARVALLI(DISTRICT COLLECTOR ARVALLI_IDA),2023Q3,33,5.176091259055681,0.9393939393939394,0.18181818181818182,96.0,0.0,0.15151515151515152,5850000.0
ARVALLI(DISTRICT COLLECTOR ARVALLI_IDA),2023Q4,26,5.477121254719663,0.6538461538461539,0.15384615384615385,797.0,0.0,0.0,9677975.0
ARVALLI(DISTRICT COLLECTOR ARVALLI_IDA),2024Q1,50,5.301029995663981,0.56,0.14,772.0,0.0,0.0,15066591.0
ARVALLI(DISTRICT COLLECTOR ARVALLI_IDA),2024Q3,14,5.676693609624866,0.9285714285714286,0.0,345.0,0.0,0.0,6289290.0
ARVALLI(DISTRICT COLLECTOR ARVALLI_IDA),2024Q4,16,5.6020599913279625,1.0,0.0,345.0,0.0,0.0,8700000.0
ARVALLI(DISTRICT COLLECTOR ARVALLI_IDA),2025Q1,51,5.477121254719663,0.9019607843137255,0.0,345.0,0.21568627450980393,0.0,14850000.0
ARVALLI(DISTRICT COLLECTOR ARVALLI_IDA),2025Q2,17,5.69810054562339,0.8823529411764706,0.058823529411764705,277.0,0.0,0.0,9548000.0
ARVALLI(DISTRICT COLLECTOR ARVALLI_IDA),2025Q3,15,5.6020599913279625,1.0,0.0,345.0,0.0,0.0,5800000.0
ARVALLI(DISTRICT COLLECTOR ARVALLI_IDA),2025Q4,18,5.698970004336019,1.0,0.0,345.0,0.0,0.0,9100000.0
ARVALLI(DISTRICT COLLECTOR ARVALLI_IDA),2026Q1,16,5.3979400086720375,1.0,0.0,345.0,0.0,0.0,4300000.0
ARWAL(District Planning Officer Arwal_IDA),2023Q3,8,5.937016107464814,0.0,1.0,73.0,0.875,0.0,7785000.0
ARWAL(District Planning Officer Arwal_IDA),2023Q4,77,5.464021318221503,0.0,1.0,207.0,0.8571428571428571,0.0,31367729.0
ARWAL(District Planning Officer Arwal_IDA),2024Q1,31,5.474500357122963,0.0,1.0,208.0,0.06451612903225806,0.0,11875945.0
ARWAL(District Planning Officer Arwal_IDA),2024Q3,2,5.712174326754983,0.0,1.0,429.0,0.0,0.0,1030871.0
ARWAL(District Planning Officer Arwal_IDA),2025Q3,155,4.8750612633917,0.07741935483870968,0.7612903225806451,174.0,0.6064516129032258,0.0,33145875.0
ARWAL(District Planning Officer Arwal_IDA),2026Q1,2,5.728378134300063,0.0,0.5,122.0,0.0,0.0,1070060.0
ASHOKNAGAR(DISTRICT COLLECTOR ASHOKNAGAR_IDA),2023Q3,8,5.296866936790386,0.0,0.0,345.0,1.0,0.0,1631761.0
ASHOKNAGAR(DISTRICT COLLECTOR ASHOKNAGAR_IDA),2024Q1,4,7.159645759141539,0.0,0.0,345.0,0.5,0.0,59491225.0
ASHOKNAGAR(DISTRICT COLLECTOR ASHOKNAGAR_IDA),2024Q4,9,6.0,1.0,0.0,345.0,0.7777777777777778,0.0,9000000.0
ASHOKNAGAR(DISTRICT COLLECTOR ASHOKNAGAR_IDA),2025Q1,4,6.231495841005649,0.75,0.0,345.0,0.5,0.0,7608206.0
ASHOKNAGAR(DISTRICT COLLECTOR ASHOKNAGAR_IDA),2025Q2,5,6.0,1.0,0.0,345.0,0.6,0.0,5000000.0
ASHOKNAGAR(DISTRICT COLLECTOR ASHOKNAGAR_IDA),2025Q3,4,6.0,1.0,0.0,345.0,0.25,0.0,5500000.0
ASHOKNAGAR(DISTRICT COLLECTOR ASHOKNAGAR_IDA),2026Q1,2,5.653212513775344,1.0,0.0,345.0,0.0,0.0,900000.0
AURAIYA(DISTRICT MAGISTRATE AURAIYA_IDA),2023Q4,145,5.755559306124818,0.020689655172413793,0.8137931034482758,797.5,0.5793103448275863,0.0,88698058.35
AURAIYA(DISTRICT MAGISTRATE AURAIYA_IDA),2024Q1,6,5.698970004336019,1.0,0.0,345.0,0.0,0.0,3000000.0
AURAIYA(DISTRICT MAGISTRATE AURAIYA_IDA),2024Q3,54,5.87501899000479,0.037037037037037035,0.9629629629629629,530.0,0.5370370370370371,0.0,42754612.0
AURAIYA(DISTRICT MAGISTRATE AURAIYA_IDA),2024Q4,79,5.431363764158987,0.012658227848101266,0.0379746835443038,427.0,0.02531645569620253,0.0,17557538.0
AURAIYA(DISTRICT MAGISTRATE AURAIYA_IDA),2025Q1,67,5.431363764158987,0.19402985074626866,0.014925373134328358,458.0,0.0,0.0,25495759.0
AURAIYA(DISTRICT MAGISTRATE AURAIYA_IDA),2025Q2,54,5.999999131410168,0.14814814814814814,0.8333333333333334,285.0,0.7037037037037037,0.0,62001788.0
AURAIYA(DISTRICT MAGISTRATE AURAIYA_IDA),2025Q3,36,5.431363764158987,0.19444444444444445,0.7777777777777778,190.0,0.0,0.0,13990000.0
AURAIYA(DISTRICT MAGISTRATE AURAIYA_IDA),2025Q4,3,5.342422680822207,0.6666666666666666,0.0,345.0,0.0,0.0,820000.0
AURAIYA(DISTRICT MAGISTRATE AURAIYA_IDA),2026Q1,10,5.519293653550134,0.3,0.0,345.0,0.0,0.0,2914183.0
AURANGABAD(DISTRICT PLANNING OFFICER AURANGABAD_IDA),2023Q3,56,5.909645606610476,0.0,1.0,691.0,0.875,0.2857142857142857,38100138.0
AURANGABAD(DISTRICT PLANNING OFFICER AURANGABAD_IDA),2023Q4,163,5.596936702037993,0.06134969325153374,0.8711656441717791,589.0,0.0,0.0,67412846.0
AURANGABAD(DISTRICT PLANNING OFFICER AURANGABAD_IDA),2024Q1,13,5.692093077202696,0.0,1.0,514.0,0.46153846153846156,0.0,6967938.0
AURANGABAD(DISTRICT PLANNING OFFICER AURANGABAD_IDA),2024Q4,45,5.47567118832443,0.1111111111111111,0.6,308.0,0.0,0.0,18066794.0
AURANGABAD(DISTRICT PLANNING OFFICER AURANGABAD_IDA),2025Q1,23,5.4753805931433615,0.0,0.9130434782608695,157.0,0.34782608695652173,0.0,10576380.0
AURANGABAD(DISTRICT PLANNING OFFICER AURANGABAD_IDA),2025Q2,70,4.8750612633917,0.12857142857142856,0.4714285714285714,211.0,0.0,0.0,23914348.0
AURANGABAD(DISTRICT PLANNING OFFICER AURANGABAD_IDA),2025Q3,71,5.477121254719663,0.352112676056338,0.29577464788732394,215.0,0.2112676056338028,0.0,26662405.0
AURANGABAD(DISTRICT PLANNING OFFICER AURANGABAD_IDA),2025Q4,4,5.628388930050312,0.5,0.0,345.0,0.0,0.0,1524400.0
AURANGABAD(DISTRICT PLANNING OFFICER AURANGABAD_IDA),2026Q1,29,5.6020599913279625,0.5172413793103449,0.0,345.0,0.0,0.0,9045020.0
AYODHYA(DISTRICT MAGISTRAE FAIZABAD_IDA),2023Q3,27,5.991249119278139,0.0,1.0,861.0,0.0,0.0,23941743.0
AYODHYA(DISTRICT MAGISTRAE FAIZABAD_IDA),2023Q4,23,5.942287896657015,0.0,1.0,771.0,0.0,0.0,18224771.0
AYODHYA(DISTRICT MAGISTRAE FAIZABAD_IDA),2024Q1,16,6.013430074570267,0.0,0.9375,735.0,0.0,0.0,21320844.0
AYODHYA(DISTRICT MAGISTRAE FAIZABAD_IDA),2024Q3,21,5.9945722862238595,0.0,1.0,477.0,0.0,0.0,22155245.0
AYODHYA(DISTRICT MAGISTRAE FAIZABAD_IDA),2024Q4,18,6.126488408420066,0.0,1.0,419.0,0.0,0.0,23037923.0
AYODHYA(DISTRICT MAGISTRAE FAIZABAD_IDA),2025Q1,1,5.997837484243461,0.0,1.0,502.0,0.0,0.0,995033.0
AYODHYA(DISTRICT MAGISTRAE FAIZABAD_IDA),2025Q2,69,5.389717022858612,0.0,0.9565217391304348,256.0,0.0,0.0,33399977.0
AYODHYA(DISTRICT MAGISTRAE FAIZABAD_IDA),2025Q3,9,6.209783014848515,0.1111111111111111,0.4444444444444444,237.5,0.0,0.0,13924092.0
AYODHYA(DISTRICT MAGISTRAE FAIZABAD_IDA),2025Q4,39,5.389166084364533,0.0,0.0,345.0,0.0,0.0,13555000.0
AYODHYA(DISTRICT MAGISTRAE FAIZABAD_IDA),2026Q1,20,5.385606273598312,0.0,0.0,345.0,0.0,0.0,10178008.0
AZAMGARH(DISTRICT MAGISTRATE AZAMGARH_IDA),2020Q1,2,5.393575203269587,0.0,0.0,345.0,0.0,0.0,495000.0
AZAMGARH(DISTRICT MAGISTRATE AZAMGARH_IDA),2021Q2,2,5.142232991794714,0.0,0.0,345.0,0.0,0.0,277500.0
AZAMGARH(DISTRICT MAGISTRATE AZAMGARH_IDA),2022Q2,2,5.153814864344529,0.0,0.0,345.0,0.0,0.0,285000.0
AZAMGARH(DISTRICT MAGISTRATE AZAMGARH_IDA),2022Q3,4,5.275311354541811,0.25,0.0,345.0,0.0,0.0,1056000.0
AZAMGARH(DISTRICT MAGISTRATE AZAMGARH_IDA),2022Q4,8,5.068649603895834,0.125,0.0,345.0,0.0,0.0,1230000.0
AZAMGARH(DISTRICT MAGISTRATE AZAMGARH_IDA),2023Q2,3,5.110589710299249,0.3333333333333333,0.0,345.0,0.0,0.0,382750.0
AZAMGARH(DISTRICT MAGISTRATE AZAMGARH_IDA),2023Q3,87,5.712649701627211,0.05747126436781609,0.0,345.0,0.0,0.0,44486000.0
AZAMGARH(DISTRICT MAGISTRATE AZAMGARH_IDA),2023Q4,38,5.518974311144337,0.02631578947368421,0.02631578947368421,776.0,0.0,0.0,23517410.0
AZAMGARH(DISTRICT MAGISTRATE AZAMGARH_IDA),2024Q1,70,5.371067862271736,0.014285714285714285,0.08571428571428572,712.5,0.0,0.0,33737867.0
AZAMGARH(DISTRICT MAGISTRATE AZAMGARH_IDA),2024Q3,3,6.0,1.0,0.0,345.0,0.0,0.0,2600000.0
AZAMGARH(DISTRICT MAGISTRATE AZAMGARH_IDA),2024Q4,104,5.454626896160683,0.07692307692307693,0.49038461538461536,519.0,0.0673076923076923,0.0,36917271.0
AZAMGARH(DISTRICT MAGISTRATE AZAMGARH_IDA),2025Q1,7,6.02530586526477,0.2857142857142857,0.2857142857142857,374.0,0.0,0.0,7676753.0
AZAMGARH(DISTRICT MAGISTRATE AZAMGARH_IDA),2025Q2,62,5.695481676490197,0.03225806451612903,0.25806451612903225,285.0,0.03225806451612903,0.0,48725500.0
AZAMGARH(DISTRICT MAGISTRATE AZAMGARH_IDA),2025Q3,60,5.434568904034199,0.05,0.0,345.0,0.0,0.0,37787389.0
AZAMGARH(DISTRICT MAGISTRATE AZAMGARH_IDA),2025Q4,11,5.945960703577569,0.09090909090909091,0.0,345.0,0.0,0.0,9638000.0
AZAMGARH(DISTRICT MAGISTRATE AZAMGARH_IDA),2026Q1,87,5.416640507338281,0.05747126436781609,0.0,345.0,0.022988505747126436,0.0,41949730.0
Agar-Malwa(District Collector Agar Malwa_IDA),2023Q3,2,5.698970004336019,1.0,0.5,854.0,0.0,0.0,1000000.0
Agar-Malwa(District Collector Agar Malwa_IDA),2023Q4,80,4.0,0.25,0.975,844.0,0.95,0.0,3700000.0
Agar-Malwa(District Collector Agar Malwa_IDA),2024Q1,9,5.698970004336019,1.0,0.2222222222222222,721.0,0.0,0.0,4300000.0
Agar-Malwa(District Collector Agar Malwa_IDA),2024Q4,1,5.698970004336019,1.0,0.0,345.0,0.0,0.0,500000.0
Agar-Malwa(District Collector Agar Malwa_IDA),2025Q2,4,6.021189299069938,1.0,0.25,295.0,0.0,0.0,4100000.0
Agar-Malwa(District Collector Agar Malwa_IDA),2025Q3,4,5.8750612633917,1.0,0.0,345.0,0.0,0.0,3500000.0
Agar-Malwa(District Collector Agar Malwa_IDA),2026Q1,6,5.698970004336019,0.8333333333333334,0.0,345.0,0.0,0.0,3807000.0
Alipurduar(DISTRICT MAGISTRATE ALIPURDUARS_IDA),2023Q4,15,5.872370743768321,0.0,0.3333333333333333,387.0,0.0,0.0,14310787.0
Alipurduar(DISTRICT MAGISTRATE ALIPURDUARS_IDA),2024Q1,52,5.845463744974893,0.0,0.34615384615384615,547.5,0.0,0.0,34362521.39
Alipurduar(DISTRICT MAGISTRATE ALIPURDUARS_IDA),2025Q1,36,5.725231903253721,0.0,0.0,345.0,0.0,0.0,20799073.2
Alipurduar(DISTRICT MAGISTRATE ALIPURDUARS_IDA),2025Q2,4,6.583877296518953,0.0,0.0,345.0,0.0,0.0,15158141.0
Alipurduar(DISTRICT MAGISTRATE ALIPURDUARS_IDA),2025Q4,5,6.211060975260986,0.0,0.0,345.0,0.0,0.0,12552180.0
Alipurduar(DISTRICT MAGISTRATE ALIPURDUARS_IDA),2026Q1,6,5.878293098783695,0.0,0.0,345.0,0.0,0.0,8643179.0
Alluri Sitharama Raju(DISTRICT COLLECTOR ALLURI SITHARAMARAJU_IDA),2023Q4,99,5.3747483460101035,0.26262626262626265,0.0,345.0,0.0,0.0,49524060.0
Alluri Sitharama Raju(DISTRICT COLLECTOR ALLURI SITHARAMARAJU_IDA),2024Q1,35,5.176091259055681,0.8857142857142857,0.08571428571428572,767.0,0.0,0.05714285714285714,9441278.0
Alluri Sitharama Raju(DISTRICT COLLECTOR ALLURI SITHARAMARAJU_IDA),2024Q4,17,6.144387374101937,0.29411764705882354,0.0,345.0,0.7058823529411765,0.0,30628400.0
Alluri Sitharama Raju(DISTRICT COLLECTOR ALLURI SITHARAMARAJU_IDA),2025Q2,8,5.8750612633917,1.0,0.0,345.0,0.0,0.0,10000000.0
Alluri Sitharama Raju(DISTRICT COLLECTOR ALLURI SITHARAMARAJU_IDA),2025Q3,2,6.397070549959409,0.5,0.0,345.0,0.0,0.0,4990000.0
Alluri Sitharama Raju(DISTRICT COLLECTOR ALLURI SITHARAMARAJU_IDA),2025Q4,37,5.698970004336019,0.918918918918919,0.0,345.0,0.0,0.0,25490000.0
Alluri Sitharama Raju(DISTRICT COLLECTOR ALLURI SITHARAMARAJU_IDA),2026Q1,5,5.698970004336019,1.0,0.0,345.0,0.0,0.0,6500000.0
Amethi(DISTRICT MAGISTRAE AMETHI_IDA),2023Q3,1,6.079181246047625,1.0,0.0,345.0,0.0,0.0,1200000.0
Amethi(DISTRICT MAGISTRAE AMETHI_IDA),2023Q4,36,6.057488090358562,0.027777777777777776,0.8055555555555556,160.0,0.0,0.0,42982308.0
Amethi(DISTRICT MAGISTRAE AMETHI_IDA),2024Q1,30,6.1059486859036864,0.2,0.8333333333333334,115.0,0.0,0.0,38368606.0
Amethi(DISTRICT MAGISTRAE AMETHI_IDA),2024Q4,6,6.035381302642875,0.0,0.0,345.0,0.0,0.0,5589516.0
Amethi(DISTRICT MAGISTRAE AMETHI_IDA),2025Q1,8,5.387008761588654,0.125,0.25,414.0,0.0,0.0,3268838.0
Amethi(DISTRICT MAGISTRAE AMETHI_IDA),2025Q2,11,6.488207657606118,0.09090909090909091,0.09090909090909091,358.0,0.0,0.0,38827560.0
Amethi(DISTRICT MAGISTRAE AMETHI_IDA),2025Q3,2,6.825361195952634,0.5,0.0,345.0,0.0,0.0,13378000.0
Amethi(DISTRICT MAGISTRAE AMETHI_IDA),2025Q4,6,6.139831877913565,0.16666666666666666,0.0,345.0,0.0,0.0,11442896.0
Anakapalli(DISTRICT COLLECTOR ANAKAPALLI_IDA),2023Q3,27,5.963197352092251,0.07407407407407407,0.7777777777777778,352.0,0.0,0.0,44838924.0
Anakapalli(DISTRICT COLLECTOR ANAKAPALLI_IDA),2023Q4,20,5.698057026961907,0.0,1.0,220.0,0.0,0.0,21495609.0
Anakapalli(DISTRICT COLLECTOR ANAKAPALLI_IDA),2024Q1,21,5.62357592243335,0.14285714285714285,0.8095238095238095,583.0,0.0,0.0,24621311.0
Anakapalli(DISTRICT COLLECTOR ANAKAPALLI_IDA),2024Q4,10,4.984657807104522,0.0,1.0,295.0,0.0,0.0,939804.0
Anakapalli(DISTRICT COLLECTOR ANAKAPALLI_IDA),2025Q1,2,5.690111871914645,0.0,1.0,208.0,0.0,0.0,979810.0
Anakapalli(DISTRICT COLLECTOR ANAKAPALLI_IDA),2025Q2,4,5.872982976708131,0.25,0.5,272.5,0.0,0.0,2973533.0
Anakapalli(DISTRICT COLLECTOR ANAKAPALLI_IDA),2025Q3,11,5.777913771149963,0.6363636363636364,0.45454545454545453,175.0,0.0,0.0,18096799.0
Anakapalli(DISTRICT COLLECTOR ANAKAPALLI_IDA),2025Q4,8,5.777974601373269,0.375,0.625,93.0,0.0,0.0,8499481.0
Anakapalli(DISTRICT COLLECTOR ANAKAPALLI_IDA),2026Q1,19,5.778151250383644,0.8947368421052632,0.05263157894736842,68.0,0.0,0.0,8709938.0
Ananthapuramu(DISTRICT COLLECTOR ANANTAPUR_IDA),2023Q2,7,5.626396832253894,0.2857142857142857,0.14285714285714285,985.0,0.0,0.0,3482210.0
Ananthapuramu(DISTRICT COLLECTOR ANANTAPUR_IDA),2023Q3,64,5.698970004336019,0.28125,0.953125,380.0,0.0,0.015625,60291312.0
Ananthapuramu(DISTRICT COLLECTOR ANANTAPUR_IDA),2023Q4,52,5.695533771191582,0.17307692307692307,0.9615384615384616,839.5,0.0,0.0,38826106.0
Ananthapuramu(DISTRICT COLLECTOR ANANTAPUR_IDA),2024Q1,74,5.466076870327877,0.08108108108108109,0.7972972972972973,611.0,0.0,0.013513513513513514,29735457.0
Ananthapuramu(DISTRICT COLLECTOR ANANTAPUR_IDA),2024Q4,15,5.698970004336019,0.6,0.4,312.0,0.0,0.0,11481406.0
Ananthapuramu(DISTRICT COLLECTOR ANANTAPUR_IDA),2025Q1,31,5.698970004336019,0.6774193548387096,0.4838709677419355,378.0,0.0,0.0,28990572.0
Ananthapuramu(DISTRICT COLLECTOR ANANTAPUR_IDA),2025Q2,1,6.176091259055681,1.0,0.0,345.0,0.0,0.0,1500000.0
Ananthapuramu(DISTRICT COLLECTOR ANANTAPUR_IDA),2025Q3,53,5.845098040014257,0.9622641509433962,0.05660377358490566,209.0,0.0,0.0,43195807.0
Ananthapuramu(DISTRICT COLLECTOR ANANTAPUR_IDA),2025Q4,1,6.176091259055681,1.0,0.0,345.0,0.0,0.0,1500000.0
Ananthapuramu(DISTRICT COLLECTOR ANANTAPUR_IDA),2026Q1,20,5.860338006570994,1.0,0.0,345.0,0.0,0.0,14250000.0
Annamayya(DISTRICT COLLECTOR ANNAMAYYA_IDA),2023Q4,11,5.3979400086720375,0.5454545454545454,0.36363636363636365,767.0,0.0,0.0,2322708.0
Annamayya(DISTRICT COLLECTOR ANNAMAYYA_IDA),2024Q1,245,5.3979400086720375,0.39591836734693875,0.4897959183673469,736.0,0.0,0.0,78259532.0
Annamayya(DISTRICT COLLECTOR ANNAMAYYA_IDA),2024Q3,12,5.538735181921803,0.0,1.0,569.0,0.0,0.0,7440312.0
Annamayya(DISTRICT COLLECTOR ANNAMAYYA_IDA),2024Q4,66,5.601944888038399,0.5151515151515151,0.25757575757575757,463.0,0.0,0.0,30803146.0
Annamayya(DISTRICT COLLECTOR ANNAMAYYA_IDA),2025Q1,16,5.6020599913279625,0.6875,0.1875,385.0,0.0,0.0,7041913.0
Annamayya(DISTRICT COLLECTOR ANNAMAYYA_IDA),2025Q2,94,5.672097857935717,0.6808510638297872,0.2127659574468085,271.0,0.0,0.0,47601735.0
Annamayya(DISTRICT COLLECTOR ANNAMAYYA_IDA),2025Q3,21,5.301029995663981,0.5238095238095238,0.3333333333333333,191.0,0.0,0.0,5624237.0
Annamayya(DISTRICT COLLECTOR ANNAMAYYA_IDA),2025Q4,33,5.3979400086720375,0.9393939393939394,0.06060606060606061,123.0,0.0,0.0,10930000.0
Annamayya(DISTRICT COLLECTOR ANNAMAYYA_IDA),2026Q1,62,5.6020599913279625,0.9032258064516129,0.0,345.0,0.0,0.0,26650000.0
Anoopgarh(DISTRICT COLLECTOR Anoopgarh_IDA),2024Q4,1,5.990782691803138,0.0,0.0,345.0,0.0,0.0,979000.0
Anoopgarh(DISTRICT COLLECTOR Anoopgarh_IDA),2025Q2,2,5.928034643585194,0.0,0.0,345.0,0.0,0.0,1694590.0
Ariyalur(District Collector Ariyalur_IDA),2023Q4,34,5.744377486259657,0.4117647058823529,0.3235294117647059,876.0,0.0,0.0,22727895.0
Ariyalur(District Collector Ariyalur_IDA),2024Q1,13,5.89585772748837,0.38461538461538464,0.6153846153846154,827.0,0.0,0.0,9580161.0
Ariyalur(District Collector Ariyalur_IDA),2025Q1,12,6.041392685158225,0.5833333333333334,0.25,467.0,0.0,0.0,19352362.0
Ariyalur(District Collector Ariyalur_IDA),2025Q2,16,5.795880017344075,0.0,0.0,345.0,0.0,0.0,10000000.0
Ariyalur(District Collector Ariyalur_IDA),2025Q4,9,6.144574207609616,0.5555555555555556,0.0,345.0,0.0,0.0,13581000.0
BAGALKOTE(DEPUTY COMMISSIONER BAGALKOT_IDA),2023Q3,2,5.697990870243511,0.0,1.0,694.0,0.0,0.0,997748.0
BAGALKOTE(DEPUTY COMMISSIONER BAGALKOT_IDA),2023Q4,47,5.698970004336019,0.6595744680851063,0.7659574468085106,644.0,0.0,0.0,25378327.0
BAGALKOTE(DEPUTY COMMISSIONER BAGALKOT_IDA),2024Q1,108,5.697477377901206,0.3611111111111111,0.7962962962962963,235.5,0.027777777777777776,0.0,46233412.0
BAGALKOTE(DEPUTY COMMISSIONER BAGALKOT_IDA),2024Q4,33,5.698970004336019,0.6666666666666666,0.3939393939393939,310.0,0.09090909090909091,0.0,15992308.0
BAGALKOTE(DEPUTY COMMISSIONER BAGALKOT_IDA),2025Q1,54,5.698970004336019,0.8703703703703703,0.24074074074074073,243.0,0.1111111111111111,0.0,27797903.0
BAGALKOTE(DEPUTY COMMISSIONER BAGALKOT_IDA),2025Q2,76,5.698970004336019,0.8421052631578947,0.11842105263157894,272.0,0.15789473684210525,0.0,41777784.0
BAGALKOTE(DEPUTY COMMISSIONER BAGALKOT_IDA),2025Q3,45,5.698970004336019,0.9777777777777777,0.0,345.0,0.0,0.0,26290000.0
BAGALKOTE(DEPUTY COMMISSIONER BAGALKOT_IDA),2025Q4,14,5.698970004336019,0.9285714285714286,0.0,345.0,0.0,0.0,6010000.0
BAGALKOTE(DEPUTY COMMISSIONER BAGALKOT_IDA),2026Q1,4,5.653212513775344,1.0,0.0,345.0,0.0,0.0,2150000.0
BAGESHWAR(DISTRICT MAGISTRATE BAGESHWAR_IDA),2023Q3,20,5.300839950252683,0.3,0.8,256.5,0.0,0.0,4240211.0
BAGESHWAR(DISTRICT MAGISTRATE BAGESHWAR_IDA),2023Q4,15,5.300791067987799,0.3333333333333333,0.8,216.0,0.0,0.0,3230545.0
BAGESHWAR(DISTRICT MAGISTRATE BAGESHWAR_IDA),2024Q1,106,4.9999218199568425,0.3018867924528302,0.9811320754716981,322.0,0.0,0.0,18657634.41
BAGESHWAR(DISTRICT MAGISTRATE BAGESHWAR_IDA),2024Q4,1,5.903089986991944,1.0,1.0,318.0,0.0,0.0,800000.0
BAGESHWAR(DISTRICT MAGISTRATE BAGESHWAR_IDA),2025Q2,1,5.698970004336019,1.0,0.0,345.0,0.0,0.0,500000.0
BAGESHWAR(DISTRICT MAGISTRATE BAGESHWAR_IDA),2025Q4,1,5.698970004336019,1.0,0.0,345.0,0.0,0.0,500000.0
BAGESHWAR(DISTRICT MAGISTRATE BAGESHWAR_IDA),2026Q1,39,5.0,0.8717948717948718,0.0,345.0,0.0,0.0,4930000.0
BAGHPAT(DISTRICT MAGISTRATE BAGHPAT_IDA),2023Q3,50,6.013258665283517,0.12,0.28,836.0,0.04,0.0,60171928.0
BAGHPAT(DISTRICT MAGISTRATE BAGHPAT_IDA),2023Q4,11,5.909662985154018,0.0,0.36363636363636365,203.0,0.0,0.0,16094269.0
BAGHPAT(DISTRICT MAGISTRATE BAGHPAT_IDA),2024Q1,17,5.899273187317604,0.0,0.058823529411764705,168.0,0.0,0.0,19854729.0
BAGHPAT(DISTRICT MAGISTRATE BAGHPAT_IDA),2025Q1,8,5.781537095803439,0.375,0.625,389.0,0.0,0.0,4876787.0
BAGHPAT(DISTRICT MAGISTRATE BAGHPAT_IDA),2025Q2,11,5.793371248918955,0.09090909090909091,0.36363636363636365,364.0,0.0,0.0,6335566.0
BAGHPAT(DISTRICT MAGISTRATE BAGHPAT_IDA),2025Q3,7,5.788386878044136,0.0,0.0,345.0,0.0,0.0,5520833.0
BAGHPAT(DISTRICT MAGISTRATE BAGHPAT_IDA),2025Q4,27,5.833656996892873,0.48148148148148145,0.0,345.0,0.0,0.0,33176200.0
BAGHPAT(DISTRICT MAGISTRATE BAGHPAT_IDA),2026Q1,17,5.891983230851967,0.29411764705882354,0.0,345.0,0.0,0.0,13046320.0
BAHRAICH(DISTRICT MAGISTRAE BAHRAICH_IDA),2023Q4,63,6.166249194141,0.0,0.746031746031746,739.0,0.0,0.0,99362027.0
BAHRAICH(DISTRICT MAGISTRAE BAHRAICH_IDA),2024Q1,10,6.158493665408352,0.0,1.0,661.5,0.0,0.0,15120094.0
BAHRAICH(DISTRICT MAGISTRAE BAHRAICH_IDA),2024Q4,39,6.05835654696789,0.0,0.9743589743589743,410.0,0.0,0.0,52377244.0
BAHRAICH(DISTRICT MAGISTRAE BAHRAICH_IDA),2025Q1,3,5.465977368285823,0.3333333333333333,0.6666666666666666,314.5,0.0,0.0,2587149.0
BAHRAICH(DISTRICT MAGISTRAE BAHRAICH_IDA),2025Q2,2,5.7640266076920375,0.0,0.0,345.0,0.0,0.0,1161600.0
BAHRAICH(DISTRICT MAGISTRAE BAHRAICH_IDA),2025Q3,33,5.987666264926275,0.0,0.0,345.0,0.0,0.0,38055000.0
BAHRAICH(DISTRICT MAGISTRAE BAHRAICH_IDA),2025Q4,14,6.072346233375361,0.14285714285714285,0.0,345.0,0.0,0.0,20046868.0
BAJALI(DC Office Bajali),2024Q1,5,5.477121254719663,1.0,0.0,345.0,0.0,0.0,1600000.0
BAJALI(DC Office Bajali),2024Q2,1,6.079181246047625,1.0,0.0,345.0,0.0,0.0,1200000.0
BAJALI(DC Office Bajali),2024Q4,1,6.0,1.0,0.0,345.0,0.0,0.0,1000000.0
BAJALI(DC Office Bajali),2025Q4,3,6.0,1.0,0.0,345.0,0.0,0.0,4800000.0
BAJALI(DC Office Bajali),2026Q1,2,5.903089986991944,1.0,0.0,345.0,0.0,0.0,1600000.0
BAKSA(DEPUTY COMMISSIONER BAKSA_IDA),2023Q3,10,6.0,1.0,0.0,345.0,0.0,0.0,10000000.0
BAKSA(DEPUTY COMMISSIONER BAKSA_IDA),2023Q4,10,6.0,1.0,0.0,345.0,0.0,0.0,10000000.0
BAKSA(DEPUTY COMMISSIONER BAKSA_IDA),2024Q1,15,6.079181246047625,0.9333333333333333,0.0,345.0,0.0,0.0,18630313.0
BAKSA(DEPUTY COMMISSIONER BAKSA_IDA),2024Q2,8,6.0,1.0,0.0,345.0,0.0,0.0,7200000.0
BAKSA(DEPUTY COMMISSIONER BAKSA_IDA),2025Q1,4,5.845098040014257,1.0,0.0,345.0,0.0,0.0,3300000.0
BAKSA(DEPUTY COMMISSIONER BAKSA_IDA),2025Q2,2,5.6020599913279625,1.0,0.0,345.0,0.0,0.0,800000.0
BAKSA(DEPUTY COMMISSIONER BAKSA_IDA),2025Q3,6,5.3979400086720375,1.0,0.0,345.0,0.0,0.0,1500000.0
BAKSA(DEPUTY COMMISSIONER BAKSA_IDA),2025Q4,3,6.176091259055681,1.0,0.0,345.0,0.0,0.0,4300000.0
BALAGHAT(DISTRICT COLLECTOR BALAGHAT_IDA),2023Q3,96,5.311868245513208,0.13541666666666666,1.0,794.0,0.9895833333333334,0.0,20418522.0
BALAGHAT(DISTRICT COLLECTOR BALAGHAT_IDA),2023Q4,1,6.0,1.0,1.0,721.0,0.0,0.0,1000000.0
BALAGHAT(DISTRICT COLLECTOR BALAGHAT_IDA),2024Q1,44,5.409656743003359,0.045454545454545456,0.9772727272727273,581.0,0.9090909090909091,0.0,11071076.0
BALAGHAT(DISTRICT COLLECTOR BALAGHAT_IDA),2025Q1,61,5.393640123248742,0.09836065573770492,0.9016393442622951,158.0,0.3114754098360656,0.0,38514494.0
BALAGHAT(DISTRICT COLLECTOR BALAGHAT_IDA),2025Q2,5,5.791005340566455,0.2,0.6,327.0,0.0,0.0,6717475.0
BALAGHAT(DISTRICT COLLECTOR BALAGHAT_IDA),2025Q3,3,5.9999986971145995,0.6666666666666666,0.3333333333333333,200.0,0.0,0.0,2499997.0
BALAGHAT(DISTRICT COLLECTOR BALAGHAT_IDA),2025Q4,4,5.778151250383644,1.0,0.0,345.0,0.0,0.0,2300000.0
BALAGHAT(DISTRICT COLLECTOR BALAGHAT_IDA),2026Q1,62,5.300169240160376,0.20967741935483872,0.0,345.0,0.03225806451612903,0.0,32780596.0
BALANGIR(DISTRICT COLLECTOR BOLANGIR_IDA),2023Q3,357,5.301029995663981,0.9915966386554622,0.36694677871148457,870.0,0.0056022408963585435,0.0,76673041.0
BALANGIR(DISTRICT COLLECTOR BOLANGIR_IDA),2023Q4,12,5.301029995663981,0.9166666666666666,0.3333333333333333,803.0,0.0,0.0,2998191.0
BALANGIR(DISTRICT COLLECTOR BOLANGIR_IDA),2024Q1,21,5.477121254719663,1.0,0.2857142857142857,683.0,0.0,0.0,6200000.0
BALANGIR(DISTRICT COLLECTOR BOLANGIR_IDA),2025Q2,6,5.698970004336019,1.0,0.0,345.0,0.0,0.0,3000000.0
BALANGIR(DISTRICT COLLECTOR BOLANGIR_IDA),2025Q4,42,5.477121254719663,1.0,0.0,345.0,0.0,0.0,13350000.0
BALANGIR(DISTRICT COLLECTOR BOLANGIR_IDA),2026Q1,82,5.477121254719663,1.0,0.0,345.0,0.0,0.0,28850000.0
BALESHWAR(DISTRICT COLLECTOR BALESHWAR_IDA),2023Q4,4,5.477121254719663,1.0,0.0,345.0,0.0,0.0,1400000.0
BALESHWAR(DISTRICT COLLECTOR BALESHWAR_IDA),2024Q1,494,5.096910013008056,0.4068825910931174,0.19635627530364372,710.0,0.008097165991902834,0.0,95450000.0
BALESHWAR(DISTRICT COLLECTOR BALESHWAR_IDA),2024Q3,1,6.698970004336019,1.0,0.0,345.0,0.0,0.0,5000000.0
BALESHWAR(DISTRICT COLLECTOR BALESHWAR_IDA),2025Q1,11,5.698970004336019,1.0,0.0,345.0,0.0,0.0,6000000.0
BALESHWAR(DISTRICT COLLECTOR BALESHWAR_IDA),2025Q2,54,5.301029995663981,0.9444444444444444,0.05555555555555555,259.0,0.0,0.0,16450000.0
BALESHWAR(DISTRICT COLLECTOR BALESHWAR_IDA),2025Q3,3,5.301029995663981,1.0,0.0,345.0,0.0,0.0,650000.0
BALESHWAR(DISTRICT COLLECTOR BALESHWAR_IDA),2025Q4,110,4.518513939877887,0.22727272727272727,0.0,345.0,0.0,0.0,15220000.0
BALESHWAR(DISTRICT COLLECTOR BALESHWAR_IDA),2026Q1,38,5.544068044350276,0.7894736842105263,0.0,345.0,0.10526315789473684,0.0,13791000.0
BALLARI(DEPUTY COMMISSIONER BELLARY_IDA),2023Q4,23,5.477121254719663,1.0,0.0,345.0,0.2608695652173913,0.0,6900000.0
BALLARI(DEPUTY COMMISSIONER BELLARY_IDA),2024Q1,6,6.511883360978874,1.0,0.0,345.0,0.0,0.0,48800000.0
BALLARI(DEPUTY COMMISSIONER BELLARY_IDA),2024Q4,20,5.977723605288848,0.55,0.0,345.0,0.55,0.0,38430000.0
BALLARI(DEPUTY COMMISSIONER BELLARY_IDA),2025Q1,1,6.079181246047625,1.0,0.0,345.0,0.0,0.0,1200000.0
BALLARI(DEPUTY COMMISSIONER BELLARY_IDA),2025Q2,25,5.845098040014257,1.0,0.0,345.0,0.0,0.0,26750000.0
BALLARI(DEPUTY COMMISSIONER BELLARY_IDA),2025Q3,7,6.0,1.0,0.0,345.0,0.0,0.0,11000000.0
BALLARI(DEPUTY COMMISSIONER BELLARY_IDA),2025Q4,16,5.7596678446896306,1.0,0.0,345.0,0.0,0.0,14400000.0
BALLARI(DEPUTY COMMISSIONER BELLARY_IDA),2026Q1,20,5.929418925714293,0.85,0.0,345.0,0.0,0.0,20269000.0
BALLIA(DISTRICT MAGISTRAE BALLIA_IDA),2023Q3,22,6.299873995206728,0.18181818181818182,0.7727272727272727,718.0,0.5,0.0,41111931.0
BALLIA(DISTRICT MAGISTRAE BALLIA_IDA),2023Q4,62,5.998022504879698,0.4838709677419355,0.5,769.0,0.0,0.0,62004181.0
BALLIA(DISTRICT MAGISTRAE BALLIA_IDA),2024Q1,75,5.975909040350704,0.36,0.5733333333333334,568.0,0.0,0.0,77633699.0
BALLIA(DISTRICT MAGISTRAE BALLIA_IDA),2024Q4,136,5.414361564266666,0.13970588235294118,0.27941176470588236,466.0,0.3014705882352941,0.0,54082955.0
BALLIA(DISTRICT MAGISTRAE BALLIA_IDA),2025Q1,2,5.7878499604440705,0.5,0.0,345.0,0.0,0.0,1227100.0
BALLIA(DISTRICT MAGISTRAE BALLIA_IDA),2025Q2,80,5.431363764158987,0.0375,0.0,345.0,0.0,0.0,28813000.0
BALLIA(DISTRICT MAGISTRAE BALLIA_IDA),2025Q3,33,5.845098040014257,0.6666666666666666,0.0,345.0,0.0,0.0,28484000.0
BALLIA(DISTRICT MAGISTRAE BALLIA_IDA),2025Q4,20,5.791690649020118,0.4,0.0,345.0,0.0,0.0,21744000.0
BALLIA(DISTRICT MAGISTRAE BALLIA_IDA),2026Q1,142,5.054995861529141,0.09154929577464789,0.0,345.0,0.0,0.0,39468000.0
BALOD(Collector Balod_IDA),2023Q3,40,5.698970004336019,0.7,1.0,654.0,0.775,0.0,19781048.0
BALOD(Collector Balod_IDA),2023Q4,28,5.477121254719663,0.6785714285714286,1.0,609.5,0.8214285714285714,0.0,16351539.0
BALOD(Collector Balod_IDA),2024Q1,3,5.936714758211203,0.0,1.0,524.0,0.6666666666666666,0.0,2592800.0
BALOD(Collector Balod_IDA),2024Q3,4,5.8750612633917,1.0,1.0,457.0,0.0,0.0,3000000.0
BALOD(Collector Balod_IDA),2024Q4,7,6.3948005523175615,0.14285714285714285,1.0,357.0,0.0,0.0,17409937.0
BALOD(Collector Balod_IDA),2025Q1,11,5.698970004336019,0.8181818181818182,0.5454545454545454,279.5,0.18181818181818182,0.0,6363300.0
BALOD(Collector Balod_IDA),2025Q4,1,5.959423021943105,0.0,1.0,222.0,0.0,0.0,910800.0
BALRAMPUR(DISTRICT MAGISTRATE BALRAMPUR_IDA),2023Q4,527,4.417255737865214,0.0,0.967741935483871,731.0,0.0,0.0,71881304.0
BALRAMPUR(DISTRICT MAGISTRATE BALRAMPUR_IDA),2024Q1,203,4.4170562991191105,0.019704433497536946,0.9064039408866995,612.0,0.0,0.0,31549641.0
BALRAMPUR(DISTRICT MAGISTRATE BALRAMPUR_IDA),2024Q4,13,5.914098169220352,0.0,1.0,414.0,0.0,0.0,11364132.0
BALRAMPUR(DISTRICT MAGISTRATE BALRAMPUR_IDA),2025Q4,5,5.86569605991607,0.0,0.0,345.0,0.0,0.0,3735000.0
BALRAMPUR(DISTRICT MAGISTRATE BALRAMPUR_IDA),2026Q1,693,4.417471693203293,0.001443001443001443,0.0,345.0,0.002886002886002886,0.0,40847900.0
BANAS KANTHA(DISTRICT COLLECTOR BANAS KANTHA_IDA),2023Q3,3,5.698970004336019,1.0,0.6666666666666666,585.5,0.0,0.0,1500000.0
BANAS KANTHA(DISTRICT COLLECTOR BANAS KANTHA_IDA),2023Q4,9,5.698970004336019,0.8888888888888888,0.8888888888888888,601.0,0.0,0.0,3893728.0
BANAS KANTHA(DISTRICT COLLECTOR BANAS KANTHA_IDA),2024Q1,220,5.6020599913279625,0.9045454545454545,0.8,525.0,0.00909090909090909,0.004545454545454545,96336218.0
BANAS KANTHA(DISTRICT COLLECTOR BANAS KANTHA_IDA),2024Q2,1,5.7558748556724915,0.0,0.0,345.0,0.0,0.0,570000.0
BANAS KANTHA(DISTRICT COLLECTOR BANAS KANTHA_IDA),2024Q3,21,5.698970004336019,0.8571428571428571,0.5714285714285714,356.0,0.0,0.0,10845764.0
BANAS KANTHA(DISTRICT COLLECTOR BANAS KANTHA_IDA),2024Q4,60,5.698970004336019,0.7166666666666667,0.8,238.5,0.0,0.0,31393301.0
BANAS KANTHA(DISTRICT COLLECTOR BANAS KANTHA_IDA),2025Q1,88,5.6020599913279625,0.9204545454545454,0.75,149.0,0.0,0.0,39494933.0
BANAS KANTHA(DISTRICT COLLECTOR BANAS KANTHA_IDA),2025Q2,21,5.698970004336019,0.9047619047619048,0.5238095238095238,298.0,0.0,0.0,11506656.0
BANAS KANTHA(DISTRICT COLLECTOR BANAS KANTHA_IDA),2025Q3,125,5.698970004336019,0.896,0.344,162.0,0.056,0.0,57867413.0
BANAS KANTHA(DISTRICT COLLECTOR BANAS KANTHA_IDA),2025Q4,22,5.698376787405495,0.45454545454545453,0.5454545454545454,106.5,0.0,0.0,9791280.0
BANAS KANTHA(DISTRICT COLLECTOR BANAS KANTHA_IDA),2026Q1,141,5.698970004336019,0.9929078014184397,0.014184397163120567,72.5,0.04964539007092199,0.0,81649180.0
BANDA(DISTRICT MAGISTRATE BANDA_IDA),2023Q4,56,5.694648626210431,0.125,0.75,795.0,0.0,0.0,26654990.54
BANDA(DISTRICT MAGISTRATE BANDA_IDA),2024Q1,65,5.6920154144576305,0.4153846153846154,0.5692307692307692,716.0,0.0,0.0,32122199.0
BANDA(DISTRICT MAGISTRATE BANDA_IDA),2024Q3,46,5.3658584372859774,0.0,0.9565217391304348,75.0,0.0,0.0,12214711.120000001
BANDA(DISTRICT MAGISTRATE BANDA_IDA),2024Q4,8,5.845098040014257,0.625,0.0,345.0,0.0,0.0,6497000.0
BANDA(DISTRICT MAGISTRATE BANDA_IDA),2025Q1,98,5.365858474693233,0.0,1.0,345.0,0.0,0.0,22643001.0
BANDA(DISTRICT MAGISTRATE BANDA_IDA),2025Q3,15,5.365270783345036,0.13333333333333333,0.7333333333333333,129.0,0.0,0.0,5003724.0
BANDA(DISTRICT MAGISTRATE BANDA_IDA),2025Q4,12,5.573451822035485,0.16666666666666666,0.4166666666666667,56.0,0.0,0.0,6826980.0
BANDA(DISTRICT MAGISTRATE BANDA_IDA),2026Q1,4,5.628388930050312,1.0,0.0,345.0,0.0,0.0,1650000.0
BANDIPORA(Deputy Commissioner Bandipora_IDA),2023Q4,123,5.394029439461427,0.056910569105691054,0.7723577235772358,345.0,0.0,0.0,39703292.0
BANDIPORA(Deputy Commissioner Bandipora_IDA),2024Q1,44,5.297760511099134,0.2727272727272727,0.4772727272727273,544.0,0.0,0.0,11943644.0
BANDIPORA(Deputy Commissioner Bandipora_IDA),2025Q2,3,5.3979400086720375,1.0,0.0,345.0,0.0,0.0,750000.0
BANDIPORA(Deputy Commissioner Bandipora_IDA),2025Q3,2,5.515091276596146,0.5,0.5,204.0,0.0,0.0,654819.0
BANDIPORA(Deputy Commissioner Bandipora_IDA),2025Q4,22,5.176091259055681,0.45454545454545453,0.13636363636363635,77.0,0.0,0.0,4067758.0
BANKA(DISTRICT PLANNING OFFICER BANKA_IDA),2023Q3,18,5.838592529460614,0.16666666666666666,0.7222222222222222,879.0,0.0,0.0,12775608.0
BANKA(DISTRICT PLANNING OFFICER BANKA_IDA),2023Q4,28,5.91365493508662,0.0,0.9285714285714286,593.0,0.0,0.0,25573205.0
BANKA(DISTRICT PLANNING OFFICER BANKA_IDA),2024Q1,22,5.91365493508662,0.0,0.8636363636363636,539.0,0.0,0.0,20725395.0
BANKA(DISTRICT PLANNING OFFICER BANKA_IDA),2024Q4,13,6.12515582958053,0.0,1.0,222.0,0.0,0.0,17342000.0
BANKA(DISTRICT PLANNING OFFICER BANKA_IDA),2025Q1,3,5.724193919514329,0.3333333333333333,0.0,345.0,0.0,0.0,2529300.0
BANKA(DISTRICT PLANNING OFFICER BANKA_IDA),2025Q2,12,5.977723605288848,0.5,0.5833333333333334,244.0,0.0,0.0,9693849.0
BANKA(DISTRICT PLANNING OFFICER BANKA_IDA),2025Q3,22,5.867467487859051,0.09090909090909091,0.9545454545454546,231.0,0.2727272727272727,0.0,19720000.0
BANKURA(DISTRICT MAGISTRATE BANKURA_IDA),2023Q4,115,5.653212513775344,0.5130434782608696,0.3391304347826087,722.0,0.5565217391304348,0.0,78809668.0
BANKURA(DISTRICT MAGISTRATE BANKURA_IDA),2024Q1,171,5.832508912706237,0.5964912280701754,0.1286549707602339,665.0,0.24561403508771928,0.0,147635382.0
BANKURA(DISTRICT MAGISTRATE BANKURA_IDA),2024Q3,31,5.812913356642856,0.3548387096774194,0.0,345.0,0.16129032258064516,0.0,31152000.0
BANKURA(DISTRICT MAGISTRATE BANKURA_IDA),2024Q4,14,6.1112625136590655,0.42857142857142855,0.0,345.0,0.35714285714285715,0.0,31974000.0
BANKURA(DISTRICT MAGISTRATE BANKURA_IDA),2025Q1,16,6.062581984228163,0.625,0.0,345.0,0.0,0.0,22290000.0
BANKURA(DISTRICT MAGISTRATE BANKURA_IDA),2025Q2,55,5.952792443044092,0.43636363636363634,0.0,345.0,0.5818181818181818,0.0,66097500.0
BANKURA(DISTRICT MAGISTRATE BANKURA_IDA),2025Q3,10,6.014940349792936,0.8,0.0,345.0,0.0,0.0,13090000.0
BANKURA(DISTRICT MAGISTRATE BANKURA_IDA),2025Q4,5,6.176091259055681,0.6,0.0,345.0,0.0,0.0,6660000.0
BANKURA(DISTRICT MAGISTRATE BANKURA_IDA),2026Q1,43,5.477121254719663,0.8604651162790697,0.0,345.0,0.0,0.0,18290000.0
BANSWARA(DISTRICT COLLECTOR BANSWARA_IDA),2023Q4,14,5.511373266626903,0.0,0.8571428571428571,758.0,0.0,0.0,5551596.0
BANSWARA(DISTRICT COLLECTOR BANSWARA_IDA),2024Q1,43,5.954085652553329,0.6744186046511628,0.3953488372093023,725.0,0.0,0.0,31712698.0
BANSWARA(DISTRICT COLLECTOR BANSWARA_IDA),2024Q3,1,6.176091259055681,1.0,0.0,345.0,0.0,0.0,1500000.0
BANSWARA(DISTRICT COLLECTOR BANSWARA_IDA),2024Q4,16,6.0,0.875,0.125,449.5,0.0,0.0,15679450.0
BANSWARA(DISTRICT COLLECTOR BANSWARA_IDA),2025Q2,13,6.301029995663981,0.9230769230769231,0.07692307692307693,278.0,0.15384615384615385,0.0,22199950.0
BANSWARA(DISTRICT COLLECTOR BANSWARA_IDA),2025Q3,14,6.0,0.6428571428571429,0.35714285714285715,209.0,0.0,0.0,14384248.0
BANSWARA(DISTRICT COLLECTOR BANSWARA_IDA),2025Q4,7,6.0,1.0,0.0,345.0,0.0,0.0,9200000.0
BANSWARA(DISTRICT COLLECTOR BANSWARA_IDA),2026Q1,3,6.0,1.0,0.0,345.0,0.0,0.0,3500000.0
BARAMULLA(DEPUTY COMMISSIONER BARAMULLAH_IDA),2023Q4,16,5.47639682672533,0.1875,0.5,245.0,0.0,0.0,5535370.0
BARAMULLA(DEPUTY COMMISSIONER BARAMULLAH_IDA),2024Q1,6,5.329074326441728,0.16666666666666666,0.5,283.0,0.0,0.0,1164970.0
BARAMULLA(DEPUTY COMMISSIONER BARAMULLAH_IDA),2025Q2,14,5.477121254719663,0.7857142857142857,0.0,345.0,0.0,0.0,4205000.0
BARAMULLA(DEPUTY COMMISSIONER BARAMULLAH_IDA),2025Q3,6,5.281033367247727,0.5,0.0,345.0,0.0,0.0,1462000.0
BARAMULLA(DEPUTY COMMISSIONER BARAMULLAH_IDA),2025Q4,24,5.642464520242122,0.4583333333333333,0.0,345.0,0.0,0.0,11843326.0
BARAMULLA(DEPUTY COMMISSIONER BARAMULLAH_IDA),2026Q1,3,5.698970004336019,0.3333333333333333,0.0,345.0,0.0,0.0,1765000.0
BARAN(DISTRICT COLLECTOR BARAN_IDA),2023Q3,118,5.6020599913279625,0.1694915254237288,0.8220338983050848,842.0,0.0,0.00847457627118644,52603358.7
BARAN(DISTRICT COLLECTOR BARAN_IDA),2023Q4,1,5.537819095073274,0.0,1.0,830.0,0.0,0.0,345000.0
BARAN(DISTRICT COLLECTOR BARAN_IDA),2024Q1,26,5.627310029775334,0.15384615384615385,0.8461538461538461,727.0,0.0,0.0,14500259.0
BARAN(DISTRICT COLLECTOR BARAN_IDA),2024Q3,1,6.471393376886684,0.0,1.0,345.0,0.0,0.0,2960693.0
BARAN(DISTRICT COLLECTOR BARAN_IDA),2024Q4,2,6.3979400086720375,1.0,0.0,345.0,0.0,0.0,5000000.0
BARAN(DISTRICT COLLECTOR BARAN_IDA),2025Q4,1,5.698970004336019,1.0,0.0,345.0,0.0,0.0,500000.0
BAREILLY(DISTRICT MAGISTRAE BAREILLY_IDA),2023Q4,133,5.899108310325661,0.0,1.0,159.0,0.0,0.0,116555569.0
BAREILLY(DISTRICT MAGISTRAE BAREILLY_IDA),2024Q1,43,5.300595483889963,0.0,1.0,513.0,0.7209302325581395,0.0,11479252.0
BAREILLY(DISTRICT MAGISTRAE BAREILLY_IDA),2024Q4,50,5.834569470158957,0.0,1.0,304.0,0.48,0.0,31318582.0
BAREILLY(DISTRICT MAGISTRAE BAREILLY_IDA),2025Q2,91,5.545391245139576,0.0,0.8901098901098901,206.0,0.7032967032967034,0.0,61483998.0
BAREILLY(DISTRICT MAGISTRAE BAREILLY_IDA),2025Q3,6,5.292699003043929,0.0,1.0,212.0,0.0,0.0,2309250.0
BAREILLY(DISTRICT MAGISTRAE BAREILLY_IDA),2025Q4,2,6.127542113597888,0.0,0.0,345.0,0.0,0.0,2682700.0
BAREILLY(DISTRICT MAGISTRAE BAREILLY_IDA),2026Q1,40,5.957322292559688,0.0,0.775,95.0,0.0,0.0,36997028.0
BARGARH(DISTRICT COLLECTOR BARAGARH_IDA),2023Q3,59,5.477121254719663,0.8983050847457628,0.6949152542372882,408.0,0.1016949152542373,0.0,17521953.0
BARGARH(DISTRICT COLLECTOR BARAGARH_IDA),2023Q4,73,5.477121254719663,0.9315068493150684,0.6712328767123288,299.0,0.0958904109589041,0.0,18439905.0
BARGARH(DISTRICT COLLECTOR BARAGARH_IDA),2024Q1,22,5.477121254719663,0.8181818181818182,0.7727272727272727,292.0,0.0,0.0,6341552.0
BARGARH(DISTRICT COLLECTOR BARAGARH_IDA),2025Q2,89,5.477121254719663,0.9887640449438202,0.23595505617977527,260.0,0.06741573033707865,0.0,34471100.0
BARGARH(DISTRICT COLLECTOR BARAGARH_IDA),2025Q3,6,5.698970004336019,1.0,0.16666666666666666,148.0,0.0,0.0,2650000.0
BARGARH(DISTRICT COLLECTOR BARAGARH_IDA),2025Q4,50,5.6020599913279625,1.0,0.14,170.0,0.0,0.0,19650000.0
BARGARH(DISTRICT COLLECTOR BARAGARH_IDA),2026Q1,32,5.477121254719663,1.0,0.0,345.0,0.0,0.0,11600000.0
BARMER(DISTRICT COLLECTOR BARMER_IDA),2023Q3,68,5.985301377460715,0.6470588235294118,0.5735294117647058,341.0,0.0,0.0,62921473.0
BARMER(DISTRICT COLLECTOR BARMER_IDA),2023Q4,5,5.698970004336019,0.8,0.2,853.0,0.0,0.0,3099787.0
BARMER(DISTRICT COLLECTOR BARMER_IDA),2024Q1,9,6.0,0.8888888888888888,0.4444444444444444,269.5,0.0,0.0,8929999.0
BARMER(DISTRICT COLLECTOR BARMER_IDA),2024Q3,3,6.0,1.0,0.0,345.0,0.0,0.0,4000000.0
BARMER(DISTRICT COLLECTOR BARMER_IDA),2024Q4,1,6.0,1.0,0.0,345.0,0.0,0.0,1000000.0
BARMER(DISTRICT COLLECTOR BARMER_IDA),2025Q1,42,5.875046207588692,0.5476190476190477,0.5,416.0,0.0,0.0,26147305.0
BARMER(DISTRICT COLLECTOR BARMER_IDA),2025Q2,29,5.653212513775344,0.8620689655172413,0.27586206896551724,256.5,0.4827586206896552,0.0,19043860.0
BARMER(DISTRICT COLLECTOR BARMER_IDA),2025Q3,17,5.903089986991944,0.9411764705882353,0.0,345.0,0.11764705882352941,0.0,13620000.0
BARMER(DISTRICT COLLECTOR BARMER_IDA),2025Q4,28,5.778151250383644,0.9285714285714286,0.03571428571428571,159.0,0.9285714285714286,0.0,20870896.0
BARMER(DISTRICT COLLECTOR BARMER_IDA),2026Q1,8,5.8750612633917,1.0,0.0,345.0,0.375,0.0,9100000.0
BARNALA(DEPUTY COMMISSIONER BARNALA_IDA),2023Q3,97,5.079181246047625,0.15463917525773196,1.0,150.0,0.041237113402061855,0.0,13706309.0
BARNALA(DEPUTY COMMISSIONER BARNALA_IDA),2023Q4,38,5.035429738184549,0.0,1.0,166.0,0.0,0.0,5161022.0
BARNALA(DEPUTY COMMISSIONER BARNALA_IDA),2024Q1,1,5.393136300269217,0.0,0.0,345.0,0.0,0.0,247250.0
BARNALA(DEPUTY COMMISSIONER BARNALA_IDA),2024Q3,19,5.1673173347481764,0.21052631578947367,0.7894736842105263,520.0,0.0,0.0,3165694.0
BARNALA(DEPUTY COMMISSIONER BARNALA_IDA),2025Q1,27,5.301029995663981,0.7037037037037037,0.4444444444444444,382.0,0.0,0.0,7019757.0
BARNALA(DEPUTY COMMISSIONER BARNALA_IDA),2025Q2,26,5.301029995663981,0.5769230769230769,0.23076923076923078,281.5,0.0,0.0,5451158.0
BARNALA(DEPUTY COMMISSIONER BARNALA_IDA),2025Q3,116,5.105510184769974,0.3017241379310345,0.2413793103448276,227.0,0.0,0.0,25302150.0
BARNALA(DEPUTY COMMISSIONER BARNALA_IDA),2025Q4,26,4.873750613647375,0.38461538461538464,0.3076923076923077,188.0,0.0,0.0,5239548.0
BARNALA(DEPUTY COMMISSIONER BARNALA_IDA),2026Q1,15,5.544068044350276,0.6666666666666666,0.0,345.0,0.0,0.0,8085000.0
BARPETA(DEPUTY COMMISSIONER BARPETA 1),2023Q3,49,5.698970004336019,0.9795918367346939,0.5510204081632653,744.0,0.0,0.0,25385000.0
BARPETA(DEPUTY COMMISSIONER BARPETA 1),2023Q4,39,5.778151250383644,1.0,0.5128205128205128,692.5,0.0,0.0,22000000.0
BARPETA(DEPUTY COMMISSIONER BARPETA 1),2024Q1,101,5.544068044350276,0.9801980198019802,0.5247524752475248,637.0,0.0,0.0,48434000.0
BARPETA(DEPUTY COMMISSIONER BARPETA 1),2024Q2,1,6.079181246047625,1.0,0.0,345.0,0.0,0.0,1200000.0
BARPETA(DEPUTY COMMISSIONER BARPETA 1),2024Q3,1,6.301029995663981,1.0,0.0,345.0,0.0,0.0,2000000.0
BARPETA(DEPUTY COMMISSIONER BARPETA 1),2024Q4,6,5.698970004336019,1.0,0.0,345.0,0.0,0.0,4750000.0
BARPETA(DEPUTY COMMISSIONER BARPETA 1),2025Q1,12,5.8750612633917,1.0,0.0,345.0,0.0,0.0,22400000.0
BARPETA(DEPUTY COMMISSIONER BARPETA 1),2025Q2,10,5.698970004336019,1.0,0.0,345.0,0.0,0.0,6200000.0
BARPETA(DEPUTY COMMISSIONER BARPETA 1),2025Q4,8,6.1303337684950066,1.0,0.0,345.0,0.0,0.0,10800000.0
BARPETA(DEPUTY COMMISSIONER BARPETA 1),2026Q1,2,5.977723605288848,1.0,0.0,345.0,0.0,0.0,1900000.0
BARWANI(DISTRICT COLLECTOR BADWANI_IDA),2019Q4,2,5.344392273685111,0.5,0.0,345.0,0.0,0.0,442000.0
BARWANI(DISTRICT COLLECTOR BADWANI_IDA),2020Q1,1,4.6020599913279625,0.0,0.0,345.0,1.0,0.0,40000.0
BARWANI(DISTRICT COLLECTOR BADWANI_IDA),2020Q2,1,4.6020599913279625,0.0,0.0,345.0,0.0,0.0,40000.0
BARWANI(DISTRICT COLLECTOR BADWANI_IDA),2021Q2,1,5.6020599913279625,1.0,0.0,345.0,0.0,0.0,400000.0
BARWANI(DISTRICT COLLECTOR BADWANI_IDA),2022Q3,1,5.301029995663981,1.0,0.0,345.0,1.0,0.0,200000.0
BARWANI(DISTRICT COLLECTOR BADWANI_IDA),2022Q4,1,5.096910013008056,0.0,0.0,345.0,0.0,0.0,125000.0
BARWANI(DISTRICT COLLECTOR BADWANI_IDA),2023Q3,132,5.3979400086720375,0.6666666666666666,0.1590909090909091,897.0,0.26515151515151514,0.0,53639690.0
BARWANI(DISTRICT COLLECTOR BADWANI_IDA),2023Q4,22,5.825436828934616,0.2727272727272727,0.6818181818181818,843.0,0.0,0.0,17865530.0
BARWANI(DISTRICT COLLECTOR BADWANI_IDA),2024Q1,66,5.680997783285449,0.7878787878787878,0.16666666666666666,708.0,0.0,0.0,45111797.0
BARWANI(DISTRICT COLLECTOR BADWANI_IDA),2024Q3,22,5.372917523627584,0.5454545454545454,0.5,505.0,0.4090909090909091,0.0,8210030.0
BARWANI(DISTRICT COLLECTOR BADWANI_IDA),2024Q4,95,5.2201761047408715,0.23157894736842105,0.7684210526315789,425.0,0.042105263157894736,0.0,27706335.0
BARWANI(DISTRICT COLLECTOR BADWANI_IDA),2025Q1,39,5.2201761047408715,0.2564102564102564,0.6153846153846154,433.0,0.0,0.0,14816525.0
BARWANI(DISTRICT COLLECTOR BADWANI_IDA),2025Q2,43,5.20197579793292,0.09302325581395349,0.8372093023255814,267.0,0.0,0.0,10445306.0
BARWANI(DISTRICT COLLECTOR BADWANI_IDA),2025Q3,26,5.544068044350276,0.9230769230769231,0.0,345.0,0.0,0.0,12488440.0
BARWANI(DISTRICT COLLECTOR BADWANI_IDA),2025Q4,66,5.20197579793292,0.21212121212121213,0.0,345.0,0.030303030303030304,0.0,17529109.0
BARWANI(DISTRICT COLLECTOR BADWANI_IDA),2026Q1,23,6.0,0.4782608695652174,0.0,345.0,0.0,0.0,25255522.0
BASTAR(DISTRICT COLLECTOR BASTAR_IDA),2023Q3,57,5.645539179049389,0.2807017543859649,0.6666666666666666,848.5,0.0,0.0,27810811.0
BASTAR(DISTRICT COLLECTOR BASTAR_IDA),2023Q4,3,5.825317043574137,0.0,1.0,730.0,0.0,0.0,2449636.0
BASTAR(DISTRICT COLLECTOR BASTAR_IDA),2024Q1,89,5.0,0.3707865168539326,0.7640449438202247,523.0,0.02247191011235955,0.0,35741268.0
BASTAR(DISTRICT COLLECTOR BASTAR_IDA),2024Q4,26,5.7656685547590145,0.4230769230769231,0.19230769230769232,504.0,0.0,0.0,17759316.0
BASTAR(DISTRICT COLLECTOR BASTAR_IDA),2025Q1,11,5.829938344044369,0.36363636363636365,0.5454545454545454,419.0,0.0,0.0,5720881.0
BASTAR(DISTRICT COLLECTOR BASTAR_IDA),2025Q2,32,5.243038048686294,0.1875,0.4375,369.0,0.0,0.0,12978000.0
BASTAR(DISTRICT COLLECTOR BASTAR_IDA),2025Q3,33,4.888544529873268,0.18181818181818182,0.0,345.0,0.0,0.0,10947580.0
BASTAR(DISTRICT COLLECTOR BASTAR_IDA),2025Q4,1,5.8750612633917,1.0,0.0,345.0,0.0,0.0,750000.0
BASTAR(DISTRICT COLLECTOR BASTAR_IDA),2026Q1,3,5.477121254719663,1.0,0.0,345.0,0.0,0.0,1100000.0
BASTI(DISTRICT MAGISTRATE BASTI_IDA),2023Q3,4,7.168204221023706,0.0,0.0,345.0,0.0,0.0,58920200.0
BASTI(DISTRICT MAGISTRATE BASTI_IDA),2024Q1,4,5.635986111800833,0.25,0.0,345.0,0.0,0.0,2066800.0
BASTI(DISTRICT MAGISTRATE BASTI_IDA),2024Q4,27,6.116852712598894,0.0,1.0,435.0,0.0,0.0,39886202.0
BASTI(DISTRICT MAGISTRATE BASTI_IDA),2025Q1,5,6.372912002970106,0.2,0.4,287.0,0.0,0.0,8421416.0
BASTI(DISTRICT MAGISTRATE BASTI_IDA),2025Q2,39,4.186504298493139,0.05128205128205128,0.20512820512820512,253.0,0.0,0.0,27326982.0
BASTI(DISTRICT MAGISTRATE BASTI_IDA),2025Q3,14,6.126780577012009,0.0,0.0,345.0,0.0,0.0,20820000.0
BASTI(DISTRICT MAGISTRATE BASTI_IDA),2025Q4,53,5.3634239329171765,0.05660377358490566,0.0,345.0,0.0,0.0,47259000.0
BASTI(DISTRICT MAGISTRATE BASTI_IDA),2026Q1,17,5.27207378750001,0.058823529411764705,0.0,345.0,0.0,0.0,11392900.0
BATHINDA(DEPUTY COMMISSIONER BHATINDA_IDA),2023Q3,27,5.421641761483437,0.2222222222222222,0.9629629629629629,859.0,0.4074074074074074,0.0,11585718.38
BATHINDA(DEPUTY COMMISSIONER BHATINDA_IDA),2023Q4,29,5.598839731307584,0.20689655172413793,1.0,208.0,0.4827586206896552,0.0,11838717.0
BATHINDA(DEPUTY COMMISSIONER BHATINDA_IDA),2024Q1,37,5.4554676639037485,0.1891891891891892,1.0,251.0,0.10810810810810811,0.0,15244204.0
BATHINDA(DEPUTY COMMISSIONER BHATINDA_IDA),2024Q3,12,5.477036559037594,0.6666666666666666,1.0,333.5,0.25,0.0,3320329.0
BATHINDA(DEPUTY COMMISSIONER BHATINDA_IDA),2024Q4,3,5.6020599913279625,1.0,0.6666666666666666,413.5,0.0,0.0,1100000.0
BATHINDA(DEPUTY COMMISSIONER BHATINDA_IDA),2025Q1,5,5.698970004336019,0.6,0.4,272.5,0.2,0.0,3214600.0
BATHINDA(DEPUTY COMMISSIONER BHATINDA_IDA),2025Q2,99,5.3979400086720375,0.6363636363636364,0.030303030303030304,235.0,0.0707070707070707,0.0,36808400.0
BATHINDA(DEPUTY COMMISSIONER BHATINDA_IDA),2025Q3,2,5.176091259055681,1.0,0.0,345.0,0.0,0.0,300000.0
BATHINDA(DEPUTY COMMISSIONER BHATINDA_IDA),2025Q4,5,5.556302500767287,0.0,0.0,345.0,0.2,0.0,2559285.0
BATHINDA(DEPUTY COMMISSIONER BHATINDA_IDA),2026Q1,3,6.0,0.6666666666666666,0.0,345.0,0.0,0.0,2995000.0
BEED(DISTRICT COLLECTOR BEED_IDA),2023Q3,19,5.975235987173422,0.05263157894736842,0.6842105263157895,1005.0,0.0,0.0,17051474.0
BEED(DISTRICT COLLECTOR BEED_IDA),2023Q4,19,4.9892272737305365,0.0,0.0,345.0,0.0,0.0,1853450.0
BEED(DISTRICT COLLECTOR BEED_IDA),2024Q1,116,5.999217565530103,0.008620689655172414,0.05172413793103448,679.0,0.0,0.0,99165035.0
BEED(DISTRICT COLLECTOR BEED_IDA),2024Q3,1,6.698970004336019,1.0,0.0,345.0,0.0,0.0,5000000.0
BEED(DISTRICT COLLECTOR BEED_IDA),2024Q4,48,6.0,0.7291666666666666,0.2708333333333333,518.0,0.4375,0.0,56464432.0
BEED(DISTRICT COLLECTOR BEED_IDA),2025Q1,7,6.0,1.0,0.0,345.0,0.7142857142857143,0.0,8000000.0
BEED(DISTRICT COLLECTOR BEED_IDA),2025Q2,8,6.0,0.75,0.25,284.0,0.0,0.0,11996242.0
BEED(DISTRICT COLLECTOR BEED_IDA),2025Q3,18,6.0,0.9444444444444444,0.05555555555555555,247.0,0.4444444444444444,0.0,21999774.0
BEED(DISTRICT COLLECTOR BEED_IDA),2025Q4,25,6.0,1.0,0.0,345.0,0.0,0.0,24500000.0
BEED(DISTRICT COLLECTOR BEED_IDA),2026Q1,16,6.0,1.0,0.0,345.0,0.0,0.0,17000000.0
BEGUSARAI(DISTRICT PLANNING OFFICER BEGUSARAI_IDA),2023Q3,26,6.160308830256974,0.07692307692307693,0.9230769230769231,713.0,0.0,0.0,34989147.0
BEGUSARAI(DISTRICT PLANNING OFFICER BEGUSARAI_IDA),2023Q4,35,6.077107250390725,0.05714285714285714,0.8857142857142857,673.0,0.0,0.0,39798746.0
BEGUSARAI(DISTRICT PLANNING OFFICER BEGUSARAI_IDA),2024Q1,15,6.056350963294891,0.0,1.0,558.0,0.0,0.0,17172371.0
BEGUSARAI(DISTRICT PLANNING OFFICER BEGUSARAI_IDA),2025Q1,30,6.14404510466379,0.36666666666666664,0.4666666666666667,287.5,0.0,0.0,39205522.0
BEGUSARAI(DISTRICT PLANNING OFFICER BEGUSARAI_IDA),2025Q2,2,6.12891145990867,0.0,0.5,211.0,0.0,0.0,2691172.0
BEGUSARAI(DISTRICT PLANNING OFFICER BEGUSARAI_IDA),2025Q3,1,6.14315818749268,0.0,1.0,312.0,0.0,0.0,1390459.0
BELAGAVI(DEPUTY COMMISSIONER BELGAUM_IDA),2023Q3,4,5.653168599557584,0.75,0.25,943.0,0.0,0.0,1699909.0
BELAGAVI(DEPUTY COMMISSIONER BELGAUM_IDA),2023Q4,136,5.698970004336019,0.8897058823529411,0.19852941176470587,781.0,0.2426470588235294,0.0,72418163.0
BELAGAVI(DEPUTY COMMISSIONER BELGAUM_IDA),2024Q1,314,5.698970004336019,0.8821656050955414,0.15286624203821655,583.0,0.1910828025477707,0.0,164530224.0
BELAGAVI(DEPUTY COMMISSIONER BELGAUM_IDA),2024Q2,10,5.6987110876599685,0.1,0.9,394.0,0.0,0.0,4997506.0
BELAGAVI(DEPUTY COMMISSIONER BELGAUM_IDA),2024Q3,11,6.176091259055681,0.9090909090909091,0.18181818181818182,480.5,0.18181818181818182,0.0,20875000.0
BELAGAVI(DEPUTY COMMISSIONER BELGAUM_IDA),2024Q4,17,5.698970004336019,0.9411764705882353,0.058823529411764705,279.0,0.0,0.0,14599528.0
BELAGAVI(DEPUTY COMMISSIONER BELGAUM_IDA),2025Q1,24,5.698970004336019,0.9166666666666666,0.125,348.0,0.0,0.0,16173848.0
BELAGAVI(DEPUTY COMMISSIONER BELGAUM_IDA),2025Q2,133,5.698970004336019,0.9849624060150376,0.045112781954887216,253.5,0.007518796992481203,0.0,78799821.0
BELAGAVI(DEPUTY COMMISSIONER BELGAUM_IDA),2025Q3,75,5.698970004336019,0.9866666666666667,0.013333333333333334,195.0,0.013333333333333334,0.0,62186924.0
BELAGAVI(DEPUTY COMMISSIONER BELGAUM_IDA),2025Q4,27,5.698970004336019,1.0,0.0,345.0,0.0,0.0,15900000.0
BELAGAVI(DEPUTY COMMISSIONER BELGAUM_IDA),2026Q1,121,5.698970004336019,0.9917355371900827,0.0,345.0,0.04132231404958678,0.0,67230000.0
BEMETARA(Collector Bemetara_IDA),2023Q3,15,5.698970004336019,0.7333333333333333,0.9333333333333333,804.0,0.8666666666666667,0.0,7515029.0
BEMETARA(Collector Bemetara_IDA),2023Q4,2,5.698748892166908,0.5,0.5,754.0,1.0,0.0,999491.0
BEMETARA(Collector Bemetara_IDA),2024Q4,11,5.698970004336019,0.6363636363636364,0.6363636363636364,394.0,0.9090909090909091,0.0,6510837.0
BEMETARA(Collector Bemetara_IDA),2025Q2,2,5.707570176097937,0.5,0.0,345.0,0.5,0.0,1020000.0
BEMETARA(Collector Bemetara_IDA),2025Q3,10,5.732393759822968,0.7,0.0,345.0,0.8,0.0,5420000.0
BEMETARA(Collector Bemetara_IDA),2025Q4,5,5.732393759822968,0.0,0.0,345.0,1.0,0.0,3080000.0
BEMETARA(Collector Bemetara_IDA),2026Q1,3,5.845098040014257,1.0,0.0,345.0,0.3333333333333333,0.0,2100000.0
BENGALURU RURAL(DEPUTY COMMISSIONER BANGALORE RURAL SBM URBAN),2023Q3,2,5.698970004336019,1.0,0.0,345.0,0.0,0.0,1000000.0
BENGALURU RURAL(DEPUTY COMMISSIONER BANGALORE RURAL SBM URBAN),2023Q4,99,5.698970004336019,0.9393939393939394,0.0,345.0,0.6363636363636364,0.0,47460000.0
BENGALURU RURAL(DEPUTY COMMISSIONER BANGALORE RURAL SBM URBAN),2024Q1,39,5.3979400086720375,0.9743589743589743,0.0,345.0,0.9487179487179487,0.0,11490000.0
BENGALURU RURAL(DEPUTY COMMISSIONER BANGALORE RURAL SBM URBAN),2024Q4,11,5.903089986991944,0.8181818181818182,0.0,345.0,0.0,0.0,8680000.0
BENGALURU RURAL(DEPUTY COMMISSIONER BANGALORE RURAL SBM URBAN),2025Q1,21,5.903089986991944,0.8095238095238095,0.19047619047619047,322.0,0.0,0.0,16448400.0
BENGALURU RURAL(DEPUTY COMMISSIONER BANGALORE RURAL SBM URBAN),2025Q2,6,5.397258500482252,0.3333333333333333,0.8333333333333334,233.0,0.0,0.0,3998432.0
BENGALURU RURAL(DEPUTY COMMISSIONER BANGALORE RURAL SBM URBAN),2025Q4,28,5.903089986991944,1.0,0.0,345.0,0.0,0.0,16900000.0
BENGALURU RURAL(DEPUTY COMMISSIONER BANGALORE RURAL SBM URBAN),2026Q1,8,5.812913356642856,1.0,0.0,345.0,0.0,0.0,6600000.0
BENGALURU URBAN(DEPUTY COMMISSIONER BANGALORE URBAN_IDA),2023Q2,1,5.698349388590681,0.0,1.0,211.0,0.0,0.0,499286.0
BENGALURU URBAN(DEPUTY COMMISSIONER BANGALORE URBAN_IDA),2023Q3,156,5.698295020745098,0.34615384615384615,0.5833333333333334,221.0,0.10897435897435898,0.0,110462714.0
BENGALURU URBAN(DEPUTY COMMISSIONER BANGALORE URBAN_IDA),2023Q4,162,5.698283276396564,0.2345679012345679,0.7777777777777778,182.0,0.29012345679012347,0.030864197530864196,90782682.0
BENGALURU URBAN(DEPUTY COMMISSIONER BANGALORE URBAN_IDA),2024Q1,164,5.698970004336019,0.5060975609756098,0.5609756097560976,135.0,0.3719512195121951,0.042682926829268296,161923546.0
BENGALURU URBAN(DEPUTY COMMISSIONER BANGALORE URBAN_IDA),2024Q3,38,5.698600697048559,0.2631578947368421,0.868421052631579,407.0,0.0,0.0,46723419.0
BENGALURU URBAN(DEPUTY COMMISSIONER BANGALORE URBAN_IDA),2024Q4,106,5.698970004336019,0.5566037735849056,0.44339622641509435,322.0,0.27358490566037735,0.0,99587904.0
BENGALURU URBAN(DEPUTY COMMISSIONER BANGALORE URBAN_IDA),2025Q1,44,5.698552446670301,0.2727272727272727,0.7045454545454546,222.0,0.22727272727272727,0.0,31099618.0
BENGALURU URBAN(DEPUTY COMMISSIONER BANGALORE URBAN_IDA),2025Q2,84,5.698970004336019,0.8690476190476191,0.07142857142857142,198.0,0.2857142857142857,0.0,107895846.0
BENGALURU URBAN(DEPUTY COMMISSIONER BANGALORE URBAN_IDA),2025Q3,66,5.698970004336019,0.9696969696969697,0.0,345.0,0.0,0.0,54935000.0
BENGALURU URBAN(DEPUTY COMMISSIONER BANGALORE URBAN_IDA),2025Q4,75,5.698970004336019,0.8266666666666667,0.0,345.0,0.0,0.0,59920000.0
BENGALURU URBAN(DEPUTY COMMISSIONER BANGALORE URBAN_IDA),2026Q1,46,5.698970004336019,0.9782608695652174,0.0,345.0,0.0,0.0,41690000.0
BETUL(DISTRICT COLLECTOR BETUL_IDA),2020Q1,1,5.176091259055681,1.0,0.0,345.0,0.0,0.0,150000.0
BETUL(DISTRICT COLLECTOR BETUL_IDA),2021Q2,11,5.664726570137811,0.0,0.0,345.0,0.0,0.0,5819510.0
BETUL(DISTRICT COLLECTOR BETUL_IDA),2021Q4,1,4.854913022307856,0.0,0.0,345.0,0.0,0.0,71600.0
BETUL(DISTRICT COLLECTOR BETUL_IDA),2022Q1,10,5.096910013008056,0.5,0.0,345.0,0.3,0.0,1830000.0
BETUL(DISTRICT COLLECTOR BETUL_IDA),2022Q2,7,5.0,1.0,0.0,345.0,0.0,0.0,550000.0
BETUL(DISTRICT COLLECTOR BETUL_IDA),2022Q3,27,4.698970004336019,0.9629629629629629,0.0,345.0,0.037037037037037035,0.0,2125000.0
BETUL(DISTRICT COLLECTOR BETUL_IDA),2022Q4,16,4.698970004336019,1.0,0.0,345.0,0.0,0.0,1000000.0
BETUL(DISTRICT COLLECTOR BETUL_IDA),2023Q1,6,4.795880017344075,0.3333333333333333,0.0,345.0,0.0,0.0,687250.0
BETUL(DISTRICT COLLECTOR BETUL_IDA),2023Q2,21,4.795880017344075,0.09523809523809523,0.0,345.0,0.09523809523809523,0.0,2512500.0
BETUL(DISTRICT COLLECTOR BETUL_IDA),2023Q3,27,5.3979400086720375,0.7777777777777778,0.0,345.0,0.0,0.0,6337500.0
BETUL(DISTRICT COLLECTOR BETUL_IDA),2023Q4,132,5.423281927076516,0.3181818181818182,0.6666666666666666,239.5,0.13636363636363635,0.0,35739805.0
BETUL(DISTRICT COLLECTOR BETUL_IDA),2024Q1,15,5.637989780784685,0.6,0.0,345.0,0.0,0.0,6999500.0
BETUL(DISTRICT COLLECTOR BETUL_IDA),2024Q4,94,5.279999836361079,0.02127659574468085,0.9680851063829787,477.0,0.1276595744680851,0.0,20975468.0
BETUL(DISTRICT COLLECTOR BETUL_IDA),2025Q1,10,6.0,0.9,0.0,345.0,0.0,0.0,8410000.0
BETUL(DISTRICT COLLECTOR BETUL_IDA),2025Q2,109,5.279999836361079,0.045871559633027525,0.9174311926605505,362.0,0.944954128440367,0.0,24962404.0
BETUL(DISTRICT COLLECTOR BETUL_IDA),2025Q3,3,5.544068044350276,1.0,0.0,345.0,0.0,0.0,1100000.0
BETUL(DISTRICT COLLECTOR BETUL_IDA),2025Q4,16,5.3979400086720375,0.9375,0.0,345.0,0.125,0.0,7009942.0
BETUL(DISTRICT COLLECTOR BETUL_IDA),2026Q1,4,6.096910013008056,1.0,0.0,345.0,0.0,0.0,5200000.0
BHADOHI(DISTRICT MAGISTRATE BHADOHI_IDA),2023Q4,23,6.190891716922169,0.0,0.0,345.0,0.0,0.0,36255000.0
BHADOHI(DISTRICT MAGISTRATE BHADOHI_IDA),2024Q1,8,6.0218092770223395,0.125,0.0,345.0,0.0,0.0,8578000.0
BHADOHI(DISTRICT MAGISTRATE BHADOHI_IDA),2024Q4,198,5.075441112024015,0.0,0.8434343434343434,439.0,0.0,0.0,33374983.0
BHADOHI(DISTRICT MAGISTRATE BHADOHI_IDA),2025Q1,60,5.033013394664247,0.0,0.8166666666666667,361.0,0.0,0.0,7470784.0
BHADOHI(DISTRICT MAGISTRATE BHADOHI_IDA),2025Q2,2,5.506440762889828,0.0,0.5,232.0,0.0,0.0,641905.0
BHADOHI(DISTRICT MAGISTRATE BHADOHI_IDA),2025Q3,56,5.032928860458257,0.0,0.9285714285714286,250.0,0.0,0.0,6072090.0
BHADOHI(DISTRICT MAGISTRATE BHADOHI_IDA),2025Q4,17,5.929418925714293,0.7647058823529411,0.0,345.0,0.0,0.0,14700000.0
BHADOHI(DISTRICT MAGISTRATE BHADOHI_IDA),2026Q1,70,5.014520538757924,0.014285714285714285,0.0,345.0,0.0,0.0,7984600.0
BHADRADRI KOTHAGUDEM(District Collector Bhadradri Ktdm_IDA),2022Q4,1,5.698970004336019,1.0,0.0,345.0,0.0,0.0,500000.0
BHADRADRI KOTHAGUDEM(District Collector Bhadradri Ktdm_IDA),2023Q1,7,5.698970004336019,1.0,0.0,345.0,0.0,0.0,3500000.0
BHADRADRI KOTHAGUDEM(District Collector Bhadradri Ktdm_IDA),2023Q2,2,5.698970004336019,1.0,0.0,345.0,0.0,0.0,1000000.0
BHADRADRI KOTHAGUDEM(District Collector Bhadradri Ktdm_IDA),2023Q3,1,5.698970004336019,1.0,0.0,345.0,0.0,0.0,500000.0
BHADRADRI KOTHAGUDEM(District Collector Bhadradri Ktdm_IDA),2023Q4,14,5.697911207663845,0.07142857142857142,0.6428571428571429,601.0,0.0,0.0,15909340.0
BHADRADRI KOTHAGUDEM(District Collector Bhadradri Ktdm_IDA),2024Q1,56,5.698970004336019,0.8214285714285714,0.16071428571428573,578.0,0.0,0.0,26985244.0
BHADRADRI KOTHAGUDEM(District Collector Bhadradri Ktdm_IDA),2025Q2,13,5.697229342759718,0.15384615384615385,0.0,345.0,0.15384615384615385,0.0,7979000.0
BHADRADRI KOTHAGUDEM(District Collector Bhadradri Ktdm_IDA),2025Q3,26,5.698970004336019,1.0,0.0,345.0,0.0,0.0,12000000.0
BHADRADRI KOTHAGUDEM(District Collector Bhadradri Ktdm_IDA),2025Q4,12,5.698970004336019,0.9166666666666666,0.0,345.0,0.0,0.0,5580000.0
BHADRADRI KOTHAGUDEM(District Collector Bhadradri Ktdm_IDA),2026Q1,43,5.698970004336019,0.9534883720930233,0.0,345.0,0.0,0.0,20160000.0
BHADRAK(DISTRICT COLLECTOR BHADRAK_IDA),2023Q4,35,5.6020599913279625,0.9428571428571428,0.6,781.0,0.0,0.0,12863309.0
BHADRAK(DISTRICT COLLECTOR BHADRAK_IDA),2024Q1,89,5.477121254719663,0.9887640449438202,0.48314606741573035,642.0,0.0,0.0,27145061.0
BHADRAK(DISTRICT COLLECTOR BHADRAK_IDA),2025Q1,20,5.698970004336019,1.0,0.4,255.0,0.0,0.0,9700000.0
BHADRAK(DISTRICT COLLECTOR BHADRAK_IDA),2025Q2,56,5.698970004336019,1.0,0.017857142857142856,332.0,0.0,0.0,26100000.0
BHADRAK(DISTRICT COLLECTOR BHADRAK_IDA),2025Q4,23,5.778151250383644,1.0,0.0,345.0,0.0,0.0,25300000.0
BHADRAK(DISTRICT COLLECTOR BHADRAK_IDA),2026Q1,28,5.477121254719663,1.0,0.0,345.0,0.0,0.0,13100000.0
BHAGALPUR(DISTRICT PLANNING OFFICER BHAGALPUR_IDA),2023Q3,89,5.992904169539802,0.056179775280898875,0.9438202247191011,214.0,0.0,0.0,90173365.0
BHAGALPUR(DISTRICT PLANNING OFFICER BHAGALPUR_IDA),2023Q4,8,5.9633150388129685,0.0,0.875,143.0,0.0,0.0,6941734.0
BHAGALPUR(DISTRICT PLANNING OFFICER BHAGALPUR_IDA),2024Q1,15,5.9633150388129685,0.06666666666666667,0.9333333333333333,99.0,0.0,0.06666666666666667,14744752.0
BHAGALPUR(DISTRICT PLANNING OFFICER BHAGALPUR_IDA),2024Q3,16,5.962889987391791,0.0,1.0,156.0,0.0,0.0,20074735.0
BHAGALPUR(DISTRICT PLANNING OFFICER BHAGALPUR_IDA),2024Q4,1,4.927929554872506,0.0,1.0,74.0,0.0,0.0,84709.0
BHAGALPUR(DISTRICT PLANNING OFFICER BHAGALPUR_IDA),2025Q1,7,6.0711235383151525,0.0,0.8571428571428571,55.0,0.0,0.0,9282178.0
BHAGALPUR(DISTRICT PLANNING OFFICER BHAGALPUR_IDA),2025Q2,40,5.999561140912113,0.0,0.975,229.0,0.325,0.0,39077829.0
BHAGALPUR(DISTRICT PLANNING OFFICER BHAGALPUR_IDA),2025Q3,10,6.0258657850205575,0.0,0.6,136.5,0.0,0.0,11603142.0
BHAGALPUR(DISTRICT PLANNING OFFICER BHAGALPUR_IDA),2025Q4,7,6.173856138986269,0.0,0.42857142857142855,169.0,0.0,0.0,9345618.0
BHAGALPUR(DISTRICT PLANNING OFFICER BHAGALPUR_IDA),2026Q1,13,6.0102995325238995,0.15384615384615385,0.3076923076923077,81.0,0.0,0.0,18957175.0
BHANDARA(DISTRICT COLLECTOR BHANDARA_IDA),2024Q1,116,5.698970004336019,0.39655172413793105,0.8103448275862069,575.0,0.6724137931034483,0.017241379310344827,75797241.0
BHANDARA(DISTRICT COLLECTOR BHANDARA_IDA),2024Q3,1,5.698970004336019,1.0,0.0,345.0,0.0,0.0,500000.0
BHANDARA(DISTRICT COLLECTOR BHANDARA_IDA),2025Q1,38,5.845098040014257,0.6842105263157895,0.2631578947368421,358.0,0.47368421052631576,0.0,22307800.0
BHANDARA(DISTRICT COLLECTOR BHANDARA_IDA),2025Q2,14,6.0,1.0,0.07142857142857142,348.0,0.7857142857142857,0.0,14300000.0
BHANDARA(DISTRICT COLLECTOR BHANDARA_IDA),2025Q3,10,6.0,0.9,0.1,238.0,0.2,0.0,15498794.0
BHANDARA(DISTRICT COLLECTOR BHANDARA_IDA),2025Q4,5,6.477121254719663,1.0,0.0,345.0,0.6,0.0,9800000.0
BHANDARA(DISTRICT COLLECTOR BHANDARA_IDA),2026Q1,5,5.8750612633917,1.0,0.0,345.0,0.0,0.0,5250000.0
BHARATPUR(DISTRICT COLLECTOR BHARATPUR_IDA),2023Q3,52,5.698970004336019,0.9230769230769231,0.019230769230769232,643.0,0.0,0.0,25100199.0
BHARATPUR(DISTRICT COLLECTOR BHARATPUR_IDA),2023Q4,46,5.428069969119063,0.32608695652173914,0.021739130434782608,641.0,0.6521739130434783,0.0,15238463.0
BHARATPUR(DISTRICT COLLECTOR BHARATPUR_IDA),2024Q1,55,5.878916846726776,0.45454545454545453,0.0,345.0,0.5272727272727272,0.0,37625230.0
BHARATPUR(DISTRICT COLLECTOR BHARATPUR_IDA),2024Q3,36,5.698970004336019,0.8611111111111112,0.0,345.0,0.0,0.0,17379000.0
BHARATPUR(DISTRICT COLLECTOR BHARATPUR_IDA),2024Q4,4,5.812913356642856,1.0,0.0,345.0,0.0,0.0,2800000.0
BHARATPUR(DISTRICT COLLECTOR BHARATPUR_IDA),2025Q2,10,5.845098040014257,0.9,0.0,345.0,0.5,0.0,7599991.0
BHARATPUR(DISTRICT COLLECTOR BHARATPUR_IDA),2025Q3,17,5.845098040014257,0.6470588235294118,0.0,345.0,0.0,0.0,12118702.0
BHARATPUR(DISTRICT COLLECTOR BHARATPUR_IDA),2025Q4,6,5.698970004336019,0.5,0.0,345.0,0.0,0.0,3281999.0
BHARATPUR(DISTRICT COLLECTOR BHARATPUR_IDA),2026Q1,26,5.698808851187475,0.5769230769230769,0.0,345.0,0.0,0.0,11337574.0
BHARUCH(DISTRICT COLLECTOR BROACH_IDA),2023Q3,1,5.687082844604371,0.0,1.0,755.0,0.0,0.0,486500.0
BHARUCH(DISTRICT COLLECTOR BROACH_IDA),2023Q4,149,5.301029995663981,0.5100671140939598,0.9328859060402684,375.0,0.04697986577181208,0.020134228187919462,41852580.0
BHARUCH(DISTRICT COLLECTOR BROACH_IDA),2024Q1,31,5.477003979376665,0.5483870967741935,0.9354838709677419,499.0,0.0,0.03225806451612903,10873692.0
BHARUCH(DISTRICT COLLECTOR BROACH_IDA),2024Q4,108,5.474434813681758,0.5462962962962963,0.7314814814814815,241.0,0.0,0.0,31737355.0
BHARUCH(DISTRICT COLLECTOR BROACH_IDA),2025Q1,3,5.301029995663981,0.3333333333333333,0.3333333333333333,330.0,0.0,0.0,719942.0
BHARUCH(DISTRICT COLLECTOR BROACH_IDA),2025Q2,65,5.301029995663981,0.9384615384615385,0.46153846153846156,224.0,0.0,0.0,16245207.0
BHARUCH(DISTRICT COLLECTOR BROACH_IDA),2025Q3,8,5.477121254719663,0.75,0.75,193.5,0.0,0.0,2744800.0
BHARUCH(DISTRICT COLLECTOR BROACH_IDA),2025Q4,59,5.3979400086720375,0.8983050847457628,0.11864406779661017,116.0,0.0,0.0,17648239.0
BHARUCH(DISTRICT COLLECTOR BROACH_IDA),2026Q1,4,5.625826713285711,0.5,0.0,345.0,0.0,0.0,1640000.0
BHAVNAGAR(DISTRICT COLLECTOR BHAVNAGAR_IDA),2023Q3,5,5.301029995663981,0.2,1.0,475.0,0.0,0.0,1456660.0
BHAVNAGAR(DISTRICT COLLECTOR BHAVNAGAR_IDA),2023Q4,95,5.446785619301188,0.37894736842105264,0.5894736842105263,314.5,0.5052631578947369,0.06315789473684211,27753479.9
BHAVNAGAR(DISTRICT COLLECTOR BHAVNAGAR_IDA),2024Q1,298,5.473773728702412,0.436241610738255,0.7953020134228188,342.0,0.4395973154362416,0.03355704697986577,86889343.0
BHAVNAGAR(DISTRICT COLLECTOR BHAVNAGAR_IDA),2024Q2,2,5.731588765186738,0.5,0.5,163.0,0.0,0.0,1078000.0
BHAVNAGAR(DISTRICT COLLECTOR BHAVNAGAR_IDA),2024Q3,9,5.845098040014257,0.8888888888888888,0.2222222222222222,492.5,0.0,0.0,7936435.0
BHAVNAGAR(DISTRICT COLLECTOR BHAVNAGAR_IDA),2024Q4,20,5.477121254719663,0.7,0.85,227.0,0.15,0.0,9471706.0
BHAVNAGAR(DISTRICT COLLECTOR BHAVNAGAR_IDA),2025Q1,72,5.269512944217916,0.3333333333333333,0.6666666666666666,257.0,0.0,0.0,22322538.0
BHAVNAGAR(DISTRICT COLLECTOR BHAVNAGAR_IDA),2025Q2,11,5.690196080028514,0.36363636363636365,0.45454545454545453,245.0,0.0,0.0,5461801.0
BHAVNAGAR(DISTRICT COLLECTOR BHAVNAGAR_IDA),2025Q3,44,5.511883360978874,0.8863636363636364,0.11363636363636363,158.0,0.0,0.0,38830708.0
BHAVNAGAR(DISTRICT COLLECTOR BHAVNAGAR_IDA),2025Q4,43,5.6020599913279625,0.8604651162790697,0.0,345.0,0.0,0.0,24558283.0
BHAVNAGAR(DISTRICT COLLECTOR BHAVNAGAR_IDA),2026Q1,31,5.698970004336019,0.9354838709677419,0.0,345.0,0.0,0.0,11605000.0
BHILWARA(DISTRICT COLLECTOR BHILWARA_IDA),2023Q3,13,5.698970004336019,0.8461538461538461,0.23076923076923078,933.0,0.0,0.0,5799907.0
BHILWARA(DISTRICT COLLECTOR BHILWARA_IDA),2023Q4,62,5.477121254719663,0.5967741935483871,0.3225806451612903,830.0,0.0,0.0,19268953.0
BHILWARA(DISTRICT COLLECTOR BHILWARA_IDA),2024Q1,92,5.6020599913279625,0.5217391304347826,0.5978260869565217,702.0,0.0,0.0,38168015.5
BHILWARA(DISTRICT COLLECTOR BHILWARA_IDA),2024Q3,1,5.840733234611807,0.0,1.0,161.0,0.0,0.0,693000.0
BHILWARA(DISTRICT COLLECTOR BHILWARA_IDA),2024Q4,4,5.698960015448062,0.5,0.5,552.0,0.0,0.0,1992765.0
BHILWARA(DISTRICT COLLECTOR BHILWARA_IDA),2025Q1,28,5.698970004336019,0.5714285714285714,0.5,383.0,0.0,0.0,13817556.0
BHILWARA(DISTRICT COLLECTOR BHILWARA_IDA),2025Q2,36,5.332438459915605,0.25,0.4722222222222222,244.0,0.0,0.0,12598688.0
BHILWARA(DISTRICT COLLECTOR BHILWARA_IDA),2025Q3,12,5.698970004336019,0.5833333333333334,0.25,187.0,0.0,0.0,7807366.0
BHILWARA(DISTRICT COLLECTOR BHILWARA_IDA),2025Q4,25,5.698970004336019,0.64,0.28,91.0,0.0,0.0,13869445.0
BHILWARA(DISTRICT COLLECTOR BHILWARA_IDA),2026Q1,15,5.698970004336019,0.5333333333333333,0.0,345.0,0.0,0.0,7915770.0
BHIND(DISTRICT COLLECTOR BHIND_IDA),2019Q4,1,5.096910013008056,0.0,0.0,345.0,0.0,0.0,125000.0
BHIND(DISTRICT COLLECTOR BHIND_IDA),2023Q2,2,5.3979400086720375,1.0,0.0,345.0,0.0,0.0,500000.0
BHIND(DISTRICT COLLECTOR BHIND_IDA),2023Q3,163,4.8841210330961085,0.07975460122699386,0.7361963190184049,767.0,0.3558282208588957,0.0,19374749.0
BHIND(DISTRICT COLLECTOR BHIND_IDA),2023Q4,2,5.511883360978874,1.0,0.5,921.0,0.0,0.0,650000.0
BHIND(DISTRICT COLLECTOR BHIND_IDA),2024Q1,40,6.021189299069938,0.4,0.55,179.0,0.475,0.0,33812395.0
BHIND(DISTRICT COLLECTOR BHIND_IDA),2025Q1,4,6.021189299069938,0.75,0.0,345.0,0.0,0.0,4145000.0
BHIND(DISTRICT COLLECTOR BHIND_IDA),2025Q2,42,5.300169240160376,0.023809523809523808,0.8809523809523809,287.0,0.9761904761904762,0.0,9183764.0
BHIND(DISTRICT COLLECTOR BHIND_IDA),2025Q3,21,5.300169240160376,0.3333333333333333,0.5238095238095238,202.0,0.6190476190476191,0.0,8895644.0
BHIND(DISTRICT COLLECTOR BHIND_IDA),2025Q4,2,5.113943352306837,0.0,0.0,345.0,0.0,0.0,260000.0
BHIND(DISTRICT COLLECTOR BHIND_IDA),2026Q1,41,6.0,0.5121951219512195,0.0,345.0,0.926829268292683,0.0,34498930.0
BHIWANI(DC Cum Nodal Officer MPLADS Bhiwani),2023Q3,28,5.195899652409234,0.03571428571428571,0.8928571428571429,86.0,0.0,0.0,9622724.0
BHIWANI(DC Cum Nodal Officer MPLADS Bhiwani),2023Q4,28,5.195899652409234,0.10714285714285714,0.7857142857142857,189.0,0.0,0.0,8814139.0
BHIWANI(DC Cum Nodal Officer MPLADS Bhiwani),2024Q1,44,5.542824182560601,0.06818181818181818,0.9772727272727273,40.0,0.6818181818181818,0.0,14785799.0
BHIWANI(DC Cum Nodal Officer MPLADS Bhiwani),2024Q4,8,5.547932769653861,0.375,0.5,338.0,0.0,0.0,2871328.0
BHIWANI(DC Cum Nodal Officer MPLADS Bhiwani),2025Q1,5,5.686966779183536,0.4,0.8,161.5,0.0,0.0,2310169.0
BHIWANI(DC Cum Nodal Officer MPLADS Bhiwani),2025Q2,15,5.2552725051033065,0.4,0.5333333333333333,191.5,0.2,0.0,5715120.0
BHIWANI(DC Cum Nodal Officer MPLADS Bhiwani),2025Q3,15,5.6020599913279625,0.5333333333333333,0.6666666666666666,129.5,0.13333333333333333,0.0,9543365.0
BHIWANI(DC Cum Nodal Officer MPLADS Bhiwani),2025Q4,32,5.57978359661681,0.5,0.53125,52.0,0.53125,0.0,13580620.0
BHIWANI(DC Cum Nodal Officer MPLADS Bhiwani),2026Q1,14,5.601997557008614,0.7142857142857143,0.2857142857142857,84.0,0.5714285714285714,0.0,5389885.0
BHOJPUR(DISTRICT PLANNING OFFICER BHOJPUR ARRAH_IDA),2023Q4,10,6.136792679413407,0.0,0.7,567.0,0.0,0.0,12724140.0
BHOJPUR(DISTRICT PLANNING OFFICER BHOJPUR ARRAH_IDA),2024Q1,88,6.170240733769583,0.011363636363636364,0.9431818181818182,552.0,0.045454545454545456,0.0,112151116.0
BHOJPUR(DISTRICT PLANNING OFFICER BHOJPUR ARRAH_IDA),2025Q2,78,5.698970004336019,0.8076923076923077,0.6794871794871795,371.0,0.01282051282051282,0.0,55032128.0
BHOJPUR(DISTRICT PLANNING OFFICER BHOJPUR ARRAH_IDA),2025Q3,33,5.903089986991944,0.45454545454545453,0.3333333333333333,198.5,0.030303030303030304,0.030303030303030304,29510288.0
BHOJPUR(DISTRICT PLANNING OFFICER BHOJPUR ARRAH_IDA),2025Q4,2,5.439332693830263,1.0,0.0,345.0,0.0,0.0,550000.0
BHOJPUR(DISTRICT PLANNING OFFICER BHOJPUR ARRAH_IDA),2026Q1,4,5.740362689494244,0.75,0.0,345.0,0.0,0.0,3080200.0
BHOPAL(DISTRICT COLLECTOR BHOPAL_IDA),2023Q2,1,5.477121254719663,1.0,0.0,345.0,0.0,0.0,300000.0
BHOPAL(DISTRICT COLLECTOR BHOPAL_IDA),2023Q3,27,5.477121254719663,0.7777777777777778,0.0,345.0,0.0,0.0,11304510.0
BHOPAL(DISTRICT COLLECTOR BHOPAL_IDA),2023Q4,2,5.544068044350276,1.0,0.0,345.0,0.0,0.0,700000.0
BHOPAL(DISTRICT COLLECTOR BHOPAL_IDA),2024Q1,161,5.4861852776888025,0.2670807453416149,0.7018633540372671,40.0,0.4720496894409938,0.024844720496894408,74881175.0
BHOPAL(DISTRICT COLLECTOR BHOPAL_IDA),2024Q3,2,5.698970004336019,1.0,0.0,345.0,0.0,0.0,1000000.0
BHOPAL(DISTRICT COLLECTOR BHOPAL_IDA),2024Q4,12,5.8750612633917,1.0,0.08333333333333333,215.0,0.0,0.0,10200000.0
BHOPAL(DISTRICT COLLECTOR BHOPAL_IDA),2025Q1,27,5.698970004336019,1.0,0.0,345.0,0.37037037037037035,0.0,26000000.0
BHOPAL(DISTRICT COLLECTOR BHOPAL_IDA),2025Q2,20,6.0,1.0,0.0,345.0,0.0,0.0,21150000.0
BHOPAL(DISTRICT COLLECTOR BHOPAL_IDA),2025Q3,16,5.997386384397314,0.625,0.0,345.0,0.0,0.0,18108000.0
BHOPAL(DISTRICT COLLECTOR BHOPAL_IDA),2025Q4,10,6.0,1.0,0.0,345.0,0.0,0.0,20100000.0
BHOPAL(DISTRICT COLLECTOR BHOPAL_IDA),2026Q1,22,5.740362689494244,0.8181818181818182,0.0,345.0,0.0,0.0,22514000.0
BIDAR(DEPUTY COMMISSIONER BIDAR_IDA),2023Q3,46,5.6020599913279625,0.7608695652173914,0.021739130434782608,686.0,0.0,0.0,18390751.0
BIDAR(DEPUTY COMMISSIONER BIDAR_IDA),2023Q4,8,5.6020599913279625,0.625,0.0,345.0,0.0,0.0,3029000.0
BIDAR(DEPUTY COMMISSIONER BIDAR_IDA),2024Q1,399,4.999404608623512,0.19047619047619047,0.7794486215538847,598.0,0.010025062656641603,0.0,55486221.0
BIDAR(DEPUTY COMMISSIONER BIDAR_IDA),2024Q4,4,5.3979400086720375,1.0,0.0,345.0,0.75,0.0,1750000.0
BIDAR(DEPUTY COMMISSIONER BIDAR_IDA),2025Q1,42,5.694166295933198,0.5952380952380952,0.0,345.0,0.5952380952380952,0.0,21965000.0
BIDAR(DEPUTY COMMISSIONER BIDAR_IDA),2025Q2,47,5.694605198933568,0.3617021276595745,0.0,345.0,0.5319148936170213,0.0,21967500.0
BIDAR(DEPUTY COMMISSIONER BIDAR_IDA),2025Q4,14,5.698970004336019,0.9285714285714286,0.0,345.0,0.21428571428571427,0.0,15349000.0
BIJAPUR(Collector Bijapur_IDA),2024Q4,11,5.8750612633917,0.09090909090909091,0.0,345.0,0.0,0.0,8745538.0
BIJAPUR(Collector Bijapur_IDA),2025Q1,1,5.113943352306837,0.0,0.0,345.0,0.0,0.0,130000.0
BIJAPUR(Collector Bijapur_IDA),2025Q2,9,5.979146671442579,0.2222222222222222,0.0,345.0,0.0,0.0,8771277.0
BIJNOR(DISTRICT MAGISTRATE BIJNOR_IDA),2023Q3,117,5.22104369052083,0.0,0.9743589743589743,229.0,0.0,0.0,27426954.0
BIJNOR(DISTRICT MAGISTRATE BIJNOR_IDA),2023Q4,83,5.240491837746281,0.012048192771084338,0.9879518072289156,155.0,0.0,0.0,35204922.0
BIJNOR(DISTRICT MAGISTRATE BIJNOR_IDA),2024Q1,126,5.2404993265075115,0.0,0.9920634920634921,163.0,0.0,0.0,58913406.01
BIJNOR(DISTRICT MAGISTRATE BIJNOR_IDA),2024Q3,91,5.278454063062743,0.0,1.0,78.0,0.0,0.0,23986503.0
BIJNOR(DISTRICT MAGISTRATE BIJNOR_IDA),2024Q4,22,5.8687061402640115,0.0,0.5909090909090909,457.0,0.0,0.0,16665463.0
BIJNOR(DISTRICT MAGISTRATE BIJNOR_IDA),2025Q1,122,5.2418452043147825,0.0,0.7622950819672131,329.0,0.08196721311475409,0.0,38103889.0
BIJNOR(DISTRICT MAGISTRATE BIJNOR_IDA),2025Q2,3,5.997779430865604,0.0,0.0,345.0,0.0,0.0,3114400.0
BIJNOR(DISTRICT MAGISTRATE BIJNOR_IDA),2025Q3,143,5.028774526500088,0.006993006993006993,0.8321678321678322,166.0,0.8461538461538461,0.0,33371048.0
BIJNOR(DISTRICT MAGISTRATE BIJNOR_IDA),2025Q4,176,5.028977705208778,0.0,0.0,345.0,0.7784090909090909,0.0,30929000.0
BIJNOR(DISTRICT MAGISTRATE BIJNOR_IDA),2026Q1,85,5.0285712526925375,0.0,0.0,345.0,0.023529411764705882,0.0,10773600.0
BIKANER(DISTRICT COLLECTOR BIKANER_IDA),2023Q3,1,6.477121254719663,1.0,0.0,345.0,0.0,0.0,3000000.0
BIKANER(DISTRICT COLLECTOR BIKANER_IDA),2023Q4,1,5.998298580128037,0.0,1.0,754.0,0.0,0.0,996090.0
BIKANER(DISTRICT COLLECTOR BIKANER_IDA),2024Q3,1,6.175993097410087,0.0,1.0,368.0,0.0,0.0,1499661.0
BIKANER(DISTRICT COLLECTOR BIKANER_IDA),2024Q4,22,6.0,0.8181818181818182,0.22727272727272727,384.0,0.0,0.0,25732096.0
BIKANER(DISTRICT COLLECTOR BIKANER_IDA),2025Q1,6,6.041392685158225,0.8333333333333334,0.3333333333333333,389.0,0.0,0.0,6690950.0
BIKANER(DISTRICT COLLECTOR BIKANER_IDA),2025Q2,11,6.158601589824832,0.8181818181818182,0.2727272727272727,314.0,0.0,0.0,19274943.0
BIKANER(DISTRICT COLLECTOR BIKANER_IDA),2025Q3,9,6.1759290921760694,0.7777777777777778,0.3333333333333333,151.0,0.0,0.0,11797520.0
BIKANER(DISTRICT COLLECTOR BIKANER_IDA),2025Q4,46,5.698970004336019,0.7608695652173914,0.2391304347826087,165.0,0.0,0.0,28910601.0
BIKANER(DISTRICT COLLECTOR BIKANER_IDA),2026Q1,6,6.161368002234975,1.0,0.0,345.0,0.0,0.0,8400000.0
"BILASPUR(DEPUTY COMMISSIONER, BILASPUR)",2023Q3,15,5.0,0.8666666666666667,0.5333333333333333,692.0,0.0,0.0,2300000.0
"BILASPUR(DEPUTY COMMISSIONER, BILASPUR)",2023Q4,29,5.301029995663981,1.0,0.5862068965517241,857.0,0.0,0.0,5600000.0
"BILASPUR(DEPUTY COMMISSIONER, BILASPUR)",2024Q1,52,5.176091259055681,0.9038461538461539,0.6730769230769231,544.0,0.0,0.0,10575000.0
"BILASPUR(DEPUTY COMMISSIONER, BILASPUR)",2024Q3,4,5.477121254719663,1.0,0.0,345.0,0.0,0.0,1400000.0
"BILASPUR(DEPUTY COMMISSIONER, BILASPUR)",2024Q4,3,5.477121254719663,1.0,0.0,345.0,0.0,0.0,900000.0
"BILASPUR(DEPUTY COMMISSIONER, BILASPUR)",2025Q1,9,5.3979400086720375,0.7777777777777778,0.5555555555555556,400.0,0.5555555555555556,0.0,2230000.0
"BILASPUR(DEPUTY COMMISSIONER, BILASPUR)",2025Q2,13,5.301029995663981,0.9230769230769231,0.15384615384615385,295.0,0.0,0.0,4599874.0
"BILASPUR(DEPUTY COMMISSIONER, BILASPUR)",2025Q3,1,5.477121254719663,1.0,0.0,345.0,0.0,0.0,300000.0
"BILASPUR(DEPUTY COMMISSIONER, BILASPUR)",2025Q4,2,6.0,1.0,0.0,345.0,0.0,0.0,2000000.0
"BILASPUR(DEPUTY COMMISSIONER, BILASPUR)",2026Q1,1,5.301029995663981,1.0,0.0,345.0,0.0,0.0,200000.0
BILASPUR(DISTRICT COLLECTOR BILASPUR_IDA),2023Q3,89,5.698970004336019,0.7528089887640449,0.5842696629213483,770.0,0.16853932584269662,0.0,40774527.0
BILASPUR(DISTRICT COLLECTOR BILASPUR_IDA),2024Q1,2,5.2420206087290895,0.0,0.0,345.0,0.0,0.0,349181.0
BILASPUR(DISTRICT COLLECTOR BILASPUR_IDA),2024Q4,17,5.698970004336019,0.9411764705882353,0.23529411764705882,440.0,0.0,0.0,10699797.0
BILASPUR(DISTRICT COLLECTOR BILASPUR_IDA),2025Q1,29,5.698970004336019,0.6896551724137931,0.2413793103448276,218.0,0.0,0.0,19619079.0
BILASPUR(DISTRICT COLLECTOR BILASPUR_IDA),2025Q2,10,5.698970004336019,0.9,0.2,175.5,0.0,0.0,7729738.0
BILASPUR(DISTRICT COLLECTOR BILASPUR_IDA),2025Q3,3,5.845098040014257,0.3333333333333333,0.0,345.0,0.0,0.0,5145000.0
BILASPUR(DISTRICT COLLECTOR BILASPUR_IDA),2025Q4,3,6.0,1.0,0.0,345.0,0.0,0.0,2800000.0
BILASPUR(DISTRICT COLLECTOR BILASPUR_IDA),2026Q1,15,6.0,1.0,0.0,345.0,0.0,0.0,13500000.0
BIRBHUM(DISTRICT MAGISTRATE BIRBHUM_IDA),2023Q3,5,6.079181246047625,0.6,0.4,214.0,0.0,0.0,7463789.0
BIRBHUM(DISTRICT MAGISTRATE BIRBHUM_IDA),2023Q4,102,5.6710510565057275,0.14705882352941177,0.7941176470588235,175.0,0.09803921568627451,0.0,80898084.74
BIRBHUM(DISTRICT MAGISTRATE BIRBHUM_IDA),2024Q1,71,5.539933798760363,0.1267605633802817,0.8450704225352113,283.5,0.0,0.0,41421904.0
BIRBHUM(DISTRICT MAGISTRATE BIRBHUM_IDA),2024Q3,37,5.762614052329332,0.16216216216216217,0.7297297297297297,122.0,0.0,0.0,42823711.0
BIRBHUM(DISTRICT MAGISTRATE BIRBHUM_IDA),2024Q4,57,5.697623342910822,0.2982456140350877,0.6666666666666666,127.5,0.07017543859649122,0.0,43200513.6
BIRBHUM(DISTRICT MAGISTRATE BIRBHUM_IDA),2025Q1,54,5.829303772831025,0.48148148148148145,0.14814814814814814,254.0,0.037037037037037035,0.0,76909325.0
BIRBHUM(DISTRICT MAGISTRATE BIRBHUM_IDA),2025Q2,27,5.698970004336019,0.5555555555555556,0.37037037037037035,220.5,0.0,0.0,33674578.0
BIRBHUM(DISTRICT MAGISTRATE BIRBHUM_IDA),2025Q3,32,5.694605198933568,0.5,0.09375,232.0,0.0,0.0,26718070.0
BIRBHUM(DISTRICT MAGISTRATE BIRBHUM_IDA),2025Q4,18,5.812913356642856,0.5,0.0,345.0,0.0,0.0,24496373.0
BIRBHUM(DISTRICT MAGISTRATE BIRBHUM_IDA),2026Q1,41,5.511883360978874,0.8048780487804879,0.0,345.0,0.0,0.0,31444692.0
BISHNUPUR(Deputy Commissioner Bishnupur_ida),2024Q1,5,6.176091259055681,0.8,0.0,345.0,0.0,0.0,12054000.0
BISHNUPUR(Deputy Commissioner Bishnupur_ida),2025Q1,3,6.414973347970818,1.0,0.0,345.0,0.0,0.0,9000000.0
BISHNUPUR(Deputy Commissioner Bishnupur_ida),2025Q2,1,6.0,1.0,0.0,345.0,0.0,0.0,1000000.0
BISHNUPUR(Deputy Commissioner Bishnupur_ida),2025Q3,1,6.074210272055935,0.0,0.0,345.0,0.0,0.0,1186343.0
BISHNUPUR(Deputy Commissioner Bishnupur_ida),2026Q1,1,5.778151250383644,1.0,0.0,345.0,0.0,0.0,600000.0
BOKARO(DEPUTY COMMISSIONER BOKARO_IDA),2023Q2,2,6.041392685158225,1.0,0.0,345.0,0.0,0.0,2200000.0
BOKARO(DEPUTY COMMISSIONER BOKARO_IDA),2023Q3,22,5.637989780784685,0.22727272727272727,0.0,345.0,0.0,0.0,10579700.0
BOKARO(DEPUTY COMMISSIONER BOKARO_IDA),2023Q4,209,5.176091259055681,0.7320574162679426,0.0,345.0,0.0,0.0,51397400.0
BOKARO(DEPUTY COMMISSIONER BOKARO_IDA),2024Q1,15,5.477121254719663,0.8,0.0,345.0,0.0,0.0,4521000.0
BOKARO(DEPUTY COMMISSIONER BOKARO_IDA),2024Q3,350,4.342422680822207,0.002857142857142857,0.0,345.0,0.0,0.0,18740000.0
BOKARO(DEPUTY COMMISSIONER BOKARO_IDA),2024Q4,23,5.342422680822207,0.0,0.0,345.0,0.0,0.0,4950000.0
BOKARO(DEPUTY COMMISSIONER BOKARO_IDA),2025Q2,20,5.544068044350276,0.9,0.0,345.0,0.0,0.0,7567000.0
BOKARO(DEPUTY COMMISSIONER BOKARO_IDA),2025Q3,60,5.544068044350276,0.7333333333333333,0.0,345.0,0.0,0.0,21106800.0
BOKARO(DEPUTY COMMISSIONER BOKARO_IDA),2025Q4,5,5.544068044350276,0.8,0.0,345.0,0.0,0.0,1875000.0
BOKARO(DEPUTY COMMISSIONER BOKARO_IDA),2026Q1,33,5.574031267727719,0.5454545454545454,0.0,345.0,0.0,0.0,11809000.0
BONGAIGAON(Deputy Commissioner Bongaigaon_IDA),2023Q3,15,5.6020599913279625,1.0,0.0,345.0,0.0,0.0,6350000.0
BONGAIGAON(Deputy Commissioner Bongaigaon_IDA),2023Q4,8,5.6020599913279625,1.0,0.0,345.0,0.0,0.0,3750000.0
BONGAIGAON(Deputy Commissioner Bongaigaon_IDA),2024Q1,16,5.511883360978874,1.0,0.0,345.0,0.0,0.0,6450000.0
BONGAIGAON(Deputy Commissioner Bongaigaon_IDA),2024Q3,2,5.698970004336019,1.0,0.0,345.0,0.0,0.0,1000000.0
BONGAIGAON(Deputy Commissioner Bongaigaon_IDA),2024Q4,3,5.954242509439325,0.6666666666666666,0.0,345.0,0.0,0.0,3398000.0
BONGAIGAON(Deputy Commissioner Bongaigaon_IDA),2025Q1,13,6.0,1.0,0.0,345.0,0.0,0.0,13400000.0
BONGAIGAON(Deputy Commissioner Bongaigaon_IDA),2025Q2,6,6.243038048686294,1.0,0.0,345.0,0.0,0.0,10800000.0
BONGAIGAON(Deputy Commissioner Bongaigaon_IDA),2025Q4,10,6.033423755486949,0.9,0.0,345.0,0.0,0.0,15660000.0
BONGAIGAON(Deputy Commissioner Bongaigaon_IDA),2026Q1,16,5.698970004336019,0.9375,0.0,345.0,0.0,0.0,10070000.0
BOTAD(District collector Botad_IDA),2023Q1,1,5.477051762042995,0.0,1.0,1111.0,0.0,0.0,299952.0
BOTAD(District collector Botad_IDA),2023Q3,2,5.476883051265335,0.0,1.0,766.0,0.0,0.0,599671.0
BOTAD(District collector Botad_IDA),2023Q4,16,5.395532568463632,0.625,0.25,799.0,0.4375,0.0,6146332.0
BOTAD(District collector Botad_IDA),2024Q1,101,4.988112840268352,0.12871287128712872,0.48514851485148514,522.0,0.7524752475247525,0.0,17247984.0
BOTAD(District collector Botad_IDA),2024Q3,1,4.658011396657113,0.0,0.0,345.0,0.0,0.0,45500.0
BOTAD(District collector Botad_IDA),2024Q4,5,5.477121254719663,0.4,0.6,210.0,0.0,0.0,1698483.0
BOTAD(District collector Botad_IDA),2025Q1,8,5.602045333641848,0.75,0.25,251.5,0.0,0.0,6745473.0
BOTAD(District collector Botad_IDA),2025Q2,2,5.5938396610812715,0.5,0.0,345.0,0.0,0.0,785000.0
BOTAD(District collector Botad_IDA),2025Q3,12,5.3979400086720375,0.6666666666666666,0.08333333333333333,130.0,0.0,0.0,2949953.0
BOTAD(District collector Botad_IDA),2025Q4,1,5.69810054562339,0.0,0.0,345.0,0.0,0.0,499000.0
BOTAD(District collector Botad_IDA),2026Q1,3,5.698970004336019,1.0,0.0,345.0,0.0,0.0,4500000.0
BOUDH(District Collector Boudh_IDA),2024Q1,1,5.698970004336019,1.0,0.0,345.0,0.0,0.0,500000.0
BOUDH(District Collector Boudh_IDA),2025Q1,2,5.3979400086720375,1.0,0.0,345.0,0.0,0.0,500000.0
BOUDH(District Collector Boudh_IDA),2025Q2,2,5.217447093421749,0.5,0.5,176.0,0.0,0.0,329972.0
BOUDH(District Collector Boudh_IDA),2025Q3,1,5.301029995663981,1.0,0.0,345.0,0.0,0.0,200000.0
BOUDH(District Collector Boudh_IDA),2026Q1,10,5.653212513775344,0.8,0.0,345.0,0.0,0.0,5160000.0
BUDAUN(DISTRICT MAGISTRATE BUDAUN_IDA),2023Q3,218,5.2129143726086715,0.0,1.0,285.0,0.9954128440366973,0.0,35945501.89
BUDAUN(DISTRICT MAGISTRATE BUDAUN_IDA),2023Q4,117,5.213353039170902,0.017094017094017096,0.9572649572649573,193.0,0.23076923076923078,0.0,66553049.32
BUDAUN(DISTRICT MAGISTRATE BUDAUN_IDA),2024Q1,123,5.213328644995042,0.0,0.45528455284552843,130.0,0.2845528455284553,0.0,47094179.36
BUDAUN(DISTRICT MAGISTRATE BUDAUN_IDA),2024Q3,3,6.290226771991588,0.0,1.0,471.0,0.0,0.0,49800950.0
BUDAUN(DISTRICT MAGISTRATE BUDAUN_IDA),2024Q4,130,5.229425847920695,0.09230769230769231,0.7769230769230769,295.0,0.0,0.0,56188773.0
BUDAUN(DISTRICT MAGISTRATE BUDAUN_IDA),2025Q1,1,6.375553883598933,0.0,1.0,183.0,0.0,0.0,2374400.0
BUDAUN(DISTRICT MAGISTRATE BUDAUN_IDA),2025Q2,6,6.393206554563365,0.0,0.8333333333333334,231.0,0.0,0.0,32086878.0
BUDAUN(DISTRICT MAGISTRATE BUDAUN_IDA),2025Q3,16,5.974048136577177,0.0,0.75,136.0,0.375,0.0,31318981.0
BUDAUN(DISTRICT MAGISTRATE BUDAUN_IDA),2025Q4,5,6.1195857749617835,0.0,0.2,107.0,0.0,0.0,41455988.0
BUDAUN(DISTRICT MAGISTRATE BUDAUN_IDA),2026Q1,33,6.0178677189635055,0.06060606060606061,0.0,345.0,0.0,0.0,34871300.0
BULANDSHAHR(DISTRICT MAGISTRATE BULANDSHAHR_IDA),2023Q2,164,5.18162587184523,0.0,1.0,128.0,0.23170731707317074,0.0,28311648.42
BULANDSHAHR(DISTRICT MAGISTRATE BULANDSHAHR_IDA),2023Q3,183,5.181763578960211,0.0,1.0,135.0,0.0,0.0,46474680.28
BULANDSHAHR(DISTRICT MAGISTRATE BULANDSHAHR_IDA),2023Q4,36,5.956350469319047,0.0,1.0,216.0,0.0,0.0,30293788.0
BULANDSHAHR(DISTRICT MAGISTRATE BULANDSHAHR_IDA),2024Q1,5,5.715133048065957,0.0,0.8,361.5,0.0,0.0,11031658.0
BULANDSHAHR(DISTRICT MAGISTRATE BULANDSHAHR_IDA),2024Q3,6,5.819289864768452,0.16666666666666666,0.6666666666666666,439.0,0.3333333333333333,0.0,5483456.0
BULANDSHAHR(DISTRICT MAGISTRATE BULANDSHAHR_IDA),2024Q4,1,6.0,1.0,0.0,345.0,0.0,0.0,1000000.0
BULANDSHAHR(DISTRICT MAGISTRATE BULANDSHAHR_IDA),2025Q1,90,5.925049475426235,0.011111111111111112,0.9222222222222223,252.0,0.0,0.14444444444444443,80761060.0
BULANDSHAHR(DISTRICT MAGISTRATE BULANDSHAHR_IDA),2025Q2,10,5.819543935541868,0.1,0.3,171.0,0.0,0.0,7722065.0
BULANDSHAHR(DISTRICT MAGISTRATE BULANDSHAHR_IDA),2025Q3,58,5.478934263730275,0.034482758620689655,0.7586206896551724,114.0,0.0,0.0,43691239.0
BULANDSHAHR(DISTRICT MAGISTRATE BULANDSHAHR_IDA),2025Q4,80,5.448774317987945,0.0,0.8625,150.0,0.0875,0.0,34048059.0
BULDHANA(DISTRICT COLLECTOR BULDHANA_IDA),2022Q1,16,5.786664128697847,0.0625,0.25,1440.5,0.0,0.0,10471782.0
BULDHANA(DISTRICT COLLECTOR BULDHANA_IDA),2023Q2,25,5.902709812969877,0.12,0.56,941.0,0.0,0.0,16666920.0
BULDHANA(DISTRICT COLLECTOR BULDHANA_IDA),2023Q4,5,5.69407846208076,0.2,0.4,789.5,0.0,0.0,2648459.0
BULDHANA(DISTRICT COLLECTOR BULDHANA_IDA),2024Q1,163,5.840075341302026,0.04294478527607362,0.7361963190184049,704.0,0.0,0.0,111143150.0
BULDHANA(DISTRICT COLLECTOR BULDHANA_IDA),2024Q3,1,6.25232160506639,0.0,1.0,490.0,0.0,0.0,1787811.0
BULDHANA(DISTRICT COLLECTOR BULDHANA_IDA),2024Q4,2,6.2419559288215964,0.5,0.0,345.0,0.0,0.0,3491290.0
BULDHANA(DISTRICT COLLECTOR BULDHANA_IDA),2025Q4,4,5.829303772831025,1.0,0.0,345.0,0.0,0.0,2700000.0
BULDHANA(DISTRICT COLLECTOR BULDHANA_IDA),2026Q1,39,5.845098040014257,1.0,0.0,345.0,0.0,0.0,28350000.0
BUNDI(DISTRICT COLLECTOR BUNDI_IDA),2023Q3,61,5.477121254719663,0.6885245901639344,0.26229508196721313,926.0,0.0,0.0,28710355.0
BUNDI(DISTRICT COLLECTOR BUNDI_IDA),2023Q4,14,5.698970004336019,0.8571428571428571,0.14285714285714285,842.0,0.0,0.0,6615506.0
BUNDI(DISTRICT COLLECTOR BUNDI_IDA),2024Q1,91,5.698970004336019,0.7142857142857143,0.23076923076923078,699.0,0.0,0.0,54555144.0
BUNDI(DISTRICT COLLECTOR BUNDI_IDA),2024Q3,2,5.653212513775344,1.0,0.0,345.0,0.0,0.0,900000.0
BUNDI(DISTRICT COLLECTOR BUNDI_IDA),2024Q4,3,5.698970004336019,1.0,0.0,345.0,0.0,0.0,2000000.0
BUNDI(DISTRICT COLLECTOR BUNDI_IDA),2025Q1,3,5.698970004336019,1.0,0.0,345.0,0.0,0.0,2500000.0
BUNDI(DISTRICT COLLECTOR BUNDI_IDA),2025Q2,15,5.698970004336019,0.7333333333333333,0.06666666666666667,329.0,0.0,0.0,13140758.0
BUNDI(DISTRICT COLLECTOR BUNDI_IDA),2025Q3,8,5.698970004336019,0.75,0.0,345.0,0.0,0.0,5140000.0
BUNDI(DISTRICT COLLECTOR BUNDI_IDA),2025Q4,8,5.892928982355206,0.75,0.125,123.0,0.0,0.0,6561840.0
BUNDI(DISTRICT COLLECTOR BUNDI_IDA),2026Q1,2,5.698970004336019,1.0,0.0,345.0,0.0,0.0,1000000.0
BURHANPUR(District Collector Burhanpur_IDA),2023Q3,44,5.685741738602264,0.022727272727272728,0.9545454545454546,883.0,0.0,0.0,20804300.0
BURHANPUR(District Collector Burhanpur_IDA),2023Q4,12,5.653212513775344,0.9166666666666666,0.6666666666666666,765.0,0.0,0.0,6104000.0
BURHANPUR(District Collector Burhanpur_IDA),2024Q1,23,5.4773528166989705,0.4782608695652174,0.6521739130434783,716.0,0.0,0.0,8470360.0
BURHANPUR(District Collector Burhanpur_IDA),2024Q3,8,5.0,1.0,0.0,345.0,1.0,0.0,800000.0
BURHANPUR(District Collector Burhanpur_IDA),2024Q4,8,5.698970004336019,0.75,0.5,471.0,0.0,0.0,3261813.0
BURHANPUR(District Collector Burhanpur_IDA),2025Q1,11,5.56139598353383,0.0,0.8181818181818182,383.0,0.5454545454545454,0.0,3514287.0
BURHANPUR(District Collector Burhanpur_IDA),2025Q2,22,5.557805451359433,0.045454545454545456,0.6818181818181818,226.0,0.7727272727272727,0.0,8977765.0
BURHANPUR(District Collector Burhanpur_IDA),2025Q3,1,5.845098040014257,1.0,0.0,345.0,0.0,0.0,700000.0
BURHANPUR(District Collector Burhanpur_IDA),2026Q1,11,5.698970004336019,0.9090909090909091,0.0,345.0,0.18181818181818182,0.0,4962006.0
BUXAR(DISTRICT PLANNING OFFICER BUXAR_IDA),2023Q3,15,5.770536849792911,0.0,1.0,351.0,0.0,0.0,10139048.0
BUXAR(DISTRICT PLANNING OFFICER BUXAR_IDA),2023Q4,19,5.846301847470938,0.15789473684210525,0.8421052631578947,290.0,0.0,0.0,17070139.0
BUXAR(DISTRICT PLANNING OFFICER BUXAR_IDA),2024Q1,11,6.087072627490074,0.18181818181818182,0.8181818181818182,465.0,0.0,0.0,12953064.0
BUXAR(DISTRICT PLANNING OFFICER BUXAR_IDA),2024Q3,8,6.1592643748076386,0.0,1.0,395.0,0.0,0.0,8227082.0
BUXAR(DISTRICT PLANNING OFFICER BUXAR_IDA),2025Q2,13,6.1724899649300085,0.0,1.0,195.0,0.0,0.0,16145627.0
BUXAR(DISTRICT PLANNING OFFICER BUXAR_IDA),2025Q3,9,6.1746141755078545,0.0,0.8888888888888888,106.0,0.0,0.0,11002257.0
BUXAR(DISTRICT PLANNING OFFICER BUXAR_IDA),2026Q1,3,5.845098040014257,1.0,0.0,345.0,0.0,0.0,2200000.0
Balodabazar-Bhatapara(Collector Baloda Bazar_IDA),2023Q3,24,5.69810054562339,0.3333333333333333,0.9166666666666666,180.0,0.0,0.0,13050949.0
Balodabazar-Bhatapara(Collector Baloda Bazar_IDA),2023Q4,5,5.698970004336019,0.6,1.0,346.0,0.0,0.0,2492000.0
Balodabazar-Bhatapara(Collector Baloda Bazar_IDA),2024Q1,12,5.698970004336019,0.75,1.0,307.5,0.0,0.0,6195253.0
Balodabazar-Bhatapara(Collector Baloda Bazar_IDA),2024Q3,1,6.300812794118117,0.0,1.0,462.0,0.0,0.0,1999000.0
Balodabazar-Bhatapara(Collector Baloda Bazar_IDA),2024Q4,18,5.880330456754719,0.3888888888888889,0.8333333333333334,205.0,0.0,0.0,15030258.0
Balodabazar-Bhatapara(Collector Baloda Bazar_IDA),2025Q1,12,5.511214701136388,0.4166666666666667,0.6666666666666666,339.0,0.0,0.0,5145381.0
Balodabazar-Bhatapara(Collector Baloda Bazar_IDA),2025Q2,7,6.0,0.8571428571428571,0.8571428571428571,321.0,0.0,0.0,8499000.0
Balodabazar-Bhatapara(Collector Baloda Bazar_IDA),2025Q3,12,6.0,0.8333333333333334,0.25,161.0,0.0,0.0,12198345.0
Balodabazar-Bhatapara(Collector Baloda Bazar_IDA),2025Q4,8,5.8750612633917,1.0,0.125,117.0,0.0,0.0,6500000.0
Balodabazar-Bhatapara(Collector Baloda Bazar_IDA),2026Q1,11,5.698970004336019,1.0,0.18181818181818182,116.5,0.0,0.0,6600000.0
Balotra(DISTRICT COLLECTOR Balotra_IDA),2024Q1,1,5.698970004336019,1.0,0.0,345.0,0.0,0.0,500000.0
Balotra(DISTRICT COLLECTOR Balotra_IDA),2024Q3,1,6.176091259055681,1.0,1.0,92.0,0.0,0.0,1500000.0
Balotra(DISTRICT COLLECTOR Balotra_IDA),2024Q4,3,6.301029995663981,0.6666666666666666,0.3333333333333333,429.0,0.0,0.0,4994499.0
Balotra(DISTRICT COLLECTOR Balotra_IDA),2025Q1,42,5.176091259055681,0.7857142857142857,0.6428571428571429,269.0,0.0,0.0,20135601.0
Balotra(DISTRICT COLLECTOR Balotra_IDA),2025Q2,13,5.954242509439325,0.9230769230769231,0.3076923076923077,241.0,0.3076923076923077,0.0,12299632.0
Balotra(DISTRICT COLLECTOR Balotra_IDA),2025Q3,2,6.113943352306837,1.0,0.0,345.0,0.5,0.0,2600000.0
Balotra(DISTRICT COLLECTOR Balotra_IDA),2025Q4,12,5.778151250383644,1.0,0.08333333333333333,175.0,0.9166666666666666,0.0,8200000.0
Balrampur Ramanujganj(District Collector BALRAMPUR_IDA),2023Q4,3,5.987178526870033,0.0,0.6666666666666666,814.5,0.0,0.0,2769950.0
Balrampur Ramanujganj(District Collector BALRAMPUR_IDA),2024Q3,5,6.0,1.0,0.0,345.0,0.0,0.0,5000000.0
Balrampur Ramanujganj(District Collector BALRAMPUR_IDA),2024Q4,25,5.698970004336019,0.56,0.08,402.0,0.32,0.0,15434092.0
Balrampur Ramanujganj(District Collector BALRAMPUR_IDA),2025Q2,4,5.999698712293209,0.25,0.25,279.0,0.0,0.0,4946591.0
Balrampur Ramanujganj(District Collector BALRAMPUR_IDA),2025Q4,1,6.0,1.0,0.0,345.0,0.0,0.0,1000000.0
Balrampur Ramanujganj(District Collector BALRAMPUR_IDA),2026Q1,9,6.0,0.7777777777777778,0.0,345.0,0.0,0.0,8360708.0
Bapatla(DISTRICT COLLECTOR BAPATLA_IDA),2023Q4,66,5.698601131712288,0.10606060606060606,0.8636363636363636,854.0,0.0,0.0,54832691.0
Bapatla(DISTRICT COLLECTOR BAPATLA_IDA),2024Q1,57,5.689599179846387,0.05263157894736842,0.9473684210526315,786.0,0.0,0.0,31000590.0
Bapatla(DISTRICT COLLECTOR BAPATLA_IDA),2025Q1,8,5.698310679382457,0.375,0.625,440.0,0.0,0.0,5343570.0
Bapatla(DISTRICT COLLECTOR BAPATLA_IDA),2025Q2,19,5.653212513775344,0.8947368421052632,0.0,345.0,0.0,0.0,11080000.0
Bapatla(DISTRICT COLLECTOR BAPATLA_IDA),2025Q3,35,5.954242509439325,0.8571428571428571,0.02857142857142857,213.0,0.0,0.0,41312500.0
Bapatla(DISTRICT COLLECTOR BAPATLA_IDA),2025Q4,17,6.0,1.0,0.0,345.0,0.0,0.0,23950000.0
Bapatla(DISTRICT COLLECTOR BAPATLA_IDA),2026Q1,40,5.623249290397901,0.175,0.0,345.0,0.0,0.0,27610000.0
Bara Banki(DISTRICT MAGISTRATE BARABANKI_IDA),2023Q3,505,4.299746933493803,0.0019801980198019802,0.9108910891089109,632.0,0.9782178217821782,0.0,24134597.0
Bara Banki(DISTRICT MAGISTRATE BARABANKI_IDA),2023Q4,685,4.299420125982029,0.00583941605839416,0.9401459854014599,672.0,0.9927007299270073,0.0,50424687.0
Bara Banki(DISTRICT MAGISTRATE BARABANKI_IDA),2024Q1,168,4.299420125982029,0.023809523809523808,0.9702380952380952,699.0,0.9464285714285714,0.0,21510448.0
Bara Banki(DISTRICT MAGISTRATE BARABANKI_IDA),2024Q3,1,5.698970004336019,1.0,0.0,345.0,0.0,0.0,500000.0
Bara Banki(DISTRICT MAGISTRATE BARABANKI_IDA),2024Q4,2,6.85895676270953,0.5,0.5,406.0,0.0,0.0,14453957.0
Bara Banki(DISTRICT MAGISTRATE BARABANKI_IDA),2025Q1,11,6.2393728148847085,0.0,0.45454545454545453,335.0,0.6363636363636364,0.0,16327444.0
Bara Banki(DISTRICT MAGISTRATE BARABANKI_IDA),2025Q2,5,6.345961541813141,0.0,0.4,239.5,0.0,0.0,17978167.0
Bara Banki(DISTRICT MAGISTRATE BARABANKI_IDA),2025Q3,4,6.201123897207379,0.5,0.0,345.0,0.0,0.0,16778000.0
Bara Banki(DISTRICT MAGISTRATE BARABANKI_IDA),2025Q4,2,5.933740299496935,0.0,0.0,345.0,0.0,0.0,1717000.0
Bara Banki(DISTRICT MAGISTRATE BARABANKI_IDA),2026Q1,3,6.955687750313506,0.0,0.0,345.0,0.0,0.0,23051893.0
Beawar(DISTRICT COLLECTOR Beawar_IDA),2024Q1,6,5.698970004336019,1.0,0.0,345.0,0.0,0.0,2600000.0
Beawar(DISTRICT COLLECTOR Beawar_IDA),2024Q4,1,6.0,1.0,0.0,345.0,0.0,0.0,1000000.0
Beawar(DISTRICT COLLECTOR Beawar_IDA),2025Q1,6,5.698970004336019,0.8333333333333334,0.16666666666666666,445.0,0.0,0.0,3499600.0
Beawar(DISTRICT COLLECTOR Beawar_IDA),2025Q2,16,5.698970004336019,0.9375,0.0,345.0,0.125,0.0,10715000.0
Beawar(DISTRICT COLLECTOR Beawar_IDA),2025Q3,5,5.698970004336019,0.6,0.0,345.0,0.0,0.0,4699672.0
Beawar(DISTRICT COLLECTOR Beawar_IDA),2025Q4,1,5.698970004336019,1.0,0.0,345.0,0.0,0.0,500000.0
Beawar(DISTRICT COLLECTOR Beawar_IDA),2026Q1,2,5.845098040014257,1.0,0.0,345.0,0.0,0.0,1400000.0
Biswanath(Deputy Commissioner Biswanath_IDA),2024Q1,47,5.698970004336019,0.7021276595744681,0.425531914893617,816.0,0.0,0.0,27229455.32
Biswanath(Deputy Commissioner Biswanath_IDA),2024Q4,3,5.778151250383644,0.6666666666666666,0.3333333333333333,454.0,0.0,0.0,2599999.44
Biswanath(Deputy Commissioner Biswanath_IDA),2025Q1,14,5.698970004336019,0.9285714285714286,0.14285714285714285,402.0,0.0,0.0,11040264.0
Biswanath(Deputy Commissioner Biswanath_IDA),2025Q2,16,5.92937932647095,0.875,0.375,297.0,0.0,0.0,17277845.0
Biswanath(Deputy Commissioner Biswanath_IDA),2025Q3,13,5.698970004336019,0.7692307692307693,0.15384615384615385,270.0,0.0,0.0,10477823.0
Biswanath(Deputy Commissioner Biswanath_IDA),2025Q4,11,5.841984804590114,0.7272727272727273,0.0,345.0,0.0,0.0,11048000.0
Budgam(Deputy Commissioner  Budgam_IDA),2025Q2,15,5.477121254719663,0.6,0.0,345.0,0.0,0.0,8062189.0
Budgam(Deputy Commissioner  Budgam_IDA),2025Q3,10,5.477121254719663,0.8,0.0,345.0,0.0,0.0,2774000.0
Budgam(Deputy Commissioner  Budgam_IDA),2025Q4,8,5.477121254719663,0.75,0.0,345.0,0.0,0.0,4442877.46
Budgam(Deputy Commissioner  Budgam_IDA),2026Q1,5,5.301029995663981,1.0,0.0,345.0,0.0,0.0,1300000.0
CACHAR(DEPUTY COMMISSIONER CACHAR_IDA),2023Q2,47,5.5031094366713695,0.0,0.9361702127659575,1002.0,0.0,0.0,14996813.65
CACHAR(DEPUTY COMMISSIONER CACHAR_IDA),2023Q3,18,5.698921360629948,0.5,0.5,892.0,0.0,0.0,11782857.0
CACHAR(DEPUTY COMMISSIONER CACHAR_IDA),2023Q4,51,5.601778694571274,0.09803921568627451,0.9019607843137255,877.0,0.0,0.0,29491327.68
CACHAR(DEPUTY COMMISSIONER CACHAR_IDA),2024Q1,3,5.7259075505608115,0.0,1.0,723.0,0.0,0.0,1364987.0
CACHAR(DEPUTY COMMISSIONER CACHAR_IDA),2025Q2,75,5.698970004336019,1.0,0.0,345.0,0.0,0.0,40400000.0
CACHAR(DEPUTY COMMISSIONER CACHAR_IDA),2025Q4,11,6.0,1.0,0.0,345.0,0.0,0.0,16500000.0
CACHAR(DEPUTY COMMISSIONER CACHAR_IDA),2026Q1,15,6.0,1.0,0.0,345.0,0.0,0.0,15300000.0
CENTRAL(COMMISSIONER MCD (CENTRAL DISTRICT)),2022Q3,4,5.694647748934683,0.0,1.0,1298.5,0.0,0.0,1905188.0
CENTRAL(COMMISSIONER MCD (CENTRAL DISTRICT)),2022Q4,1,5.92610980007514,0.0,1.0,1223.0,0.0,0.0,843548.0
CENTRAL(COMMISSIONER MCD (CENTRAL DISTRICT)),2023Q1,1,4.986243095659338,0.0,1.0,1075.0,0.0,0.0,96882.0
CENTRAL(COMMISSIONER MCD (CENTRAL DISTRICT)),2023Q2,2,5.54360558479917,0.0,1.0,796.0,0.0,0.0,699255.0
CENTRAL(COMMISSIONER MCD (CENTRAL DISTRICT)),2023Q3,15,5.780279858928117,0.0,0.9333333333333333,676.5,0.0,0.0,38618235.0
CENTRAL(COMMISSIONER MCD (CENTRAL DISTRICT)),2023Q4,3,5.699744962448916,0.0,1.0,851.0,0.0,0.0,1506832.0
CENTRAL(COMMISSIONER MCD (CENTRAL DISTRICT)),2024Q1,29,5.781883131756525,0.034482758620689655,0.8275862068965517,704.0,0.0,0.0,38137514.0
CENTRAL(COMMISSIONER MCD (CENTRAL DISTRICT)),2024Q4,7,5.544068044350276,0.42857142857142855,0.42857142857142855,519.0,0.0,0.0,2606021.0
CENTRAL(COMMISSIONER MCD (CENTRAL DISTRICT)),2025Q1,9,6.00060325016804,0.1111111111111111,0.5555555555555556,291.0,0.0,0.0,9132318.0
CENTRAL(COMMISSIONER MCD (CENTRAL DISTRICT)),2025Q2,13,5.853512045674059,0.07692307692307693,0.23076923076923078,276.0,0.38461538461538464,0.0,38789362.0
CENTRAL(COMMISSIONER MCD (CENTRAL DISTRICT)),2025Q3,17,5.68549452335289,0.23529411764705882,0.11764705882352941,167.5,0.17647058823529413,0.0,9069981.0
CENTRAL(COMMISSIONER MCD (CENTRAL DISTRICT)),2025Q4,17,5.96420068286294,0.058823529411764705,0.0,345.0,0.35294117647058826,0.0,22032086.0
CENTRAL(COMMISSIONER MCD (CENTRAL DISTRICT)),2026Q1,14,5.821887725064,0.42857142857142855,0.0,345.0,0.5,0.0,20076920.0
CHAMARAJANAGARA(DEPUTY COMMISSIONER CHAMARAJNAGAR_IDA),2023Q4,67,5.698970004336019,1.0,0.0,345.0,0.0,0.0,37800000.0
CHAMARAJANAGARA(DEPUTY COMMISSIONER CHAMARAJNAGAR_IDA),2024Q4,2,6.0,1.0,0.0,345.0,0.0,0.0,2000000.0
CHAMARAJANAGARA(DEPUTY COMMISSIONER CHAMARAJNAGAR_IDA),2025Q1,32,5.778151250383644,1.0,0.0,345.0,0.0,0.0,23000000.0
CHAMARAJANAGARA(DEPUTY COMMISSIONER CHAMARAJNAGAR_IDA),2025Q3,1,5.698970004336019,1.0,0.0,345.0,0.0,0.0,500000.0
CHAMARAJANAGARA(DEPUTY COMMISSIONER CHAMARAJNAGAR_IDA),2026Q1,29,6.0,1.0,0.0,345.0,0.0,0.0,22750000.0
CHAMBA(DEPUTY COMMISSIONER CHAMBA_IDA),2023Q3,1,5.477121254719663,1.0,1.0,816.0,0.0,0.0,300000.0
CHAMBA(DEPUTY COMMISSIONER CHAMBA_IDA),2023Q4,4,5.243038048686294,0.75,0.25,740.0,0.0,0.0,2999550.0
CHAMBA(DEPUTY COMMISSIONER CHAMBA_IDA),2024Q1,72,5.176091259055681,0.8472222222222222,0.4583333333333333,656.0,0.0,0.0,15212749.0
CHAMBA(DEPUTY COMMISSIONER CHAMBA_IDA),2024Q3,37,5.6020599913279625,0.918918918918919,0.2972972972972973,549.0,0.0,0.0,11149410.0
CHAMBA(DEPUTY COMMISSIONER CHAMBA_IDA),2024Q4,54,5.301029995663981,0.9074074074074074,0.2037037037037037,438.0,0.5740740740740741,0.0,12040142.0
CHAMBA(DEPUTY COMMISSIONER CHAMBA_IDA),2025Q1,62,5.176091259055681,0.9032258064516129,0.3064516129032258,366.0,0.03225806451612903,0.0,12447367.0
CHAMBA(DEPUTY COMMISSIONER CHAMBA_IDA),2025Q2,106,5.301029995663981,0.9716981132075472,0.10377358490566038,294.0,0.0,0.0,25389164.0
CHAMBA(DEPUTY COMMISSIONER CHAMBA_IDA),2025Q3,26,5.176091259055681,1.0,0.038461538461538464,183.0,0.0,0.0,5250000.0
CHAMBA(DEPUTY COMMISSIONER CHAMBA_IDA),2025Q4,6,5.301029995663981,1.0,0.0,345.0,0.0,0.0,1300000.0
CHAMBA(DEPUTY COMMISSIONER CHAMBA_IDA),2026Q1,18,5.511883360978874,1.0,0.0,345.0,0.0,0.0,6450000.0
CHAMOLI(DM Chamoli_IDA),2023Q4,107,5.301029995663981,0.7383177570093458,0.2803738317757009,869.0,0.0,0.0,28705042.0
CHAMOLI(DM Chamoli_IDA),2024Q3,1,5.698970004336019,1.0,0.0,345.0,0.0,0.0,500000.0
CHAMOLI(DM Chamoli_IDA),2024Q4,3,5.698970004336019,1.0,0.0,345.0,0.0,0.0,1800000.0
CHAMOLI(DM Chamoli_IDA),2025Q1,1,5.698970004336019,1.0,0.0,345.0,0.0,0.0,500000.0
CHAMOLI(DM Chamoli_IDA),2025Q2,4,5.698970004336019,1.0,0.0,345.0,0.0,0.0,3250000.0
CHAMOLI(DM Chamoli_IDA),2025Q4,9,5.698970004336019,1.0,0.0,345.0,0.0,0.0,5300000.0
CHAMOLI(DM Chamoli_IDA),2026Q1,3,6.0,1.0,0.0,345.0,0.0,0.0,3500000.0
CHAMPAWAT(DISTRICT MAGISTRATE CHAMPAWAT_IDA),2023Q3,38,5.0,0.34210526315789475,0.6842105263157895,197.0,0.0,0.02631578947368421,5444017.0
CHAMPAWAT(DISTRICT MAGISTRATE CHAMPAWAT_IDA),2023Q4,35,5.176091259055681,0.4,0.6,157.0,0.0,0.0,7541642.0
CHAMPAWAT(DISTRICT MAGISTRATE CHAMPAWAT_IDA),2024Q1,82,5.397047920799667,0.5121951219512195,0.6219512195121951,86.0,0.0,0.0,22552759.0
CHAMPAWAT(DISTRICT MAGISTRATE CHAMPAWAT_IDA),2025Q4,2,5.439332693830263,1.0,0.0,345.0,0.0,0.0,550000.0
CHAMPAWAT(DISTRICT MAGISTRATE CHAMPAWAT_IDA),2026Q1,1,6.0,1.0,0.0,345.0,0.0,0.0,1000000.0
"CHAMPHAI(DEPUTY COMMISIONER, CHAMPHAI)",2023Q4,5,6.0,1.0,0.6,863.0,0.0,0.0,6000000.0
"CHAMPHAI(DEPUTY COMMISIONER, CHAMPHAI)",2024Q4,8,5.3979400086720375,1.0,0.0,345.0,0.0,0.0,3200000.0
"CHAMPHAI(DEPUTY COMMISIONER, CHAMPHAI)",2025Q3,2,6.0,1.0,0.0,345.0,0.0,0.0,2000000.0
CHANDAULI(DISTRICT MAGISTRATE CHANDAULI_IDA),2023Q3,24,5.829303772831025,0.6666666666666666,0.3333333333333333,734.0,0.08333333333333333,0.0,42495770.0
CHANDAULI(DISTRICT MAGISTRATE CHANDAULI_IDA),2023Q4,26,5.69585772998263,0.038461538461538464,0.6923076923076923,686.0,0.0,0.0,40402606.54
CHANDAULI(DISTRICT MAGISTRATE CHANDAULI_IDA),2024Q1,112,5.37817979038095,0.044642857142857144,0.7410714285714286,536.0,0.0,0.0,31336989.46
CHANDAULI(DISTRICT MAGISTRATE CHANDAULI_IDA),2024Q3,42,5.3869553145647115,0.09523809523809523,0.9047619047619048,382.0,0.07142857142857142,0.0,27781597.0
CHANDAULI(DISTRICT MAGISTRATE CHANDAULI_IDA),2024Q4,12,5.998576658596739,0.0,0.75,307.0,0.0,0.0,79254527.0
CHANDAULI(DISTRICT MAGISTRATE CHANDAULI_IDA),2025Q1,60,4.278753600952829,0.016666666666666666,0.1,245.5,0.0,0.0,40629239.0
CHANDAULI(DISTRICT MAGISTRATE CHANDAULI_IDA),2025Q2,78,5.161368002234975,0.24358974358974358,0.038461538461538464,162.0,0.0,0.0,73709336.0
CHANDAULI(DISTRICT MAGISTRATE CHANDAULI_IDA),2025Q3,13,5.698970004336019,0.23076923076923078,0.15384615384615385,136.5,0.15384615384615385,0.0,26758139.0
CHANDAULI(DISTRICT MAGISTRATE CHANDAULI_IDA),2025Q4,4,6.8230044676513755,0.0,0.75,97.0,0.0,0.0,42691600.0
CHANDAULI(DISTRICT MAGISTRATE CHANDAULI_IDA),2026Q1,18,5.9804578922761005,0.16666666666666666,0.0,345.0,0.0,0.0,23111000.0
CHANDEL(Deputy Commissioner Chandel_ida),2024Q1,5,5.6020599913279625,1.0,1.0,652.0,0.0,0.0,2500000.0
CHANDIGARH(DEPUTY COMMISSIONER ZILLA PARISHAD CHANDIGARH_IDA),2023Q3,1,5.395239001081552,0.0,0.0,345.0,0.0,0.0,248450.0
CHANDIGARH(DEPUTY COMMISSIONER ZILLA PARISHAD CHANDIGARH_IDA),2024Q1,28,5.978095567753223,0.07142857142857142,0.8214285714285714,504.5,0.07142857142857142,0.03571428571428571,52987540.82
CHANDIGARH(DEPUTY COMMISSIONER ZILLA PARISHAD CHANDIGARH_IDA),2024Q2,1,6.350328277844119,0.0,0.0,345.0,0.0,0.0,2240414.0
CHANDIGARH(DEPUTY COMMISSIONER ZILLA PARISHAD CHANDIGARH_IDA),2024Q4,1,5.694781513019419,0.0,1.0,224.0,0.0,0.0,495201.0
CHANDIGARH(DEPUTY COMMISSIONER ZILLA PARISHAD CHANDIGARH_IDA),2025Q1,18,5.65560322700075,0.1111111111111111,0.7777777777777778,254.0,0.0,0.0,11924504.0
CHANDIGARH(DEPUTY COMMISSIONER ZILLA PARISHAD CHANDIGARH_IDA),2025Q2,15,5.903089986991944,0.26666666666666666,0.4666666666666667,211.0,0.0,0.0,12950172.0
CHANDIGARH(DEPUTY COMMISSIONER ZILLA PARISHAD CHANDIGARH_IDA),2025Q3,43,5.698970004336019,0.6976744186046512,0.11627906976744186,162.0,0.0,0.0,33462177.0
CHANDIGARH(DEPUTY COMMISSIONER ZILLA PARISHAD CHANDIGARH_IDA),2025Q4,3,5.502427119984433,0.3333333333333333,0.0,345.0,0.0,0.0,2138000.0
CHANDIGARH(DEPUTY COMMISSIONER ZILLA PARISHAD CHANDIGARH_IDA),2026Q1,7,5.698970004336019,0.8571428571428571,0.0,345.0,0.0,0.0,5278000.0
CHANDRAPUR(DISTRICT COLLECTOR CHANDRAPUR_IDA),2023Q2,24,5.837588438235511,0.2916666666666667,0.0,345.0,0.0,0.0,16337000.0
CHANDRAPUR(DISTRICT COLLECTOR CHANDRAPUR_IDA),2023Q4,1,6.170555058521209,0.0,0.0,345.0,0.0,0.0,1481000.0
CHANDRAPUR(DISTRICT COLLECTOR CHANDRAPUR_IDA),2024Q4,4,6.0,1.0,0.0,345.0,0.0,0.0,3700000.0
CHANDRAPUR(DISTRICT COLLECTOR CHANDRAPUR_IDA),2025Q1,35,6.176091259055681,1.0,0.0,345.0,0.0,0.0,47100000.0
CHANDRAPUR(DISTRICT COLLECTOR CHANDRAPUR_IDA),2025Q2,1,6.0,1.0,0.0,345.0,0.0,0.0,1000000.0
CHANDRAPUR(DISTRICT COLLECTOR CHANDRAPUR_IDA),2025Q3,4,6.0,1.0,0.0,345.0,0.0,0.0,4000000.0
CHANDRAPUR(DISTRICT COLLECTOR CHANDRAPUR_IDA),2025Q4,17,5.978180516937414,0.47058823529411764,0.0,345.0,0.0,0.0,17979000.0
CHANDRAPUR(DISTRICT COLLECTOR CHANDRAPUR_IDA),2026Q1,6,6.0,1.0,0.0,345.0,0.0,0.0,5000000.0
CHANGLANG(Deputy Commisioner Changlang_IDA),2023Q4,7,5.698970004336019,1.0,1.0,545.0,0.0,0.0,5300000.0
CHANGLANG(Deputy Commisioner Changlang_IDA),2025Q3,1,5.999161001755938,0.0,1.0,194.0,0.0,0.0,998070.0
CHARAIDEO(Deputy Commissioner Charaideo_IDA),2023Q3,28,5.698970004336019,1.0,0.0,345.0,0.0,0.0,14050000.0
CHARAIDEO(Deputy Commissioner Charaideo_IDA),2023Q4,15,5.698970004336019,1.0,0.0,345.0,0.0,0.0,7500000.0
CHARAIDEO(Deputy Commissioner Charaideo_IDA),2024Q4,32,5.301029995663981,1.0,0.0,345.0,0.0,0.0,8950000.0
CHARAIDEO(Deputy Commissioner Charaideo_IDA),2025Q1,8,5.301029995663981,1.0,0.0,345.0,0.0,0.0,1700000.0
CHARAIDEO(Deputy Commissioner Charaideo_IDA),2025Q2,35,5.301029995663981,1.0,0.0,345.0,0.0,0.0,7000000.0
CHARAIDEO(Deputy Commissioner Charaideo_IDA),2025Q3,3,5.301029995663981,1.0,0.0,345.0,0.0,0.0,600000.0
CHARKI DADRI(Deputy Commissioner Charkhi Dadri_IDA),2023Q3,5,5.301029995663981,0.8,0.8,837.0,0.0,0.0,1149532.0
CHARKI DADRI(Deputy Commissioner Charkhi Dadri_IDA),2023Q4,9,5.698970004336019,0.6666666666666666,0.5555555555555556,735.0,0.0,0.0,3745823.0
CHARKI DADRI(Deputy Commissioner Charkhi Dadri_IDA),2024Q4,3,4.963787827345556,0.3333333333333333,0.3333333333333333,387.0,0.0,0.0,633500.0
CHARKI DADRI(Deputy Commissioner Charkhi Dadri_IDA),2025Q1,2,5.929148045871906,0.5,0.5,260.0,0.0,0.0,1698940.0
CHARKI DADRI(Deputy Commissioner Charkhi Dadri_IDA),2025Q2,5,5.278753600952829,0.2,0.4,233.5,0.0,0.0,878000.0
CHARKI DADRI(Deputy Commissioner Charkhi Dadri_IDA),2025Q3,7,5.7558748556724915,0.0,0.8571428571428571,113.5,0.0,0.0,3737257.0
CHARKI DADRI(Deputy Commissioner Charkhi Dadri_IDA),2025Q4,16,5.57978359661681,0.0625,0.8125,68.0,0.5625,0.0,5868755.0
CHARKI DADRI(Deputy Commissioner Charkhi Dadri_IDA),2026Q1,7,5.6020599913279625,0.8571428571428571,0.14285714285714285,80.0,0.14285714285714285,0.0,3380000.0
CHATRA(DEPUTY COMMISSIONER CHATRA_IDA),2023Q4,1,5.845098040014257,1.0,0.0,345.0,0.0,0.0,700000.0
CHATRA(DEPUTY COMMISSIONER CHATRA_IDA),2024Q1,7,6.778151250383644,0.42857142857142855,0.0,345.0,0.0,0.0,65521325.0
CHATRA(DEPUTY COMMISSIONER CHATRA_IDA),2025Q1,2,6.041392685158225,1.0,0.0,345.0,0.0,0.0,2200000.0
CHATRA(DEPUTY COMMISSIONER CHATRA_IDA),2025Q2,163,5.0,0.9877300613496932,0.0,345.0,0.024539877300613498,0.0,22450000.0
CHATRA(DEPUTY COMMISSIONER CHATRA_IDA),2025Q3,44,5.176091259055681,1.0,0.0,345.0,0.0,0.0,7850000.0
CHATRA(DEPUTY COMMISSIONER CHATRA_IDA),2025Q4,69,5.3979400086720375,1.0,0.0,345.0,0.0,0.0,16850000.0
CHATRA(DEPUTY COMMISSIONER CHATRA_IDA),2026Q1,25,5.301029995663981,1.0,0.0,345.0,0.0,0.0,6100000.0
CHENGALPATTU(District Collector Chengalpattu_IDA),2023Q3,46,5.6020599913279625,0.9130434782608695,0.0,345.0,0.10869565217391304,0.0,42832000.0
CHENGALPATTU(District Collector Chengalpattu_IDA),2023Q4,118,5.6020599913279625,0.4830508474576271,0.0,345.0,0.2966101694915254,0.0,39345000.0
CHENGALPATTU(District Collector Chengalpattu_IDA),2024Q1,22,5.494850021680094,0.45454545454545453,0.0,345.0,0.0,0.0,6410000.0
CHENGALPATTU(District Collector Chengalpattu_IDA),2024Q3,9,5.954242509439325,0.7777777777777778,0.0,345.0,0.0,0.0,8572000.0
CHENGALPATTU(District Collector Chengalpattu_IDA),2024Q4,15,5.3979400086720375,1.0,0.0,345.0,0.0,0.0,3750000.0
CHENGALPATTU(District Collector Chengalpattu_IDA),2025Q1,29,5.653212513775344,0.896551724137931,0.0,345.0,0.3448275862068966,0.0,28900000.0
CHENGALPATTU(District Collector Chengalpattu_IDA),2025Q2,168,4.3979400086720375,0.44642857142857145,0.0,345.0,0.07142857142857142,0.0,42980000.0
CHENGALPATTU(District Collector Chengalpattu_IDA),2025Q3,21,5.8750612633917,0.7142857142857143,0.0,345.0,0.0,0.0,32500000.0
CHENGALPATTU(District Collector Chengalpattu_IDA),2025Q4,47,5.6020599913279625,0.6808510638297872,0.0,345.0,0.5531914893617021,0.0,35025000.0
CHENGALPATTU(District Collector Chengalpattu_IDA),2026Q1,26,5.778151250383644,0.8076923076923077,0.0,345.0,0.0,0.0,14025000.0
CHENNAI(COMMISSIONER MUNCIPAL CORPORATION CHENNAI_IDA),2023Q3,19,4.982320993098171,0.15789473684210525,0.0,345.0,0.7894736842105263,0.0,19057143.0
CHENNAI(COMMISSIONER MUNCIPAL CORPORATION CHENNAI_IDA),2023Q4,31,6.540829814111079,0.7096774193548387,0.16129032258064516,908.0,0.16129032258064516,0.0,175030651.0
CHENNAI(COMMISSIONER MUNCIPAL CORPORATION CHENNAI_IDA),2024Q1,62,6.174359608851042,0.5645161290322581,0.2903225806451613,832.5,0.03225806451612903,0.0,198887971.0
CHENNAI(COMMISSIONER MUNCIPAL CORPORATION CHENNAI_IDA),2024Q3,1,6.698970004336019,1.0,0.0,345.0,0.0,0.0,5000000.0
CHENNAI(COMMISSIONER MUNCIPAL CORPORATION CHENNAI_IDA),2024Q4,10,6.490379920003179,0.7,0.0,345.0,0.0,0.0,49516000.0
CHENNAI(COMMISSIONER MUNCIPAL CORPORATION CHENNAI_IDA),2025Q1,35,6.0,0.45714285714285713,0.14285714285714285,489.0,0.0,0.0,73840004.0
CHENNAI(COMMISSIONER MUNCIPAL CORPORATION CHENNAI_IDA),2025Q2,28,5.795880017344075,0.4642857142857143,0.07142857142857142,381.0,0.2857142857142857,0.0,52455440.0
CHENNAI(COMMISSIONER MUNCIPAL CORPORATION CHENNAI_IDA),2025Q3,27,5.8750612633917,0.14814814814814814,0.037037037037037035,254.0,0.0,0.0,40439616.0
CHENNAI(COMMISSIONER MUNCIPAL CORPORATION CHENNAI_IDA),2025Q4,15,6.2552725051033065,0.6,0.0,345.0,0.0,0.0,42313000.0
CHENNAI(COMMISSIONER MUNCIPAL CORPORATION CHENNAI_IDA),2026Q1,22,6.096910013008056,0.6363636363636364,0.0,345.0,0.0,0.0,63854000.0
CHHATARPUR(District Collector Chhatarpur_IDA),2023Q3,130,5.476269927495687,0.6384615384615384,0.4153846153846154,844.0,0.7153846153846154,0.0,37334144.0
CHHATARPUR(District Collector Chhatarpur_IDA),2023Q4,11,5.477121254719663,1.0,0.36363636363636365,838.5,0.5454545454545454,0.0,8250000.0
CHHATARPUR(District Collector Chhatarpur_IDA),2024Q1,59,5.698970004336019,0.847457627118644,0.8983050847457628,670.0,0.13559322033898305,0.0,32887310.0
CHHATARPUR(District Collector Chhatarpur_IDA),2024Q4,28,5.778151250383644,0.7142857142857143,0.39285714285714285,458.0,0.5,0.0,19926061.0
CHHATARPUR(District Collector Chhatarpur_IDA),2025Q1,6,5.9999732900680245,0.8333333333333334,0.6666666666666666,377.0,0.6666666666666666,0.0,4999877.0
CHHATARPUR(District Collector Chhatarpur_IDA),2025Q2,2,5.8115951116312,0.5,0.5,224.0,0.0,0.0,1296060.0
CHHATARPUR(District Collector Chhatarpur_IDA),2025Q3,52,5.477121254719663,0.6346153846153846,0.057692307692307696,158.0,0.6730769230769231,0.0,20275470.0
CHHATARPUR(District Collector Chhatarpur_IDA),2025Q4,3,5.477121254719663,0.6666666666666666,0.0,345.0,0.0,0.0,2099000.0
CHHATARPUR(District Collector Chhatarpur_IDA),2026Q1,21,5.301029995663981,0.5238095238095238,0.0,345.0,0.19047619047619047,0.0,5196040.0
CHHINDWARA(DISTRICT COLLECTOR CHHINDWARA_IDA),2023Q3,49,5.0,0.9387755102040817,0.5714285714285714,874.5,0.14285714285714285,0.0,6070644.0
CHHINDWARA(DISTRICT COLLECTOR CHHINDWARA_IDA),2023Q4,205,5.176091259055681,0.8926829268292683,0.5658536585365853,854.0,0.23902439024390243,0.0,29434268.0
CHHINDWARA(DISTRICT COLLECTOR CHHINDWARA_IDA),2024Q1,409,4.698970004336019,0.4841075794621027,0.4669926650366748,719.0,0.012224938875305624,0.009779951100244499,35412858.0
CHHINDWARA(DISTRICT COLLECTOR CHHINDWARA_IDA),2024Q4,7,5.477121254719663,0.5714285714285714,0.42857142857142855,446.0,0.0,0.0,4644000.0
CHHINDWARA(DISTRICT COLLECTOR CHHINDWARA_IDA),2025Q1,192,5.096910013008056,0.7708333333333334,0.3385416666666667,324.0,0.0,0.0,34649130.0
CHHINDWARA(DISTRICT COLLECTOR CHHINDWARA_IDA),2025Q2,33,5.0,0.9696969696969697,0.06060606060606061,327.5,0.0,0.0,4745000.0
CHHINDWARA(DISTRICT COLLECTOR CHHINDWARA_IDA),2025Q3,23,5.301029995663981,0.8260869565217391,0.0,345.0,0.0,0.0,7310000.0
CHHINDWARA(DISTRICT COLLECTOR CHHINDWARA_IDA),2025Q4,81,5.0,0.9629629629629629,0.0,345.0,0.0,0.0,13525000.0
CHHINDWARA(DISTRICT COLLECTOR CHHINDWARA_IDA),2026Q1,68,5.0,0.9117647058823529,0.0,345.0,0.0,0.0,10401000.0
CHHOTAUDEPUR(DISTRICT COLLECTOR CHHOTA UDEPUR_IDA),2020Q1,5,4.928288289596637,0.2,1.0,2166.0,0.0,0.0,370945.0
CHHOTAUDEPUR(DISTRICT COLLECTOR CHHOTA UDEPUR_IDA),2022Q2,32,4.969571988008843,0.5,0.8125,1347.0,0.0625,0.0,2983967.0
CHHOTAUDEPUR(DISTRICT COLLECTOR CHHOTA UDEPUR_IDA),2022Q3,19,4.698970004336019,0.5263157894736842,0.9473684210526315,1206.5,0.0,0.0,1248716.0
CHHOTAUDEPUR(DISTRICT COLLECTOR CHHOTA UDEPUR_IDA),2022Q4,23,4.698970004336019,0.30434782608695654,0.9565217391304348,1190.0,0.0,0.0,1157951.0
CHHOTAUDEPUR(DISTRICT COLLECTOR CHHOTA UDEPUR_IDA),2023Q1,19,4.872785398110417,0.10526315789473684,0.8947368421052632,1063.0,0.0,0.0,1554614.0
CHHOTAUDEPUR(DISTRICT COLLECTOR CHHOTA UDEPUR_IDA),2023Q3,29,5.477121254719663,0.8275862068965517,0.6896551724137931,879.0,0.0,0.0,9497375.0
CHHOTAUDEPUR(DISTRICT COLLECTOR CHHOTA UDEPUR_IDA),2023Q4,67,5.3979400086720375,0.8656716417910447,0.7014925373134329,765.0,0.0,0.0,15995776.0
CHHOTAUDEPUR(DISTRICT COLLECTOR CHHOTA UDEPUR_IDA),2024Q1,43,5.3979400086720375,0.5813953488372093,0.9069767441860465,694.0,0.0,0.0,13453105.0
CHHOTAUDEPUR(DISTRICT COLLECTOR CHHOTA UDEPUR_IDA),2024Q4,1,5.477121254719663,1.0,1.0,438.0,0.0,0.0,300000.0
CHHOTAUDEPUR(DISTRICT COLLECTOR CHHOTA UDEPUR_IDA),2025Q1,30,5.301029995663981,0.7,0.36666666666666664,304.0,0.9333333333333333,0.0,15517026.0
CHHOTAUDEPUR(DISTRICT COLLECTOR CHHOTA UDEPUR_IDA),2025Q2,9,5.3979400086720375,0.7777777777777778,0.5555555555555556,291.0,0.5555555555555556,0.0,2648996.0
CHHOTAUDEPUR(DISTRICT COLLECTOR CHHOTA UDEPUR_IDA),2025Q3,8,6.342027688087472,0.0,0.375,309.0,0.5,0.0,15072247.0
CHHOTAUDEPUR(DISTRICT COLLECTOR CHHOTA UDEPUR_IDA),2025Q4,4,5.476119050454219,0.5,0.5,178.0,0.0,0.0,1198617.0
CHHOTAUDEPUR(DISTRICT COLLECTOR CHHOTA UDEPUR_IDA),2026Q1,106,5.176091259055681,0.9905660377358491,0.0,345.0,0.0,0.0,17575000.0
CHIKKABALLAPURA(DEPUTY COMMISSIONER CHICKKABALLAPUR_IDA),2023Q4,59,5.690196080028514,0.22033898305084745,0.0,345.0,0.15254237288135594,0.0,24472000.0
CHIKKABALLAPURA(DEPUTY COMMISSIONER CHICKKABALLAPUR_IDA),2024Q1,35,5.698970004336019,0.7714285714285715,0.22857142857142856,739.0,0.4,0.0,24658000.0
CHIKKABALLAPURA(DEPUTY COMMISSIONER CHICKKABALLAPUR_IDA),2024Q4,11,6.0,1.0,0.0,345.0,0.0,0.0,9400000.0
CHIKKABALLAPURA(DEPUTY COMMISSIONER CHICKKABALLAPUR_IDA),2025Q1,30,5.650793039651931,0.6666666666666666,0.0,345.0,0.0,0.0,17186000.0
CHIKKABALLAPURA(DEPUTY COMMISSIONER CHICKKABALLAPUR_IDA),2025Q2,5,5.698970004336019,1.0,0.0,345.0,0.0,0.0,2500000.0
CHIKKABALLAPURA(DEPUTY COMMISSIONER CHICKKABALLAPUR_IDA),2025Q3,2,6.217483944213907,1.0,0.0,345.0,0.0,0.0,3300000.0
CHIKKABALLAPURA(DEPUTY COMMISSIONER CHICKKABALLAPUR_IDA),2025Q4,31,5.903089986991944,1.0,0.0,345.0,0.0,0.0,22850000.0
CHIKKABALLAPURA(DEPUTY COMMISSIONER CHICKKABALLAPUR_IDA),2026Q1,3,6.3979400086720375,1.0,0.0,345.0,0.0,0.0,6500000.0
CHIKKAMAGALURU(DEPUTY COMMISSIONER CHIKMAGALUR),2023Q3,60,5.812913356642856,0.8833333333333333,0.16666666666666666,243.0,0.0,0.0,52016934.0
CHIKKAMAGALURU(DEPUTY COMMISSIONER CHIKMAGALUR),2023Q4,34,5.596842759844985,0.6176470588235294,0.38235294117647056,143.0,0.0,0.0,12480029.0
CHIKKAMAGALURU(DEPUTY COMMISSIONER CHIKMAGALUR),2024Q1,77,5.698970004336019,0.9090909090909091,0.11688311688311688,619.0,0.0,0.0,52357788.0
CHIKKAMAGALURU(DEPUTY COMMISSIONER CHIKMAGALUR),2024Q3,9,5.69810054562339,0.4444444444444444,0.2222222222222222,570.5,0.0,0.0,4490264.0
CHIKKAMAGALURU(DEPUTY COMMISSIONER CHIKMAGALUR),2024Q4,6,5.698970004336019,1.0,0.0,345.0,0.0,0.0,4000000.0
CHIKKAMAGALURU(DEPUTY COMMISSIONER CHIKMAGALUR),2025Q1,106,5.698970004336019,0.8867924528301887,0.1320754716981132,403.5,0.0660377358490566,0.0,84006629.0
CHIKKAMAGALURU(DEPUTY COMMISSIONER CHIKMAGALUR),2025Q2,9,5.69810054562339,0.5555555555555556,0.0,345.0,0.0,0.0,5296000.0
CHIKKAMAGALURU(DEPUTY COMMISSIONER CHIKMAGALUR),2025Q3,13,5.698970004336019,0.7692307692307693,0.07692307692307693,273.0,0.0,0.0,20295340.0
CHIKKAMAGALURU(DEPUTY COMMISSIONER CHIKMAGALUR),2025Q4,74,5.3979400086720375,0.9054054054054054,0.0,345.0,0.02702702702702703,0.0,26375000.0
CHIKKAMAGALURU(DEPUTY COMMISSIONER CHIKMAGALUR),2026Q1,11,5.698970004336019,0.9090909090909091,0.0,345.0,0.0,0.0,7499000.0
CHIRANG(Deputy Commissioner Chirang_IDA),2023Q3,1,5.698970004336019,1.0,0.0,345.0,0.0,0.0,500000.0
CHIRANG(Deputy Commissioner Chirang_IDA),2023Q4,1,5.301029995663981,1.0,0.0,345.0,0.0,0.0,200000.0
CHIRANG(Deputy Commissioner Chirang_IDA),2024Q1,14,5.977723605288848,1.0,0.0,345.0,0.0,0.0,11950000.0
CHIRANG(Deputy Commissioner Chirang_IDA),2024Q2,25,6.176091259055681,1.0,0.0,345.0,0.0,0.0,38100000.0
CHIRANG(Deputy Commissioner Chirang_IDA),2024Q3,19,6.0,1.0,0.0,345.0,0.0,0.0,20400000.0
CHIRANG(Deputy Commissioner Chirang_IDA),2024Q4,9,5.698970004336019,1.0,0.0,345.0,0.0,0.0,6000000.0
CHIRANG(Deputy Commissioner Chirang_IDA),2025Q1,23,5.778151250383644,1.0,0.0,345.0,0.0,0.0,19500000.0
CHIRANG(Deputy Commissioner Chirang_IDA),2025Q2,12,6.0,1.0,0.0,345.0,0.0,0.0,14600000.0
CHIRANG(Deputy Commissioner Chirang_IDA),2025Q3,30,6.0,1.0,0.0,345.0,0.0,0.0,30400000.0
CHIRANG(Deputy Commissioner Chirang_IDA),2025Q4,21,6.176091259055681,0.9523809523809523,0.0,345.0,0.0,0.0,33680000.0
CHIRANG(Deputy Commissioner Chirang_IDA),2026Q1,5,6.0,1.0,0.0,345.0,0.0,0.0,7200000.0
CHITRADURGA(DEPUTY COMMISSIONER CHITRADURGA_IDA),2023Q4,6,5.698388529225577,0.0,1.0,620.0,0.6666666666666666,0.0,2971351.0
CHITRADURGA(DEPUTY COMMISSIONER CHITRADURGA_IDA),2024Q1,78,5.698970004336019,0.9743589743589743,0.0641025641025641,696.0,0.0,0.0,44146116.0
CHITRADURGA(DEPUTY COMMISSIONER CHITRADURGA_IDA),2024Q4,7,5.698970004336019,0.7142857142857143,0.0,345.0,0.0,0.0,5480000.0
CHITRADURGA(DEPUTY COMMISSIONER CHITRADURGA_IDA),2025Q1,21,5.698970004336019,1.0,0.047619047619047616,370.0,0.0,0.0,11700000.0
CHITRADURGA(DEPUTY COMMISSIONER CHITRADURGA_IDA),2025Q2,59,5.698970004336019,1.0,0.0,345.0,0.0,0.0,33900000.0
CHITRADURGA(DEPUTY COMMISSIONER CHITRADURGA_IDA),2025Q3,39,5.698970004336019,1.0,0.0,345.0,0.0,0.0,24350000.0
CHITRADURGA(DEPUTY COMMISSIONER CHITRADURGA_IDA),2025Q4,12,5.698970004336019,1.0,0.0,345.0,0.0,0.0,6900000.0
CHITRADURGA(DEPUTY COMMISSIONER CHITRADURGA_IDA),2026Q1,21,5.698970004336019,1.0,0.0,345.0,0.0,0.0,10000000.0
CHITRAKOOT(DISTRICT MAGISTRATE CHITRAKOOT_IDA),2023Q4,64,5.355229239344489,0.109375,0.921875,226.0,0.0,0.0,22455472.0
CHITRAKOOT(DISTRICT MAGISTRATE CHITRAKOOT_IDA),2024Q1,34,5.355229239344489,0.14705882352941177,0.9117647058823529,217.0,0.0,0.0,11689554.0
CHITRAKOOT(DISTRICT MAGISTRATE CHITRAKOOT_IDA),2024Q3,44,5.35544768866293,0.0,0.0,345.0,0.0,0.0,9974712.0
CHITRAKOOT(DISTRICT MAGISTRATE CHITRAKOOT_IDA),2025Q2,44,5.35544768866293,0.0,0.0,345.0,0.0,0.0,9974712.0
CHITRAKOOT(DISTRICT MAGISTRATE CHITRAKOOT_IDA),2025Q3,1,5.698970004336019,1.0,0.0,345.0,0.0,0.0,500000.0
CHITRAKOOT(DISTRICT MAGISTRATE CHITRAKOOT_IDA),2025Q4,4,5.778151250383644,0.75,0.0,345.0,0.0,0.0,2296000.0
CHITRAKOOT(DISTRICT MAGISTRATE CHITRAKOOT_IDA),2026Q1,61,5.76789761601809,0.0,0.0,345.0,0.0,0.0,29441194.0
CHITTOOR(DISTRICT COLLECTOR CHITTOOR_IDA),2023Q3,101,5.684371327234712,0.504950495049505,0.3069306930693069,972.0,0.0,0.0,58068749.0
CHITTOOR(DISTRICT COLLECTOR CHITTOOR_IDA),2023Q4,43,5.689966463684127,0.5581395348837209,0.23255813953488372,936.0,0.0,0.0,26240044.0
CHITTOOR(DISTRICT COLLECTOR CHITTOOR_IDA),2024Q1,39,5.8095597146352675,0.8461538461538461,0.07692307692307693,865.0,0.0,0.0,40550106.0
CHITTOOR(DISTRICT COLLECTOR CHITTOOR_IDA),2024Q3,73,5.698970004336019,0.863013698630137,0.0,345.0,0.0,0.0,42260000.0
CHITTOOR(DISTRICT COLLECTOR CHITTOOR_IDA),2024Q4,22,5.511883360978874,0.6363636363636364,0.0,345.0,0.0,0.0,7525000.0
CHITTOOR(DISTRICT COLLECTOR CHITTOOR_IDA),2025Q1,8,5.477121254719663,0.875,0.0,345.0,0.0,0.0,3490000.0
CHITTOOR(DISTRICT COLLECTOR CHITTOOR_IDA),2025Q2,113,5.096910013008056,0.35398230088495575,0.0,345.0,0.0,0.0,27733000.0
CHITTOOR(DISTRICT COLLECTOR CHITTOOR_IDA),2025Q3,8,5.3979400086720375,0.75,0.0,345.0,0.0,0.0,6780000.0
CHITTOOR(DISTRICT COLLECTOR CHITTOOR_IDA),2025Q4,42,5.698970004336019,0.8095238095238095,0.0,345.0,0.0,0.0,38220000.0
CHITTOOR(DISTRICT COLLECTOR CHITTOOR_IDA),2026Q1,17,5.544068044350276,0.7647058823529411,0.0,345.0,0.0,0.0,6010000.0
CHITTORGARH(DISTRICT COLLECTOR CHITTORGARH_IDA),2023Q3,1,6.3979400086720375,1.0,1.0,815.0,0.0,0.0,2500000.0
CHITTORGARH(DISTRICT COLLECTOR CHITTORGARH_IDA),2023Q4,47,5.576397793300719,0.2978723404255319,0.8297872340425532,693.0,0.0,0.0,16724277.0
CHITTORGARH(DISTRICT COLLECTOR CHITTORGARH_IDA),2024Q1,127,4.997211582832505,0.11023622047244094,0.9448818897637795,498.0,0.0,0.12598425196850394,18636853.0
CHITTORGARH(DISTRICT COLLECTOR CHITTORGARH_IDA),2024Q3,8,5.595682465559003,0.25,0.875,351.0,0.0,0.0,3173513.0
CHITTORGARH(DISTRICT COLLECTOR CHITTORGARH_IDA),2024Q4,6,5.471719192634129,0.16666666666666666,0.8333333333333334,271.0,0.0,0.0,2246523.0
CHITTORGARH(DISTRICT COLLECTOR CHITTORGARH_IDA),2025Q2,2,5.977692975018939,0.5,0.5,235.0,0.0,0.0,1899866.0
CHITTORGARH(DISTRICT COLLECTOR CHITTORGARH_IDA),2025Q3,2,6.041392685158225,1.0,0.0,345.0,0.0,0.0,2200000.0
CHITTORGARH(DISTRICT COLLECTOR CHITTORGARH_IDA),2025Q4,3,6.176091259055681,1.0,0.0,345.0,0.0,0.0,4000000.0
CHITTORGARH(DISTRICT COLLECTOR CHITTORGARH_IDA),2026Q1,2,5.6020599913279625,1.0,0.0,345.0,0.0,0.0,800000.0
CHURACHANDPUR(Deputy Commissioner Churachandpur MPLADS_ida),2024Q4,12,6.274044640735261,0.0,1.0,426.0,0.0,0.0,22751963.0
CHURACHANDPUR(Deputy Commissioner Churachandpur MPLADS_ida),2025Q2,1,6.301029995663981,1.0,0.0,345.0,0.0,0.0,2000000.0
CHURACHANDPUR(Deputy Commissioner Churachandpur MPLADS_ida),2026Q1,1,6.079181246047625,1.0,0.0,345.0,0.0,0.0,1200000.0
CHURU(DISTRICT COLLECTOR CHURU_IDA),2023Q3,61,5.664641975556125,0.36065573770491804,0.36065573770491804,899.0,0.0,0.0,33473859.0
CHURU(DISTRICT COLLECTOR CHURU_IDA),2024Q1,64,5.7847445671916935,0.484375,0.140625,561.0,0.0,0.03125,38211174.0
CHURU(DISTRICT COLLECTOR CHURU_IDA),2024Q4,1,6.332236415491443,0.0,0.0,345.0,0.0,0.0,2149000.0
CHURU(DISTRICT COLLECTOR CHURU_IDA),2025Q1,6,5.902463880403186,0.3333333333333333,0.16666666666666666,382.0,0.0,0.0,5873541.0
CHURU(DISTRICT COLLECTOR CHURU_IDA),2025Q2,44,5.954242509439325,0.36363636363636365,0.022727272727272728,357.0,0.0,0.0,42574398.0
CHURU(DISTRICT COLLECTOR CHURU_IDA),2025Q3,22,5.941961643075157,0.18181818181818182,0.0,345.0,0.0,0.0,17998793.0
CHURU(DISTRICT COLLECTOR CHURU_IDA),2025Q4,16,5.977723605288848,0.25,0.0,345.0,0.0,0.0,15862469.0
CHURU(DISTRICT COLLECTOR CHURU_IDA),2026Q1,10,5.8043708353172,0.0,0.0,345.0,0.0,0.0,7957252.0
COIMBATORE(DISTRICT COLLECTOR COIMBATORE_IDA),2023Q3,15,5.469822015978163,0.0,0.0,345.0,1.0,0.0,5900000.0
COIMBATORE(DISTRICT COLLECTOR COIMBATORE_IDA),2023Q4,57,5.8228216453031045,0.3333333333333333,0.0,345.0,0.49122807017543857,0.0,40242905.0
COIMBATORE(DISTRICT COLLECTOR COIMBATORE_IDA),2024Q1,112,5.937016107464814,0.33035714285714285,0.03571428571428571,813.5,0.3482142857142857,0.0,129485459.0
COIMBATORE(DISTRICT COLLECTOR COIMBATORE_IDA),2024Q3,5,6.146128035678238,0.8,0.0,345.0,0.0,0.0,6295000.0
COIMBATORE(DISTRICT COLLECTOR COIMBATORE_IDA),2024Q4,5,5.778151250383644,0.6,0.0,345.0,0.0,0.0,4460000.0
COIMBATORE(DISTRICT COLLECTOR COIMBATORE_IDA),2025Q1,19,6.146128035678238,0.8421052631578947,0.0,345.0,0.0,0.0,43666000.0
COIMBATORE(DISTRICT COLLECTOR COIMBATORE_IDA),2025Q2,29,6.217483944213907,1.0,0.0,345.0,0.0,0.0,44300000.0
COIMBATORE(DISTRICT COLLECTOR COIMBATORE_IDA),2025Q3,30,6.074240289442827,0.6666666666666666,0.03333333333333333,262.0,0.0,0.0,38017393.0
COIMBATORE(DISTRICT COLLECTOR COIMBATORE_IDA),2025Q4,5,6.238046103128795,0.4,0.0,345.0,0.0,0.0,7916000.0
COIMBATORE(DISTRICT COLLECTOR COIMBATORE_IDA),2026Q1,6,6.447158031342219,1.0,0.0,345.0,0.0,0.0,24450000.0
CUDDALORE(DISTRICT COLLECTOR CUDDALORE_IDA),2023Q4,154,5.653212513775344,0.38311688311688313,0.8181818181818182,217.5,0.07142857142857142,0.05194805194805195,98946119.0
CUDDALORE(DISTRICT COLLECTOR CUDDALORE_IDA),2024Q1,21,5.653050346895732,0.2857142857142857,0.8571428571428571,209.0,0.0,0.0,11114467.0
CUDDALORE(DISTRICT COLLECTOR CUDDALORE_IDA),2024Q3,1,6.698970004336019,1.0,0.0,345.0,0.0,0.0,5000000.0
CUDDALORE(DISTRICT COLLECTOR CUDDALORE_IDA),2024Q4,46,5.969161412061616,0.41304347826086957,0.782608695652174,415.5,0.0,0.0,39273291.0
CUDDALORE(DISTRICT COLLECTOR CUDDALORE_IDA),2025Q1,33,5.902667430106688,0.42424242424242425,0.6363636363636364,330.0,0.0,0.0,35723957.0
CUDDALORE(DISTRICT COLLECTOR CUDDALORE_IDA),2025Q2,16,5.795880017344075,0.25,0.75,213.0,0.0,0.0,12248376.0
CUDDALORE(DISTRICT COLLECTOR CUDDALORE_IDA),2025Q3,61,5.653212513775344,0.45901639344262296,0.6065573770491803,201.0,0.03278688524590164,0.0,49161201.0
CUDDALORE(DISTRICT COLLECTOR CUDDALORE_IDA),2025Q4,21,5.999603308020565,0.9047619047619048,0.14285714285714285,111.0,0.0,0.0,22698410.0
CUTTACK(DISTRICT COLLECTOR CUTTACK_IDA),2023Q3,12,5.176091259055681,1.0,0.0,345.0,0.0,0.0,2850000.0
CUTTACK(DISTRICT COLLECTOR CUTTACK_IDA),2023Q4,58,5.3979400086720375,0.9655172413793104,0.8448275862068966,239.0,0.0,0.034482758620689655,21159996.0
CUTTACK(DISTRICT COLLECTOR CUTTACK_IDA),2024Q1,309,5.301029995663981,0.8964401294498382,0.3786407766990291,528.0,0.0,0.0,90373748.0
CUTTACK(DISTRICT COLLECTOR CUTTACK_IDA),2024Q3,1,5.698970004336019,1.0,0.0,345.0,0.0,0.0,500000.0
CUTTACK(DISTRICT COLLECTOR CUTTACK_IDA),2024Q4,10,6.0,1.0,0.1,376.0,0.0,0.0,15250000.0
CUTTACK(DISTRICT COLLECTOR CUTTACK_IDA),2025Q1,53,5.301029995663981,0.8867924528301887,0.4716981132075472,259.0,0.0,0.0,13398000.0
CUTTACK(DISTRICT COLLECTOR CUTTACK_IDA),2025Q2,68,5.477121254719663,0.8088235294117647,0.35294117647058826,250.0,0.0,0.0,30683863.0
CUTTACK(DISTRICT COLLECTOR CUTTACK_IDA),2025Q3,82,5.477121254719663,0.9634146341463414,0.04878048780487805,204.0,0.0,0.0,34428000.0
CUTTACK(DISTRICT COLLECTOR CUTTACK_IDA),2025Q4,35,5.6020599913279625,0.7428571428571429,0.02857142857142857,94.0,0.0,0.0,18530000.0
CUTTACK(DISTRICT COLLECTOR CUTTACK_IDA),2026Q1,86,5.301029995663981,0.6744186046511628,0.0,345.0,0.0,0.0,27843000.0
Chhatrapati Sambhajinagar(DISTRICT COLLECTOR AURANGABAD_IDA),2021Q3,1,5.765083390270278,0.0,0.0,345.0,0.0,0.0,582215.0
Chhatrapati Sambhajinagar(DISTRICT COLLECTOR AURANGABAD_IDA),2022Q2,17,5.715902274890171,0.0,0.058823529411764705,1358.0,0.0,0.0,7677579.0
Chhatrapati Sambhajinagar(DISTRICT COLLECTOR AURANGABAD_IDA),2022Q4,32,5.74677115911133,0.0,0.25,1163.0,0.46875,0.0,24085577.0
Chhatrapati Sambhajinagar(DISTRICT COLLECTOR AURANGABAD_IDA),2023Q4,97,6.004173000325083,0.0,0.4845360824742268,836.0,0.29896907216494845,0.0,101839919.0
Chhatrapati Sambhajinagar(DISTRICT COLLECTOR AURANGABAD_IDA),2024Q1,3,5.707286514730813,0.0,0.0,345.0,1.0,0.0,2038993.0
Chhatrapati Sambhajinagar(DISTRICT COLLECTOR AURANGABAD_IDA),2024Q3,1,6.0,1.0,0.0,345.0,0.0,0.0,1000000.0
Chhatrapati Sambhajinagar(DISTRICT COLLECTOR AURANGABAD_IDA),2024Q4,9,5.698970004336019,0.8888888888888888,0.1111111111111111,415.0,0.0,0.0,7499612.0
Chhatrapati Sambhajinagar(DISTRICT COLLECTOR AURANGABAD_IDA),2025Q1,41,6.0,0.7804878048780488,0.2682926829268293,355.0,0.2682926829268293,0.0,43892711.0
Chhatrapati Sambhajinagar(DISTRICT COLLECTOR AURANGABAD_IDA),2025Q2,34,6.0,0.8529411764705882,0.20588235294117646,293.0,0.0,0.0,44483238.0
Chhatrapati Sambhajinagar(DISTRICT COLLECTOR AURANGABAD_IDA),2025Q3,23,6.0,0.7391304347826086,0.2608695652173913,206.0,0.0,0.0,23855181.0
Chhatrapati Sambhajinagar(DISTRICT COLLECTOR AURANGABAD_IDA),2025Q4,11,6.0,1.0,0.0,345.0,0.0,0.0,12250000.0
Chhatrapati Sambhajinagar(DISTRICT COLLECTOR AURANGABAD_IDA),2026Q1,6,6.0,1.0,0.0,345.0,0.0,0.0,6700000.0
Chumoukedima(Deputy Commissioner Chumoukedima_IDA),2024Q3,4,6.1303337684950066,1.0,1.0,128.5,0.5,0.0,5100000.0
Chumoukedima(Deputy Commissioner Chumoukedima_IDA),2025Q2,2,5.8750612633917,1.0,1.0,270.5,0.0,0.0,1500000.0
Chumoukedima(Deputy Commissioner Chumoukedima_IDA),2025Q4,1,5.6020599913279625,1.0,1.0,85.0,0.0,0.0,400000.0
Cooch Behar(DISTRICT MAGISTRATE COOCHBEHAR_IDA),2023Q4,31,5.875102374656751,0.0,0.06451612903225806,610.0,0.0,0.0,23206599.0
Cooch Behar(DISTRICT MAGISTRATE COOCHBEHAR_IDA),2024Q1,48,5.8750612633917,0.5,0.0,345.0,0.0,0.0,49335149.61
Cooch Behar(DISTRICT MAGISTRATE COOCHBEHAR_IDA),2024Q3,2,7.0750983115560615,0.0,1.0,332.0,0.0,0.0,23775426.0
Cooch Behar(DISTRICT MAGISTRATE COOCHBEHAR_IDA),2024Q4,4,6.769991945012212,0.0,0.0,345.0,0.0,0.0,23237700.68
Cooch Behar(DISTRICT MAGISTRATE COOCHBEHAR_IDA),2025Q1,55,5.768427931776861,0.07272727272727272,0.0,345.0,0.03636363636363636,0.0,78336722.0
Cooch Behar(DISTRICT MAGISTRATE COOCHBEHAR_IDA),2025Q2,9,5.866305065027827,0.1111111111111111,0.0,345.0,0.0,0.0,45073498.0
Cooch Behar(DISTRICT MAGISTRATE COOCHBEHAR_IDA),2025Q3,32,5.768427931776861,0.03125,0.0,345.0,0.0,0.0,23457766.0
Cooch Behar(DISTRICT MAGISTRATE COOCHBEHAR_IDA),2025Q4,12,5.506483384788384,0.16666666666666666,0.0,345.0,0.16666666666666666,0.0,14749639.0
Cooch Behar(DISTRICT MAGISTRATE COOCHBEHAR_IDA),2026Q1,7,6.0,0.2857142857142857,0.0,345.0,0.0,0.0,15409249.0
DADRA AND NAGAR HAVELI(DISTRICT COLLECTOR Dadar and Nagar Haveli_IDA),2025Q2,35,5.071219018399974,0.2857142857142857,0.0,345.0,0.05714285714285714,0.0,25229166.0
DADRA AND NAGAR HAVELI(DISTRICT COLLECTOR Dadar and Nagar Haveli_IDA),2026Q1,4,4.998947733597284,0.0,0.0,345.0,0.0,0.0,420579.0
DAKSHINA KANNADA(DEPUTY COMMISSIONER DAKSHIN KANNAD MANGALORE_IDA),2023Q2,1,5.6989569753061255,0.0,0.0,345.0,0.0,0.0,499985.0
DAKSHINA KANNADA(DEPUTY COMMISSIONER DAKSHIN KANNAD MANGALORE_IDA),2023Q3,2,6.021044510109803,0.5,0.5,822.0,0.0,0.0,2099300.0
DAKSHINA KANNADA(DEPUTY COMMISSIONER DAKSHIN KANNAD MANGALORE_IDA),2023Q4,13,6.0,0.6153846153846154,0.8461538461538461,208.0,0.0,0.0,19755780.0
DAKSHINA KANNADA(DEPUTY COMMISSIONER DAKSHIN KANNAD MANGALORE_IDA),2024Q1,96,5.69874845765104,0.4375,0.84375,652.0,0.0,0.0,60867460.0
DAKSHINA KANNADA(DEPUTY COMMISSIONER DAKSHIN KANNAD MANGALORE_IDA),2024Q4,6,5.633468455579586,0.3333333333333333,1.0,360.0,0.0,0.0,3220000.0
DAKSHINA KANNADA(DEPUTY COMMISSIONER DAKSHIN KANNAD MANGALORE_IDA),2025Q1,130,5.161368002234975,0.046153846153846156,0.13076923076923078,315.0,0.0,0.0,23680707.0
DAKSHINA KANNADA(DEPUTY COMMISSIONER DAKSHIN KANNAD MANGALORE_IDA),2025Q2,47,5.698783217546762,0.3404255319148936,0.6595744680851063,261.0,0.0,0.0,27903440.0
DAKSHINA KANNADA(DEPUTY COMMISSIONER DAKSHIN KANNAD MANGALORE_IDA),2025Q3,51,5.698970004336019,0.5882352941176471,0.19607843137254902,171.0,0.0,0.0,63630537.0
DAKSHINA KANNADA(DEPUTY COMMISSIONER DAKSHIN KANNAD MANGALORE_IDA),2025Q4,5,5.69810054562339,0.6,0.2,101.0,0.0,0.0,3496830.0
DAKSHINA KANNADA(DEPUTY COMMISSIONER DAKSHIN KANNAD MANGALORE_IDA),2026Q1,113,5.698970004336019,0.9734513274336283,0.008849557522123894,34.0,0.0,0.0,54629545.0
DAMAN(DISTRICT COLLECTOR DAMAN_IDA),2025Q4,6,6.243038048686294,1.0,0.0,345.0,0.3333333333333333,0.0,10500000.0
DAMAN(DISTRICT COLLECTOR DAMAN_IDA),2026Q1,4,6.096910013008056,1.0,0.0,345.0,0.0,0.0,5200000.0
DAMOH(DISTRICT COLLECTOR DAMOH_IDA),2023Q3,67,5.423281927076516,0.6716417910447762,0.0,345.0,0.7910447761194029,0.0,24530484.0
DAMOH(DISTRICT COLLECTOR DAMOH_IDA),2023Q4,29,5.0,0.9655172413793104,0.0,345.0,0.9310344827586207,0.0,8696000.0
DAMOH(DISTRICT COLLECTOR DAMOH_IDA),2024Q3,18,5.298250320245903,0.16666666666666666,0.0,345.0,0.0,0.0,6280860.0
DAMOH(DISTRICT COLLECTOR DAMOH_IDA),2024Q4,7,5.298250320245903,0.2857142857142857,0.0,345.0,0.0,0.0,3693620.0
DAMOH(DISTRICT COLLECTOR DAMOH_IDA),2025Q1,32,5.298250320245903,0.15625,0.0,345.0,0.0,0.0,8377292.0
DAMOH(DISTRICT COLLECTOR DAMOH_IDA),2025Q2,19,5.414876456086512,0.0,0.0,345.0,0.10526315789473684,0.0,4938898.0
DAMOH(DISTRICT COLLECTOR DAMOH_IDA),2025Q3,48,4.95574546003147,0.0,0.0,345.0,0.0,0.0,10436410.0
DAMOH(DISTRICT COLLECTOR DAMOH_IDA),2025Q4,3,6.0,1.0,0.0,345.0,0.0,0.0,3500000.0
DAMOH(DISTRICT COLLECTOR DAMOH_IDA),2026Q1,15,5.300169240160376,0.3333333333333333,0.0,345.0,0.0,0.0,5096040.0
DANG(DISTRICT COLLECTOR DANG_IDA),2023Q4,1,6.0,1.0,0.0,345.0,0.0,0.0,1000000.0
DANG(DISTRICT COLLECTOR DANG_IDA),2024Q1,20,5.697292127784799,0.1,0.9,555.0,0.0,0.0,12439671.0
DANG(DISTRICT COLLECTOR DANG_IDA),2025Q1,9,5.698387659472013,0.4444444444444444,0.5555555555555556,289.0,0.0,0.0,4169565.0
DANG(DISTRICT COLLECTOR DANG_IDA),2025Q2,25,5.3979400086720375,1.0,0.0,345.0,0.0,0.0,8100000.0
DANG(DISTRICT COLLECTOR DANG_IDA),2025Q3,1,5.3979400086720375,1.0,0.0,345.0,0.0,0.0,250000.0
DANG(DISTRICT COLLECTOR DANG_IDA),2025Q4,6,5.698970004336019,1.0,0.0,345.0,0.0,0.0,3000000.0
DANG(DISTRICT COLLECTOR DANG_IDA),2026Q1,1,5.698970004336019,1.0,0.0,345.0,0.0,0.0,500000.0
DARBHANGA(DISTRICT PLANNING OFFICER DARBANGA_IDA),2023Q3,21,5.962369335670021,0.0,1.0,884.0,0.6190476190476191,0.0,19257000.0
DARBHANGA(DISTRICT PLANNING OFFICER DARBANGA_IDA),2023Q4,129,5.634678752178682,0.0,0.9922480620155039,751.0,0.0,0.0,48129784.0
DARBHANGA(DISTRICT PLANNING OFFICER DARBANGA_IDA),2024Q1,185,5.6875289612146345,0.016216216216216217,0.972972972972973,708.0,0.0,0.0,94678906.0
DARBHANGA(DISTRICT PLANNING OFFICER DARBANGA_IDA),2024Q3,12,5.992553517832135,0.08333333333333333,0.9166666666666666,507.0,0.0,0.0,12008259.0
DARBHANGA(DISTRICT PLANNING OFFICER DARBANGA_IDA),2024Q4,88,5.694605198933568,0.0,0.75,407.0,0.0,0.0,43873800.0
DARBHANGA(DISTRICT PLANNING OFFICER DARBANGA_IDA),2025Q1,54,5.694605198933568,0.05555555555555555,0.7962962962962963,329.0,0.0,0.0,26621015.0
DARBHANGA(DISTRICT PLANNING OFFICER DARBANGA_IDA),2025Q2,13,5.778151250383644,0.38461538461538464,0.15384615384615385,252.5,0.0,0.0,8351349.0
DARBHANGA(DISTRICT PLANNING OFFICER DARBANGA_IDA),2025Q3,6,5.6601043219182055,0.0,0.5,165.0,0.0,0.0,3943120.0
DARBHANGA(DISTRICT PLANNING OFFICER DARBANGA_IDA),2026Q1,47,5.740362689494244,1.0,0.0,345.0,0.0,0.0,26350000.0
DARJEELING(DISTRICT MAGISTRATE DARJEELING_IDA),2024Q1,104,5.698970004336019,0.6442307692307693,0.3557692307692308,650.0,0.0,0.0,66531741.0
DARJEELING(DISTRICT MAGISTRATE DARJEELING_IDA),2024Q3,66,5.698970004336019,0.8636363636363636,0.13636363636363635,353.0,0.0,0.0,33990396.0
DARJEELING(DISTRICT MAGISTRATE DARJEELING_IDA),2024Q4,4,5.688264943488197,0.25,0.75,500.0,0.0,0.0,2439583.0
DARJEELING(DISTRICT MAGISTRATE DARJEELING_IDA),2025Q1,1,5.698970004336019,1.0,0.0,345.0,0.0,0.0,500000.0
DARJEELING(DISTRICT MAGISTRATE DARJEELING_IDA),2025Q2,37,5.698970004336019,1.0,0.0,345.0,0.13513513513513514,0.0,24300000.0
DARJEELING(DISTRICT MAGISTRATE DARJEELING_IDA),2025Q3,12,5.698970004336019,1.0,0.0,345.0,0.0,0.0,8100000.0
DARJEELING(DISTRICT MAGISTRATE DARJEELING_IDA),2025Q4,5,5.845098040014257,1.0,0.0,345.0,0.0,0.0,7700000.0
DARJEELING(DISTRICT MAGISTRATE DARJEELING_IDA),2026Q1,5,5.845098040014257,0.6,0.0,345.0,0.0,0.0,3599808.0
DARRANG(DEPUTY COMMISSIONER DARRANG_IDA),2023Q4,69,5.3979400086720375,1.0,0.4492753623188406,707.0,0.0,0.0,18450000.0
DARRANG(DEPUTY COMMISSIONER DARRANG_IDA),2024Q1,25,5.301029995663981,1.0,0.36,552.0,0.0,0.0,5400000.0
DARRANG(DEPUTY COMMISSIONER DARRANG_IDA),2024Q3,1,6.079181246047625,1.0,1.0,116.0,0.0,0.0,1200000.0
DARRANG(DEPUTY COMMISSIONER DARRANG_IDA),2025Q3,2,5.812913356642856,1.0,0.0,345.0,0.0,0.0,1300000.0
DARRANG(DEPUTY COMMISSIONER DARRANG_IDA),2026Q1,4,5.574031267727719,1.0,0.0,345.0,0.0,0.0,2000000.0
DATIA(District Collector Datia_IDA),2023Q3,8,5.439332693830263,1.0,0.0,345.0,0.0,0.0,3350000.0
DATIA(District Collector Datia_IDA),2023Q4,3,5.3979400086720375,1.0,0.0,345.0,0.0,0.0,1000000.0
DATIA(District Collector Datia_IDA),2024Q1,20,5.698970004336019,0.6,0.05,471.0,0.4,0.0,15430000.0
DATIA(District Collector Datia_IDA),2025Q1,1,6.0,1.0,0.0,345.0,0.0,0.0,1000000.0
DATIA(District Collector Datia_IDA),2025Q2,12,5.300169240160376,0.16666666666666666,0.0,345.0,0.8333333333333334,0.0,4496040.0
DATIA(District Collector Datia_IDA),2025Q3,2,5.300169240160376,0.0,0.0,345.0,1.0,0.0,399208.0
DATIA(District Collector Datia_IDA),2026Q1,24,5.88778041141103,0.3333333333333333,0.0,345.0,1.0,0.0,20356640.0
DAUSA(DISTRICT COLLECTOR DAUSA_IDA),2023Q3,110,5.397900051741655,0.2909090909090909,0.7818181818181819,871.0,0.0,0.02727272727272727,40560371.0
DAUSA(DISTRICT COLLECTOR DAUSA_IDA),2023Q4,16,5.719959895785775,0.4375,0.9375,829.0,0.0,0.0,8655496.0
DAUSA(DISTRICT COLLECTOR DAUSA_IDA),2024Q1,49,5.69804310006918,0.42857142857142855,0.6122448979591837,692.0,0.0,0.0,24413741.0
DAUSA(DISTRICT COLLECTOR DAUSA_IDA),2024Q3,1,5.999720658830323,0.0,1.0,474.0,0.0,0.0,999357.0
DAUSA(DISTRICT COLLECTOR DAUSA_IDA),2024Q4,2,5.999961997570203,0.5,0.0,345.0,0.0,0.0,1999825.0
DAUSA(DISTRICT COLLECTOR DAUSA_IDA),2025Q1,3,5.873247341145691,0.0,0.6666666666666666,298.0,0.0,0.0,2266719.0
DAUSA(DISTRICT COLLECTOR DAUSA_IDA),2025Q2,10,5.9999046618974825,0.1,0.2,270.0,0.0,0.0,10409243.0
DAUSA(DISTRICT COLLECTOR DAUSA_IDA),2025Q3,8,5.998623931660974,0.25,0.5,186.5,0.0,0.0,6660681.0
DAUSA(DISTRICT COLLECTOR DAUSA_IDA),2025Q4,21,5.999956568380193,0.5238095238095238,0.047619047619047616,121.0,0.09523809523809523,0.0,16498265.0
DAUSA(DISTRICT COLLECTOR DAUSA_IDA),2026Q1,40,5.698970004336019,0.35,0.0,345.0,0.0,0.0,25570317.0
DAVANGERE(DEPUTY COMMISSIONER DAUANAGERE_IDA),2023Q4,38,5.855088281779894,0.13157894736842105,0.868421052631579,911.0,0.0,0.0,26035161.0
DAVANGERE(DEPUTY COMMISSIONER DAUANAGERE_IDA),2024Q1,36,5.698970004336019,0.4166666666666667,0.8055555555555556,817.0,0.0,0.0,21720526.0
DAVANGERE(DEPUTY COMMISSIONER DAUANAGERE_IDA),2024Q3,1,6.3979400086720375,1.0,0.0,345.0,0.0,0.0,2500000.0
DAVANGERE(DEPUTY COMMISSIONER DAUANAGERE_IDA),2024Q4,2,5.693182861005877,0.0,1.0,542.0,1.0,0.0,986763.0
DAVANGERE(DEPUTY COMMISSIONER DAUANAGERE_IDA),2025Q1,46,6.0,1.0,0.08695652173913043,420.0,0.0,0.0,45500000.0
DAVANGERE(DEPUTY COMMISSIONER DAUANAGERE_IDA),2025Q2,1,6.0,1.0,1.0,319.0,0.0,0.0,1000000.0
DAVANGERE(DEPUTY COMMISSIONER DAUANAGERE_IDA),2025Q3,2,5.698970004336019,1.0,0.0,345.0,0.0,0.0,1000000.0
DAVANGERE(DEPUTY COMMISSIONER DAUANAGERE_IDA),2026Q1,28,6.0,1.0,0.0,345.0,0.0,0.0,25100000.0
DEHRADUN(DISTRICT MAGISTRATE DEHRADUN_IDA),2023Q3,4,5.999782798454135,0.25,0.75,181.0,0.0,0.0,3498500.0
DEHRADUN(DISTRICT MAGISTRATE DEHRADUN_IDA),2024Q1,95,5.477121254719663,0.968421052631579,0.0,345.0,0.0,0.0,46050000.0
DEHRADUN(DISTRICT MAGISTRATE DEHRADUN_IDA),2024Q3,3,6.029789470831855,0.0,0.0,345.0,0.0,0.0,4055000.0
DEHRADUN(DISTRICT MAGISTRATE DEHRADUN_IDA),2024Q4,23,5.176091259055681,0.9130434782608695,0.0,345.0,0.0,0.0,9120000.0
DEHRADUN(DISTRICT MAGISTRATE DEHRADUN_IDA),2025Q1,31,5.681241237375588,0.2903225806451613,0.3548387096774194,304.0,0.0,0.0,17687093.0
DEHRADUN(DISTRICT MAGISTRATE DEHRADUN_IDA),2025Q2,25,5.954242509439325,0.48,0.0,345.0,0.0,0.0,21594193.0
DEHRADUN(DISTRICT MAGISTRATE DEHRADUN_IDA),2025Q3,10,6.057993792725313,0.6,0.0,345.0,0.0,0.0,10393287.0
DEHRADUN(DISTRICT MAGISTRATE DEHRADUN_IDA),2025Q4,39,5.283301228703549,0.4358974358974359,0.0,345.0,0.0,0.0,14024000.0
DEHRADUN(DISTRICT MAGISTRATE DEHRADUN_IDA),2026Q1,44,5.544688022302678,0.6818181818181818,0.0,345.0,0.0,0.0,23505132.0
DEOGARH(District Collector Deogarh_IDA),2024Q1,223,5.698970004336019,0.9641255605381166,0.757847533632287,651.0,0.0,0.0,146983350.0
DEOGARH(District Collector Deogarh_IDA),2025Q3,1,5.698970004336019,1.0,0.0,345.0,0.0,0.0,500000.0
DEOGARH(District Collector Deogarh_IDA),2026Q1,32,5.698970004336019,1.0,0.0,345.0,0.0,0.0,18300000.0
DEOGHAR(DEPUTY COMMISSIONER DEOGHAR_IDA),2023Q4,49,5.3979400086720375,1.0,0.0,345.0,0.0,0.0,13100000.0
DEOGHAR(DEPUTY COMMISSIONER DEOGHAR_IDA),2024Q1,2,5.6020599913279625,1.0,0.0,345.0,0.0,0.0,800000.0
DEOGHAR(DEPUTY COMMISSIONER DEOGHAR_IDA),2025Q1,1,6.251762286862969,0.0,0.0,345.0,0.0,0.0,1785510.0
DEOGHAR(DEPUTY COMMISSIONER DEOGHAR_IDA),2025Q2,20,5.477121254719663,1.0,0.0,345.0,0.0,0.0,6000000.0
DEOGHAR(DEPUTY COMMISSIONER DEOGHAR_IDA),2025Q4,8,5.477121254719663,1.0,0.0,345.0,0.0,0.0,4600000.0
DEOGHAR(DEPUTY COMMISSIONER DEOGHAR_IDA),2026Q1,1,6.3979400086720375,1.0,0.0,345.0,0.0,0.0,2500000.0
DEORIA(DISTRICT MAGISTRATE DEORIA),2023Q4,80,5.770852011642144,0.8125,0.0,345.0,0.0,0.0,58734000.0
DEORIA(DISTRICT MAGISTRATE DEORIA),2024Q1,84,5.535737051730224,0.15476190476190477,0.6428571428571429,611.0,0.0,0.0,48097012.0
DEORIA(DISTRICT MAGISTRATE DEORIA),2024Q3,37,5.698970004336019,0.40540540540540543,0.5135135135135135,317.0,0.0,0.0,20684526.0
DEORIA(DISTRICT MAGISTRATE DEORIA),2024Q4,23,6.0,0.21739130434782608,0.17391304347826086,274.0,0.0,0.0,58064896.0
DEORIA(DISTRICT MAGISTRATE DEORIA),2025Q1,8,6.062092892630169,0.125,0.0,345.0,0.0,0.0,7797200.0
DEORIA(DISTRICT MAGISTRATE DEORIA),2025Q2,14,5.929418925714293,0.7857142857142857,0.0,345.0,0.0,0.0,11460000.0
DEORIA(DISTRICT MAGISTRATE DEORIA),2025Q3,40,5.6512780139981444,0.325,0.0,345.0,0.0,0.0,24922000.0
DEORIA(DISTRICT MAGISTRATE DEORIA),2025Q4,60,5.998041264363429,0.05,0.0,345.0,0.0,0.0,48457000.0
DEORIA(DISTRICT MAGISTRATE DEORIA),2026Q1,41,5.498310553789601,0.21951219512195122,0.0,345.0,0.0,0.0,22367500.0
DEVBHUMI DWARKA(DISTRICT COLLECTOR DEVBHUMI DWARKA_IDA),2023Q3,1,5.698970004336019,1.0,0.0,345.0,0.0,0.0,500000.0
DEVBHUMI DWARKA(DISTRICT COLLECTOR DEVBHUMI DWARKA_IDA),2024Q1,129,5.539415995735297,0.17054263565891473,0.8527131782945736,664.0,0.0,0.0,44035968.09
DEVBHUMI DWARKA(DISTRICT COLLECTOR DEVBHUMI DWARKA_IDA),2024Q4,2,5.844383969503903,0.5,0.0,345.0,0.0,0.0,1397700.0
DEVBHUMI DWARKA(DISTRICT COLLECTOR DEVBHUMI DWARKA_IDA),2025Q1,4,5.698970004336019,0.75,0.0,345.0,0.0,0.0,2240500.0
DEVBHUMI DWARKA(DISTRICT COLLECTOR DEVBHUMI DWARKA_IDA),2025Q2,21,5.698970004336019,0.7619047619047619,0.23809523809523808,285.0,0.0,0.0,11133405.0
DEVBHUMI DWARKA(DISTRICT COLLECTOR DEVBHUMI DWARKA_IDA),2025Q3,2,5.653212513775344,1.0,0.0,345.0,0.0,0.0,900000.0
DEVBHUMI DWARKA(DISTRICT COLLECTOR DEVBHUMI DWARKA_IDA),2025Q4,2,5.628388930050312,1.0,0.0,345.0,0.0,0.0,850000.0
DEVBHUMI DWARKA(DISTRICT COLLECTOR DEVBHUMI DWARKA_IDA),2026Q1,18,5.6020599913279625,1.0,0.0,345.0,0.0,0.0,7850000.0
DEWAS(DISTRICT COLLECTOR DEWAS_IDA),2022Q3,1,5.301029995663981,1.0,0.0,345.0,0.0,0.0,200000.0
DEWAS(DISTRICT COLLECTOR DEWAS_IDA),2023Q3,23,5.6020599913279625,0.782608695652174,0.17391304347826086,426.5,0.08695652173913043,0.0,8756733.0
DEWAS(DISTRICT COLLECTOR DEWAS_IDA),2023Q4,11,5.694605198933568,0.45454545454545453,0.7272727272727273,467.0,0.0,0.0,5760325.0
DEWAS(DISTRICT COLLECTOR DEWAS_IDA),2024Q1,66,5.637989780784685,0.7727272727272727,0.5303030303030303,605.0,0.045454545454545456,0.0,32599297.0
DEWAS(DISTRICT COLLECTOR DEWAS_IDA),2024Q3,1,6.300887089270044,0.0,1.0,300.0,0.0,0.0,1999342.0
DEWAS(DISTRICT COLLECTOR DEWAS_IDA),2024Q4,3,5.301029995663981,1.0,0.0,345.0,0.0,0.0,900000.0
DEWAS(DISTRICT COLLECTOR DEWAS_IDA),2025Q1,16,5.873865598701537,0.8125,0.25,353.0,0.1875,0.0,12717398.0
DEWAS(DISTRICT COLLECTOR DEWAS_IDA),2025Q2,48,5.3979400086720375,0.4791666666666667,0.4166666666666667,268.0,0.3125,0.0,20170563.0
DEWAS(DISTRICT COLLECTOR DEWAS_IDA),2025Q3,7,6.0,0.8571428571428571,0.14285714285714285,189.0,0.0,0.0,6999574.0
DEWAS(DISTRICT COLLECTOR DEWAS_IDA),2025Q4,12,5.698970004336019,1.0,0.0,345.0,0.0,0.0,7800000.0
DEWAS(DISTRICT COLLECTOR DEWAS_IDA),2026Q1,22,5.698970004336019,1.0,0.0,345.0,0.0,0.0,16600000.0
DHAMTARI(DISTRICT COLLECTOR DHAMTARI_IDA),2023Q3,6,5.698843606249971,0.3333333333333333,1.0,709.0,0.3333333333333333,0.0,2694364.0
DHAMTARI(DISTRICT COLLECTOR DHAMTARI_IDA),2023Q4,7,5.698279796528598,0.0,1.0,574.0,0.0,0.0,3642066.0
DHAMTARI(DISTRICT COLLECTOR DHAMTARI_IDA),2024Q1,3,5.698758016899707,0.3333333333333333,1.0,565.0,0.0,0.0,1399723.0
DHAMTARI(DISTRICT COLLECTOR DHAMTARI_IDA),2025Q1,9,5.999970901294895,0.5555555555555556,0.5555555555555556,230.0,0.0,0.0,7098424.0
DHAMTARI(DISTRICT COLLECTOR DHAMTARI_IDA),2025Q2,10,5.778052437148579,0.5,0.6,171.5,0.2,0.0,7191298.0
DHAMTARI(DISTRICT COLLECTOR DHAMTARI_IDA),2025Q4,1,5.698970004336019,1.0,0.0,345.0,0.0,0.0,500000.0
DHAMTARI(DISTRICT COLLECTOR DHAMTARI_IDA),2026Q1,6,5.698970004336019,0.6666666666666666,0.0,345.0,0.5,0.0,3651051.0
DHANBAD(DEPUTY COMMISSIONER DHANBAD_IDA),2023Q3,100,5.477121254719663,0.56,0.0,345.0,0.0,0.0,28989500.0
DHANBAD(DEPUTY COMMISSIONER DHANBAD_IDA),2023Q4,108,5.432969290874405,0.6481481481481481,0.0,345.0,0.0,0.0,29295900.0
DHANBAD(DEPUTY COMMISSIONER DHANBAD_IDA),2024Q1,70,5.511883360978874,0.5571428571428572,0.02857142857142857,761.0,0.0,0.0,25067832.0
DHANBAD(DEPUTY COMMISSIONER DHANBAD_IDA),2025Q2,125,5.505149978319906,0.76,0.336,302.5,0.0,0.0,44147000.0
DHANBAD(DEPUTY COMMISSIONER DHANBAD_IDA),2025Q3,72,5.511883360978874,0.8055555555555556,0.4027777777777778,259.0,0.0,0.0,24065000.0
DHANBAD(DEPUTY COMMISSIONER DHANBAD_IDA),2025Q4,25,5.544068044350276,0.92,0.0,345.0,0.0,0.0,8800000.0
DHANBAD(DEPUTY COMMISSIONER DHANBAD_IDA),2026Q1,41,5.544068044350276,0.6341463414634146,0.0,345.0,0.0,0.0,16160000.0
DHAR(DISTRICT COLLECTOR DHAR_IDA),2023Q2,1,5.698583310142673,0.0,1.0,1012.0,0.0,0.0,499555.0
DHAR(DISTRICT COLLECTOR DHAR_IDA),2023Q3,17,5.195160446430501,0.11764705882352941,0.8823529411764706,117.0,0.0,0.0,3850995.0
DHAR(DISTRICT COLLECTOR DHAR_IDA),2023Q4,7,5.698970004336019,0.5714285714285714,0.7142857142857143,827.0,0.0,0.0,3522019.0
DHAR(DISTRICT COLLECTOR DHAR_IDA),2024Q1,397,5.213315836175446,0.07556675062972293,0.9974811083123426,158.5,0.8942065491183879,0.07052896725440806,71934270.0
DHAR(DISTRICT COLLECTOR DHAR_IDA),2024Q3,1,5.6020599913279625,1.0,1.0,539.0,0.0,0.0,400000.0
DHAR(DISTRICT COLLECTOR DHAR_IDA),2024Q4,75,5.386639843167512,0.22666666666666666,0.9066666666666666,270.0,0.44,0.0,26259993.0
DHAR(DISTRICT COLLECTOR DHAR_IDA),2025Q1,37,5.931755773839767,0.43243243243243246,0.8648648648648649,310.0,0.21621621621621623,0.0,27132249.0
DHAR(DISTRICT COLLECTOR DHAR_IDA),2025Q2,85,5.20197579793292,0.16470588235294117,0.9058823529411765,253.0,0.5764705882352941,0.0,27545546.0
DHAR(DISTRICT COLLECTOR DHAR_IDA),2025Q3,28,5.778151250383644,0.9285714285714286,0.14285714285714285,254.5,0.0,0.0,19359023.0
DHAR(DISTRICT COLLECTOR DHAR_IDA),2025Q4,8,5.653212513775344,1.0,0.125,106.0,0.0,0.0,4050000.0
DHAR(DISTRICT COLLECTOR DHAR_IDA),2026Q1,17,5.20197579793292,0.17647058823529413,0.8235294117647058,97.0,0.8235294117647058,0.0,3828968.0
DHARMAPURI(DISTRICT COLLECTOR DHARMAPURI_IDA),2023Q4,65,5.861355757818392,0.3076923076923077,0.6307692307692307,881.0,0.0,0.0,48508148.0
DHARMAPURI(DISTRICT COLLECTOR DHARMAPURI_IDA),2024Q1,39,5.812913356642856,0.6410256410256411,0.4358974358974359,821.0,0.0,0.0,29782187.0
DHARMAPURI(DISTRICT COLLECTOR DHARMAPURI_IDA),2024Q4,5,6.0,0.4,0.4,485.5,0.0,0.0,5809592.0
DHARMAPURI(DISTRICT COLLECTOR DHARMAPURI_IDA),2025Q1,12,5.795880017344075,0.4166666666666667,0.9166666666666666,433.0,0.0,0.0,10678720.0
DHARMAPURI(DISTRICT COLLECTOR DHARMAPURI_IDA),2025Q2,21,5.6674529528899535,0.047619047619047616,0.09523809523809523,313.0,0.0,0.0,13895215.0
DHARMAPURI(DISTRICT COLLECTOR DHARMAPURI_IDA),2025Q3,77,5.778151250383644,0.948051948051948,0.06493506493506493,231.0,0.0,0.0,51943601.0
DHARMAPURI(DISTRICT COLLECTOR DHARMAPURI_IDA),2025Q4,2,6.096910013008056,1.0,0.0,345.0,0.0,0.0,2500000.0
DHARMAPURI(DISTRICT COLLECTOR DHARMAPURI_IDA),2026Q1,58,5.301029995663981,0.9137931034482759,0.0,345.0,0.08620689655172414,0.0,22817000.0
DHARWAD(DEPUTY COMMISSIONER DHARWAR_IDA),2023Q4,11,5.698511147043815,0.09090909090909091,0.9090909090909091,575.5,0.0,0.0,4889720.0
DHARWAD(DEPUTY COMMISSIONER DHARWAR_IDA),2024Q1,122,5.698282406432186,0.30327868852459017,0.6967213114754098,561.0,0.0,0.0,66211770.0
DHARWAD(DEPUTY COMMISSIONER DHARWAR_IDA),2024Q3,16,5.628388930050312,0.3125,0.75,458.5,0.0,0.0,38220363.0
DHARWAD(DEPUTY COMMISSIONER DHARWAR_IDA),2024Q4,3,5.8750612633917,1.0,0.0,345.0,0.6666666666666666,0.0,2000000.0
DHARWAD(DEPUTY COMMISSIONER DHARWAR_IDA),2025Q1,9,5.698970004336019,1.0,0.0,345.0,0.0,0.0,5450000.0
DHARWAD(DEPUTY COMMISSIONER DHARWAR_IDA),2025Q2,23,5.6020599913279625,0.8260869565217391,0.17391304347826086,322.0,0.0,0.0,9986050.0
DHARWAD(DEPUTY COMMISSIONER DHARWAR_IDA),2025Q3,4,5.698970004336019,1.0,0.0,345.0,0.0,0.0,2300000.0
DHARWAD(DEPUTY COMMISSIONER DHARWAR_IDA),2025Q4,27,5.698970004336019,1.0,0.0,345.0,0.0,0.0,12400000.0
DHARWAD(DEPUTY COMMISSIONER DHARWAR_IDA),2026Q1,52,5.698970004336019,1.0,0.0,345.0,0.0,0.0,25500000.0
DHEMAJI(DEPUTY COMMISSIONER DHEMAJI_IDA),2023Q3,8,5.698970004336019,0.875,0.125,292.0,0.0,0.0,5898896.0
DHEMAJI(DEPUTY COMMISSIONER DHEMAJI_IDA),2023Q4,10,5.653212513775344,1.0,0.0,345.0,0.0,0.0,4100000.0
DHEMAJI(DEPUTY COMMISSIONER DHEMAJI_IDA),2024Q1,12,5.477121254719663,1.0,0.0,345.0,0.0,0.0,5600000.0
DHEMAJI(DEPUTY COMMISSIONER DHEMAJI_IDA),2024Q2,1,6.301029995663981,1.0,0.0,345.0,0.0,0.0,2000000.0
DHEMAJI(DEPUTY COMMISSIONER DHEMAJI_IDA),2024Q3,1,6.556302500767287,1.0,0.0,345.0,0.0,0.0,3600000.0
DHEMAJI(DEPUTY COMMISSIONER DHEMAJI_IDA),2024Q4,18,5.8750612633917,1.0,0.0,345.0,0.0,0.0,16850000.0
DHEMAJI(DEPUTY COMMISSIONER DHEMAJI_IDA),2025Q1,8,5.698970004336019,1.0,0.0,345.0,0.0,0.0,4500000.0
DHEMAJI(DEPUTY COMMISSIONER DHEMAJI_IDA),2025Q2,29,5.477121254719663,1.0,0.0,345.0,0.0,0.0,10850000.0
DHEMAJI(DEPUTY COMMISSIONER DHEMAJI_IDA),2025Q4,24,5.544068044350276,1.0,0.0,345.0,0.0,0.0,12300000.0
DHEMAJI(DEPUTY COMMISSIONER DHEMAJI_IDA),2026Q1,11,5.698970004336019,1.0,0.0,345.0,0.0,0.0,5000000.0
DHENKANAL(DISTRICT COLLECTOR DHENKANAL_IDA),2023Q4,107,5.6020599913279625,1.0,0.04672897196261682,795.0,0.0,0.0,43600000.0
DHENKANAL(DISTRICT COLLECTOR DHENKANAL_IDA),2024Q1,10,5.544068044350276,0.9,0.0,345.0,0.0,0.0,3320000.0
DHENKANAL(DISTRICT COLLECTOR DHENKANAL_IDA),2024Q4,1,5.999130541287371,0.0,0.0,345.0,0.0,0.0,998000.0
DHENKANAL(DISTRICT COLLECTOR DHENKANAL_IDA),2025Q4,25,5.997823080745725,0.84,0.0,345.0,0.0,0.0,20810000.0
DHENKANAL(DISTRICT COLLECTOR DHENKANAL_IDA),2026Q1,2,5.698970004336019,1.0,0.0,345.0,0.0,0.0,1000000.0
DHOLPUR(DISTRICT COLLECTOR DHOLPUR_IDA),2024Q1,253,5.42493551192798,0.1067193675889328,0.5138339920948617,694.0,0.007905138339920948,0.0,83734630.0
DHOLPUR(DISTRICT COLLECTOR DHOLPUR_IDA),2024Q3,33,5.041365047357256,0.0,0.7575757575757576,496.0,0.06060606060606061,0.0,3574400.0
DHOLPUR(DISTRICT COLLECTOR DHOLPUR_IDA),2024Q4,13,5.041365047357256,0.0,0.8461538461538461,411.0,0.0,0.0,1429923.0
DHOLPUR(DISTRICT COLLECTOR DHOLPUR_IDA),2025Q1,19,5.079141433895366,0.0,0.7894736842105263,290.0,0.0,0.0,2279835.0
DHOLPUR(DISTRICT COLLECTOR DHOLPUR_IDA),2025Q2,5,5.041392685158225,0.0,0.0,345.0,0.0,0.0,550000.0
DHOLPUR(DISTRICT COLLECTOR DHOLPUR_IDA),2025Q3,5,5.698970004336019,1.0,0.0,345.0,0.0,0.0,4500000.0
DHOLPUR(DISTRICT COLLECTOR DHOLPUR_IDA),2026Q1,1,5.845098040014257,1.0,0.0,345.0,0.0,0.0,700000.0
DHUBRI(DEPUTY COMMISSIONER DHUBRI_IDA),2023Q4,40,5.584512142712952,0.0,0.675,702.0,0.0,0.0,18560220.0
DHUBRI(DEPUTY COMMISSIONER DHUBRI_IDA),2024Q1,15,5.681422155721009,0.0,0.7333333333333333,651.0,0.0,0.0,10163580.0
DHUBRI(DEPUTY COMMISSIONER DHUBRI_IDA),2024Q3,5,5.698970004336019,1.0,0.0,345.0,0.0,0.0,2500000.0
DHUBRI(DEPUTY COMMISSIONER DHUBRI_IDA),2024Q4,5,5.698970004336019,1.0,0.0,345.0,0.0,0.0,2500000.0
DHUBRI(DEPUTY COMMISSIONER DHUBRI_IDA),2025Q1,22,5.698970004336019,0.9545454545454546,0.09090909090909091,245.5,0.0,0.0,12549919.0
DHUBRI(DEPUTY COMMISSIONER DHUBRI_IDA),2025Q2,9,5.698970004336019,0.6666666666666666,0.4444444444444444,181.5,0.0,0.0,5299230.0
DHUBRI(DEPUTY COMMISSIONER DHUBRI_IDA),2025Q3,19,5.6020599913279625,0.5263157894736842,0.7368421052631579,162.0,0.0,0.0,7897280.0
DHUBRI(DEPUTY COMMISSIONER DHUBRI_IDA),2025Q4,10,5.439332693830263,1.0,0.0,345.0,0.0,0.0,3550000.0
DHUBRI(DEPUTY COMMISSIONER DHUBRI_IDA),2026Q1,15,5.477121254719663,1.0,0.0,345.0,0.0,0.0,5500000.0
DHULE(DISTRICT COLLECTOR DHULE_IDA),2022Q3,25,5.870152152234078,0.12,0.92,1266.0,0.0,0.0,18591714.0
DHULE(DISTRICT COLLECTOR DHULE_IDA),2022Q4,5,5.698970004336019,0.4,1.0,1122.0,0.0,0.0,2992305.0
DHULE(DISTRICT COLLECTOR DHULE_IDA),2023Q2,18,5.6967682051877215,0.1111111111111111,1.0,953.5,0.0,0.0,8667010.0
DHULE(DISTRICT COLLECTOR DHULE_IDA),2024Q1,43,5.99859190853453,0.46511627906976744,0.5116279069767442,689.0,0.0,0.0,49009621.0
DHULE(DISTRICT COLLECTOR DHULE_IDA),2024Q3,6,6.09620431945006,0.3333333333333333,1.0,492.0,0.0,0.0,10958610.0
DHULE(DISTRICT COLLECTOR DHULE_IDA),2025Q1,29,6.0,0.896551724137931,0.13793103448275862,423.0,0.0,0.0,27356722.0
DHULE(DISTRICT COLLECTOR DHULE_IDA),2025Q2,1,6.3979400086720375,1.0,0.0,345.0,0.0,0.0,2500000.0
DHULE(DISTRICT COLLECTOR DHULE_IDA),2025Q3,79,5.230448921378274,0.012658227848101266,0.0,345.0,0.9873417721518988,0.0,14260000.0
DHULE(DISTRICT COLLECTOR DHULE_IDA),2025Q4,8,6.0,1.0,0.0,345.0,0.0,0.0,12000000.0
DHULE(DISTRICT COLLECTOR DHULE_IDA),2026Q1,40,5.954242509439325,0.75,0.0,345.0,0.45,0.0,29499530.0
DIBANG VALLEY(Deputy Commisioner Dibang Valley_IDA),2024Q3,1,6.079181246047625,1.0,1.0,521.0,0.0,0.0,1200000.0
DIBRUGARH(DEPUTY COMMISSIONER DIBRUGARH_IDA),2023Q3,10,6.0,1.0,0.0,345.0,0.0,0.0,10000000.0
DIBRUGARH(DEPUTY COMMISSIONER DIBRUGARH_IDA),2023Q4,30,5.698970004336019,1.0,0.0,345.0,0.0,0.0,22500000.0
DIBRUGARH(DEPUTY COMMISSIONER DIBRUGARH_IDA),2024Q1,57,5.698970004336019,0.9824561403508771,0.0,345.0,0.0,0.0,33015410.0
DIBRUGARH(DEPUTY COMMISSIONER DIBRUGARH_IDA),2025Q1,15,6.0,1.0,0.0,345.0,0.0,0.0,18500000.0
DIBRUGARH(DEPUTY COMMISSIONER DIBRUGARH_IDA),2025Q2,1,6.140877444726542,0.0,0.0,345.0,0.0,0.0,1383176.0
DIBRUGARH(DEPUTY COMMISSIONER DIBRUGARH_IDA),2025Q3,1,6.698970004336019,1.0,0.0,345.0,0.0,0.0,5000000.0
DIBRUGARH(DEPUTY COMMISSIONER DIBRUGARH_IDA),2025Q4,2,6.096910013008056,1.0,0.0,345.0,0.0,0.0,2500000.0
DIBRUGARH(DEPUTY COMMISSIONER DIBRUGARH_IDA),2026Q1,23,6.0,1.0,0.0,345.0,0.0,0.0,28800000.0
DIMA HASAO(DEPUTY COMMISSIONER Dima Hasao_IDA),2024Q1,1,6.301029995663981,1.0,0.0,345.0,0.0,0.0,2000000.0
DIMA HASAO(DEPUTY COMMISSIONER Dima Hasao_IDA),2024Q3,1,6.698970004336019,1.0,0.0,345.0,0.0,0.0,5000000.0
DIMAPUR(DEPUTY COMMISSIONER DIMAPUR_IDA),2023Q3,12,6.096910013008056,1.0,1.0,143.0,1.0,0.0,44500000.0
DIMAPUR(DEPUTY COMMISSIONER DIMAPUR_IDA),2024Q3,2,6.653212513775344,1.0,1.0,107.0,0.0,0.0,9000000.0
DIMAPUR(DEPUTY COMMISSIONER DIMAPUR_IDA),2025Q2,2,5.929418925714293,1.0,1.0,271.0,0.0,0.0,1700000.0
DIMAPUR(DEPUTY COMMISSIONER DIMAPUR_IDA),2025Q3,1,5.698970004336019,1.0,1.0,186.0,0.0,0.0,500000.0
DINDIGUL(DISTRICT COLLECTOR DINDIGUL_IDA),2023Q4,126,5.729407796963068,0.4444444444444444,0.18253968253968253,948.0,0.0,0.0,97960666.0
DINDIGUL(DISTRICT COLLECTOR DINDIGUL_IDA),2024Q1,37,4.982320993098171,0.24324324324324326,0.10810810810810811,811.0,0.0,0.0,13515767.0
DINDIGUL(DISTRICT COLLECTOR DINDIGUL_IDA),2024Q3,20,6.0,0.5,0.5,610.0,0.0,0.0,24546328.0
DINDIGUL(DISTRICT COLLECTOR DINDIGUL_IDA),2024Q4,1,6.698905202765001,0.0,1.0,580.0,0.0,0.0,4999254.0
DINDIGUL(DISTRICT COLLECTOR DINDIGUL_IDA),2025Q1,12,6.0,0.5,0.4166666666666667,448.0,0.0,0.0,13050580.0
DINDIGUL(DISTRICT COLLECTOR DINDIGUL_IDA),2025Q2,40,6.0,0.65,0.35,364.0,0.0,0.0,53640423.0
DINDIGUL(DISTRICT COLLECTOR DINDIGUL_IDA),2025Q3,9,5.845098040014257,1.0,0.1111111111111111,245.0,0.0,0.0,7800000.0
DINDIGUL(DISTRICT COLLECTOR DINDIGUL_IDA),2025Q4,13,5.929418925714293,0.5384615384615384,0.0,345.0,0.0,0.0,17935000.0
DINDIGUL(DISTRICT COLLECTOR DINDIGUL_IDA),2026Q1,7,5.939519252618618,0.8571428571428571,0.0,345.0,0.0,0.0,5720000.0
DINDORI(District Collector Dindori_IDA),2023Q3,10,5.698970004336019,0.8,0.1,138.0,0.0,0.0,4996680.0
DINDORI(District Collector Dindori_IDA),2023Q4,5,5.698970004336019,0.8,0.0,345.0,0.0,0.0,4187488.0
DINDORI(District Collector Dindori_IDA),2024Q1,12,5.6985354925620015,0.8333333333333334,0.0,345.0,0.0,0.0,6297000.0
DINDORI(District Collector Dindori_IDA),2024Q4,8,5.698970004336019,0.875,0.0,345.0,0.0,0.0,3358000.0
DINDORI(District Collector Dindori_IDA),2025Q1,18,5.698970004336019,0.3888888888888889,0.0,345.0,0.0,0.0,10933805.0
DINDORI(District Collector Dindori_IDA),2025Q2,3,5.698970004336019,1.0,0.0,345.0,0.0,0.0,1400000.0
DINDORI(District Collector Dindori_IDA),2025Q4,4,5.574031267727719,1.0,0.0,345.0,0.0,0.0,5900000.0
DINDORI(District Collector Dindori_IDA),2026Q1,53,5.25258120860216,0.2641509433962264,0.0,345.0,0.0,0.0,15925504.0
DIU(Collector Diu),2025Q3,2,6.176091259055681,1.0,0.0,345.0,0.0,0.0,3000000.0
DIU(Collector Diu),2025Q4,1,6.518513939877887,1.0,0.0,345.0,0.0,0.0,3300000.0
DIU(Collector Diu),2026Q1,7,6.380211241711606,1.0,0.0,345.0,0.0,0.0,18100000.0
DODA(Deputy Commissioner Doda_IDA),2024Q1,33,5.283301228703549,0.15151515151515152,0.8181818181818182,579.0,0.0,0.0,12010757.0
DODA(Deputy Commissioner Doda_IDA),2024Q4,12,5.301029995663981,0.16666666666666666,0.8333333333333334,338.0,0.0,0.0,2958200.0
DODA(Deputy Commissioner Doda_IDA),2025Q1,1,5.2878017299302265,0.0,1.0,203.0,0.0,0.0,194000.0
DODA(Deputy Commissioner Doda_IDA),2025Q3,9,5.3979400086720375,1.0,0.0,345.0,0.0,0.0,4550000.0
DODA(Deputy Commissioner Doda_IDA),2026Q1,9,5.544068044350276,1.0,0.0,345.0,0.7777777777777778,0.0,3100000.0
DOHAD(DISTRICT COLLECTOR DOHAD_IDA),2023Q4,2,6.161876428084015,0.0,0.5,756.0,0.0,0.0,2903397.0
DOHAD(DISTRICT COLLECTOR DOHAD_IDA),2024Q1,439,5.301029995663981,0.3348519362186788,0.19362186788154898,676.0,0.0,0.0,70624128.0
DOHAD(DISTRICT COLLECTOR DOHAD_IDA),2024Q3,114,5.3979400086720375,0.543859649122807,0.18421052631578946,483.0,0.0,0.0,37762618.0
DOHAD(DISTRICT COLLECTOR DOHAD_IDA),2024Q4,13,5.6020599913279625,0.7692307692307693,0.23076923076923078,411.0,0.0,0.0,10281170.0
DOHAD(DISTRICT COLLECTOR DOHAD_IDA),2025Q1,5,5.544068044350276,0.8,0.0,345.0,0.0,0.0,4295850.0
DOHAD(DISTRICT COLLECTOR DOHAD_IDA),2025Q2,24,5.544068044350276,0.6666666666666666,0.0,345.0,0.0,0.0,9216329.0
DOHAD(DISTRICT COLLECTOR DOHAD_IDA),2025Q3,131,5.3979400086720375,0.9541984732824428,0.0,345.0,0.0,0.0,38960924.0
DOHAD(DISTRICT COLLECTOR DOHAD_IDA),2025Q4,3,5.690196080028514,0.3333333333333333,0.0,345.0,0.0,0.0,1438000.0
DOHAD(DISTRICT COLLECTOR DOHAD_IDA),2026Q1,10,5.4734869700645685,0.9,0.0,345.0,0.0,0.0,3195000.0
DUMKA(DEPUTY COMMISSIONER DUMKA_IDA),2023Q3,2,5.511883360978874,1.0,0.0,345.0,0.0,0.0,650000.0
DUMKA(DEPUTY COMMISSIONER DUMKA_IDA),2023Q4,9,5.3979400086720375,1.0,0.0,345.0,0.0,0.0,3550000.0
DUMKA(DEPUTY COMMISSIONER DUMKA_IDA),2024Q1,193,5.3979400086720375,0.9481865284974094,0.42487046632124353,566.0,0.0,0.0,52106860.0
DUMKA(DEPUTY COMMISSIONER DUMKA_IDA),2024Q3,19,5.477121254719663,1.0,0.0,345.0,0.0,0.0,7000000.0
DUMKA(DEPUTY COMMISSIONER DUMKA_IDA),2024Q4,1,5.698970004336019,1.0,0.0,345.0,0.0,0.0,500000.0
DUMKA(DEPUTY COMMISSIONER DUMKA_IDA),2025Q1,51,5.6020599913279625,1.0,0.0,345.0,0.0,0.0,19300000.0
DUMKA(DEPUTY COMMISSIONER DUMKA_IDA),2025Q3,4,5.494850021680094,0.75,0.0,345.0,0.0,0.0,1425000.0
DUMKA(DEPUTY COMMISSIONER DUMKA_IDA),2025Q4,59,5.544068044350276,1.0,0.0,345.0,0.0,0.0,24400000.0
DUNGARPUR(DISTRICT COLLECTOR DUNGARPUR_IDA),2023Q4,57,5.544068044350276,0.5614035087719298,0.6842105263157895,585.0,0.0,0.017543859649122806,21443484.0
DUNGARPUR(DISTRICT COLLECTOR DUNGARPUR_IDA),2024Q1,28,5.924702775146963,0.35714285714285715,0.8214285714285714,551.0,0.0,0.0,21699576.2
DUNGARPUR(DISTRICT COLLECTOR DUNGARPUR_IDA),2024Q3,7,6.079181246047625,0.8571428571428571,0.14285714285714285,547.0,0.0,0.0,8636889.0
DUNGARPUR(DISTRICT COLLECTOR DUNGARPUR_IDA),2024Q4,34,6.0,0.5882352941176471,0.38235294117647056,450.0,0.0,0.0,37513207.0
DUNGARPUR(DISTRICT COLLECTOR DUNGARPUR_IDA),2025Q1,14,5.952719086108805,0.42857142857142855,0.6428571428571429,330.0,0.0,0.0,14026580.0
DUNGARPUR(DISTRICT COLLECTOR DUNGARPUR_IDA),2025Q2,59,5.653212513775344,0.8305084745762712,0.1016949152542373,251.5,0.0,0.0,30000797.0
DUNGARPUR(DISTRICT COLLECTOR DUNGARPUR_IDA),2025Q3,14,5.653212513775344,0.9285714285714286,0.07142857142857142,257.0,0.0,0.0,7917009.0
DUNGARPUR(DISTRICT COLLECTOR DUNGARPUR_IDA),2025Q4,9,5.778151250383644,1.0,0.1111111111111111,134.0,0.0,0.0,8050000.0
DUNGARPUR(DISTRICT COLLECTOR DUNGARPUR_IDA),2026Q1,28,5.574031267727719,0.9285714285714286,0.0,345.0,0.0,0.0,17580000.0
DURG(DISTRICT COLLECTOR DURG_IDA),2023Q3,111,5.698970004336019,0.5135135135135135,0.8558558558558559,686.0,0.5945945945945946,0.0,60253707.0
DURG(DISTRICT COLLECTOR DURG_IDA),2023Q4,3,5.698970004336019,0.6666666666666666,1.0,657.0,0.6666666666666666,0.0,1148367.0
DURG(DISTRICT COLLECTOR DURG_IDA),2024Q1,5,5.477121254719663,0.8,0.4,494.0,0.2,0.0,1198336.0
DURG(DISTRICT COLLECTOR DURG_IDA),2024Q3,4,6.0969032379612935,0.75,0.5,472.5,0.0,0.0,6499961.0
DURG(DISTRICT COLLECTOR DURG_IDA),2025Q1,44,5.0,0.9772727272727273,0.9545454545454546,394.0,0.8636363636363636,0.0,7438686.0
DURG(DISTRICT COLLECTOR DURG_IDA),2025Q2,7,5.903089986991944,0.7142857142857143,0.42857142857142855,243.0,0.14285714285714285,0.0,5978495.0
DURG(DISTRICT COLLECTOR DURG_IDA),2025Q3,54,5.698970004336019,0.9259259259259259,0.14814814814814814,232.0,0.6111111111111112,0.0,30851938.0
DURG(DISTRICT COLLECTOR DURG_IDA),2025Q4,23,5.7160033436347994,0.4782608695652174,0.08695652173913043,146.0,0.0,0.0,15270000.0
DURG(DISTRICT COLLECTOR DURG_IDA),2026Q1,23,5.845098040014257,0.8260869565217391,0.0,345.0,0.4782608695652174,0.0,16272000.0
Dakshin Bastar Dantewada(Collector Dantewada_IDA),2024Q1,1,5.695818649306033,0.0,1.0,138.0,0.0,0.0,496385.0
Dakshin Dinajpur(DISTRICT MAGISTRATE DINAJPUR DAKSHIN_IDA),2023Q4,115,5.477121254719663,0.4956521739130435,0.40869565217391307,452.0,0.10434782608695652,0.0,40211351.0
Dakshin Dinajpur(DISTRICT MAGISTRATE DINAJPUR DAKSHIN_IDA),2024Q1,213,4.544068044350276,0.12206572769953052,0.5023474178403756,367.0,0.018779342723004695,0.0,19867915.0
Dakshin Dinajpur(DISTRICT MAGISTRATE DINAJPUR DAKSHIN_IDA),2024Q3,1,6.205086026949142,0.0,0.0,345.0,0.0,0.0,1603563.0
Dakshin Dinajpur(DISTRICT MAGISTRATE DINAJPUR DAKSHIN_IDA),2024Q4,38,5.477121254719663,0.9210526315789473,0.02631578947368421,216.0,0.0,0.0,12149058.0
Dakshin Dinajpur(DISTRICT MAGISTRATE DINAJPUR DAKSHIN_IDA),2025Q1,28,5.740362689494244,0.8571428571428571,0.03571428571428571,159.0,0.0,0.0,19650000.0
Dakshin Dinajpur(DISTRICT MAGISTRATE DINAJPUR DAKSHIN_IDA),2025Q2,12,5.740362689494244,1.0,0.0,345.0,0.0,0.0,6750000.0
Dakshin Dinajpur(DISTRICT MAGISTRATE DINAJPUR DAKSHIN_IDA),2025Q3,39,4.5318096213070955,0.1794871794871795,0.0,345.0,0.7435897435897436,0.0,16420969.8
Dakshin Dinajpur(DISTRICT MAGISTRATE DINAJPUR DAKSHIN_IDA),2025Q4,2,5.544068044350276,1.0,0.0,345.0,0.0,0.0,700000.0
Dakshin Dinajpur(DISTRICT MAGISTRATE DINAJPUR DAKSHIN_IDA),2026Q1,62,5.577491799837225,0.43548387096774194,0.0,345.0,0.08064516129032258,0.0,22415778.0
Deeg(DISTRICT COLLECTOR Deeg_IDA),2024Q3,20,5.698970004336019,1.0,0.0,345.0,0.0,0.0,12450000.0
Deeg(DISTRICT COLLECTOR Deeg_IDA),2024Q4,7,5.698970004336019,1.0,0.0,345.0,0.0,0.0,5000000.0
Deeg(DISTRICT COLLECTOR Deeg_IDA),2025Q1,4,5.740362689494244,1.0,0.0,345.0,0.0,0.0,2200000.0
Deeg(DISTRICT COLLECTOR Deeg_IDA),2025Q2,8,6.176091259055681,1.0,0.0,345.0,0.0,0.0,14000000.0
Deeg(DISTRICT COLLECTOR Deeg_IDA),2025Q3,21,5.698970004336019,0.7619047619047619,0.0,345.0,0.0,0.0,13798739.0
Deeg(DISTRICT COLLECTOR Deeg_IDA),2025Q4,2,5.698970004336019,1.0,0.0,345.0,0.0,0.0,1000000.0
Deeg(DISTRICT COLLECTOR Deeg_IDA),2026Q1,28,5.698970004336019,0.6428571428571429,0.0,345.0,0.0,0.0,16097331.0
Dhalai(DISTRICT MAGISTRATE DHALAI_IDA),2023Q2,11,6.771440486639912,0.7272727272727273,0.0,345.0,0.5454545454545454,0.0,68462705.0
Dhalai(DISTRICT MAGISTRATE DHALAI_IDA),2023Q3,2,6.239679914617312,0.0,0.0,345.0,0.0,0.0,3473041.0
Dhalai(DISTRICT MAGISTRATE DHALAI_IDA),2023Q4,2,6.555331491726892,0.0,0.0,345.0,0.0,0.0,7183920.0
Dhalai(DISTRICT MAGISTRATE DHALAI_IDA),2024Q1,1,5.580924975675619,0.0,0.0,345.0,0.0,0.0,381000.0
Dhalai(DISTRICT MAGISTRATE DHALAI_IDA),2024Q4,2,6.477121254719663,1.0,0.0,345.0,0.0,0.0,6000000.0
Dhalai(DISTRICT MAGISTRATE DHALAI_IDA),2025Q1,1,6.73872111630321,0.0,0.0,345.0,0.0,0.0,5479250.0
Dhalai(DISTRICT MAGISTRATE DHALAI_IDA),2025Q4,1,7.0,1.0,0.0,345.0,0.0,0.0,10000000.0
Dharashiv(DISTRICT COLLECTOR OSMANABAD_IDA),2022Q3,3,5.47666935342906,0.3333333333333333,0.6666666666666666,1135.0,0.0,0.0,799131.0
Dharashiv(DISTRICT COLLECTOR OSMANABAD_IDA),2023Q1,9,5.010372050325485,0.1111111111111111,0.3333333333333333,828.0,0.0,0.0,1824039.0
Dharashiv(DISTRICT COLLECTOR OSMANABAD_IDA),2023Q4,2,5.869524769613049,0.5,1.0,600.0,0.0,0.0,1480999.0
Dharashiv(DISTRICT COLLECTOR OSMANABAD_IDA),2024Q1,159,5.696869025416653,0.1320754716981132,0.9433962264150944,450.0,0.18238993710691823,0.09433962264150944,89113137.0
Dharashiv(DISTRICT COLLECTOR OSMANABAD_IDA),2024Q3,3,5.477121254719663,1.0,0.6666666666666666,193.5,0.0,0.0,1050000.0
Dharashiv(DISTRICT COLLECTOR OSMANABAD_IDA),2024Q4,9,5.845098040014257,0.8888888888888888,0.1111111111111111,523.0,0.0,0.0,6399674.0
Dharashiv(DISTRICT COLLECTOR OSMANABAD_IDA),2025Q1,17,5.845098040014257,0.7647058823529411,0.23529411764705882,332.0,0.0,0.0,13989882.0
Dharashiv(DISTRICT COLLECTOR OSMANABAD_IDA),2025Q2,28,5.843142420492515,0.6428571428571429,0.2857142857142857,276.0,0.0,0.0,18845870.0
Dharashiv(DISTRICT COLLECTOR OSMANABAD_IDA),2025Q3,27,5.845098040014257,0.8888888888888888,0.1111111111111111,288.0,0.0,0.0,19979303.0
Dharashiv(DISTRICT COLLECTOR OSMANABAD_IDA),2025Q4,11,5.845098040014257,1.0,0.0,345.0,0.0,0.0,7300000.0
Dharashiv(DISTRICT COLLECTOR OSMANABAD_IDA),2026Q1,13,5.698970004336019,1.0,0.0,345.0,0.0,0.0,6500000.0
Didwana Kuchaman(DISTRICT COLLECTOR Didwana Kuchaman_IDA),2023Q3,41,5.243035566996451,0.04878048780487805,0.7073170731707317,824.0,0.0,0.0,7392738.0
Didwana Kuchaman(DISTRICT COLLECTOR Didwana Kuchaman_IDA),2024Q1,1,5.999989142502233,0.0,1.0,480.0,0.0,0.0,999975.0
Didwana Kuchaman(DISTRICT COLLECTOR Didwana Kuchaman_IDA),2024Q2,1,6.0,1.0,0.0,345.0,0.0,0.0,1000000.0
Didwana Kuchaman(DISTRICT COLLECTOR Didwana Kuchaman_IDA),2024Q3,4,6.0,0.75,0.5,329.0,0.0,0.0,4297000.0
Didwana Kuchaman(DISTRICT COLLECTOR Didwana Kuchaman_IDA),2024Q4,5,6.0,1.0,0.8,393.5,0.0,0.0,5000000.0
Didwana Kuchaman(DISTRICT COLLECTOR Didwana Kuchaman_IDA),2025Q1,5,5.696880371682762,0.0,1.0,198.0,0.0,0.0,3361050.0
Didwana Kuchaman(DISTRICT COLLECTOR Didwana Kuchaman_IDA),2025Q2,8,6.175882747657628,0.75,0.25,186.0,0.0,0.0,11498560.0
Didwana Kuchaman(DISTRICT COLLECTOR Didwana Kuchaman_IDA),2025Q3,1,5.8750612633917,1.0,0.0,345.0,0.0,0.0,750000.0
Didwana Kuchaman(DISTRICT COLLECTOR Didwana Kuchaman_IDA),2025Q4,59,5.903089986991944,0.864406779661017,0.05084745762711865,114.0,0.0,0.0,45359310.0
Didwana Kuchaman(DISTRICT COLLECTOR Didwana Kuchaman_IDA),2026Q1,1,6.0,1.0,0.0,345.0,0.0,0.0,1000000.0
Dr. B.R. Ambedkar Konaseema(DISTRICT COLLECTOR Dr B R AMBEDKAR KONASEEMA_IDA),2023Q3,102,5.698970004336019,0.6568627450980392,0.3235294117647059,876.0,0.0196078431372549,0.0,64821094.0
Dr. B.R. Ambedkar Konaseema(DISTRICT COLLECTOR Dr B R AMBEDKAR KONASEEMA_IDA),2023Q4,99,5.698970004336019,0.7373737373737373,0.26262626262626265,625.5,0.0,0.0,84434710.0
Dr. B.R. Ambedkar Konaseema(DISTRICT COLLECTOR Dr B R AMBEDKAR KONASEEMA_IDA),2024Q1,36,5.698970004336019,0.75,0.25,725.0,0.0,0.0,28187818.0
Dr. B.R. Ambedkar Konaseema(DISTRICT COLLECTOR Dr B R AMBEDKAR KONASEEMA_IDA),2024Q3,22,5.854574431805164,0.36363636363636365,0.2727272727272727,319.0,0.0,0.0,32699671.0
Dr. B.R. Ambedkar Konaseema(DISTRICT COLLECTOR Dr B R AMBEDKAR KONASEEMA_IDA),2024Q4,25,5.698962186964988,0.48,0.56,376.0,0.0,0.0,17980923.0
Dr. B.R. Ambedkar Konaseema(DISTRICT COLLECTOR Dr B R AMBEDKAR KONASEEMA_IDA),2025Q1,32,5.698329382014968,0.3125,0.6875,407.0,0.0,0.0,40876960.0
Dr. B.R. Ambedkar Konaseema(DISTRICT COLLECTOR Dr B R AMBEDKAR KONASEEMA_IDA),2025Q2,46,5.698970004336019,0.5217391304347826,0.5,326.0,0.0,0.0,35913488.0
Dr. B.R. Ambedkar Konaseema(DISTRICT COLLECTOR Dr B R AMBEDKAR KONASEEMA_IDA),2025Q3,46,5.698919623253959,0.5869565217391305,0.391304347826087,242.0,0.0,0.0,30364517.0
Dr. B.R. Ambedkar Konaseema(DISTRICT COLLECTOR Dr B R AMBEDKAR KONASEEMA_IDA),2025Q4,52,5.698970004336019,0.8653846153846154,0.0,345.0,0.0,0.0,32150000.0
Dr. B.R. Ambedkar Konaseema(DISTRICT COLLECTOR Dr B R AMBEDKAR KONASEEMA_IDA),2026Q1,32,5.698970004336019,0.9375,0.0,345.0,0.0,0.0,16975000.0
Dudu(DISTRICT COLLECTOR Dudu_IDA),2024Q4,2,5.862448334390737,0.5,0.5,372.0,0.0,0.0,1457063.0
Dudu(DISTRICT COLLECTOR Dudu_IDA),2025Q1,1,6.0,1.0,0.0,345.0,0.0,0.0,1000000.0
Dudu(DISTRICT COLLECTOR Dudu_IDA),2025Q2,4,5.6987714863929835,0.5,0.5,207.0,0.0,0.0,2083325.0
Dudu(DISTRICT COLLECTOR Dudu_IDA),2025Q3,3,5.698970004336019,1.0,0.0,345.0,0.0,0.0,1200000.0
EAST GARO HILLS(DEPUTY COMMISSIONER EAST GARO HILLS WILLIAMNAGAR_IDA),2024Q1,26,5.301029995663981,1.0,0.0,345.0,0.15384615384615385,0.0,6850000.0
EAST GARO HILLS(DEPUTY COMMISSIONER EAST GARO HILLS WILLIAMNAGAR_IDA),2024Q4,8,5.544068044350276,1.0,0.0,345.0,0.0,0.0,2900000.0
EAST GARO HILLS(DEPUTY COMMISSIONER EAST GARO HILLS WILLIAMNAGAR_IDA),2025Q2,2,5.8750612633917,1.0,0.0,345.0,0.0,0.0,1500000.0
EAST GARO HILLS(DEPUTY COMMISSIONER EAST GARO HILLS WILLIAMNAGAR_IDA),2025Q3,14,5.6020599913279625,1.0,0.0,345.0,0.0,0.0,9700000.0
EAST GARO HILLS(DEPUTY COMMISSIONER EAST GARO HILLS WILLIAMNAGAR_IDA),2025Q4,6,5.574031267727719,1.0,0.0,345.0,0.0,0.0,4250000.0
"EAST GODAVARI(DISTRICT COLLECTOR, EAST GODAVARI)",2024Q1,16,6.698970004336019,1.0,0.0,345.0,0.0,0.0,104500000.0
"EAST GODAVARI(DISTRICT COLLECTOR, EAST GODAVARI)",2024Q4,1,5.3979400086720375,1.0,0.0,345.0,0.0,0.0,250000.0
"EAST GODAVARI(DISTRICT COLLECTOR, EAST GODAVARI)",2025Q1,11,6.698970004336019,1.0,0.0,345.0,0.09090909090909091,0.0,40000000.0
"EAST GODAVARI(DISTRICT COLLECTOR, EAST GODAVARI)",2025Q2,14,6.3979400086720375,1.0,0.0,345.0,0.0,0.0,39000000.0
"EAST GODAVARI(DISTRICT COLLECTOR, EAST GODAVARI)",2025Q3,11,6.3979400086720375,1.0,0.0,345.0,0.09090909090909091,0.0,27000000.0
"EAST GODAVARI(DISTRICT COLLECTOR, EAST GODAVARI)",2025Q4,1,6.301029995663981,1.0,0.0,345.0,0.0,0.0,2000000.0
"EAST GODAVARI(DISTRICT COLLECTOR, EAST GODAVARI)",2026Q1,1,5.477121254719663,1.0,0.0,345.0,0.0,0.0,300000.0
EAST JAINTIA HILLS(DEPUTY COMMISSIONER EAST JAINTIA HILLS KHLIEHRIAT_IDA),2024Q1,76,5.3979400086720375,1.0,0.7894736842105263,515.0,0.0,0.06578947368421052,25850000.0
EAST JAINTIA HILLS(DEPUTY COMMISSIONER EAST JAINTIA HILLS KHLIEHRIAT_IDA),2024Q3,3,6.0,1.0,0.6666666666666666,458.5,0.0,0.0,2700000.0
EAST JAINTIA HILLS(DEPUTY COMMISSIONER EAST JAINTIA HILLS KHLIEHRIAT_IDA),2024Q4,1,6.0,1.0,1.0,498.0,0.0,0.0,1000000.0
EAST JAINTIA HILLS(DEPUTY COMMISSIONER EAST JAINTIA HILLS KHLIEHRIAT_IDA),2025Q1,13,5.477121254719663,1.0,0.9230769230769231,408.0,0.0,0.0,4900000.0
EAST JAINTIA HILLS(DEPUTY COMMISSIONER EAST JAINTIA HILLS KHLIEHRIAT_IDA),2025Q2,2,5.860338006570994,1.0,0.5,248.0,0.0,0.0,1450000.0
EAST JAINTIA HILLS(DEPUTY COMMISSIONER EAST JAINTIA HILLS KHLIEHRIAT_IDA),2025Q3,8,5.6020599913279625,1.0,0.125,173.0,0.0,0.0,3850000.0
EAST JAINTIA HILLS(DEPUTY COMMISSIONER EAST JAINTIA HILLS KHLIEHRIAT_IDA),2025Q4,1,6.301029995663981,1.0,0.0,345.0,0.0,0.0,2000000.0
EAST JAINTIA HILLS(DEPUTY COMMISSIONER EAST JAINTIA HILLS KHLIEHRIAT_IDA),2026Q1,1,6.0,1.0,0.0,345.0,0.0,0.0,1000000.0
EAST KAMENG(Deputy Commisioner East Kameng_IDA),2023Q4,14,5.698970004336019,1.0,0.0,345.0,0.0,0.0,7300000.0
EAST KAMENG(Deputy Commisioner East Kameng_IDA),2024Q1,1,5.301029995663981,1.0,0.0,345.0,0.0,0.0,200000.0
EAST KAMENG(Deputy Commisioner East Kameng_IDA),2025Q3,5,6.0,1.0,0.0,345.0,0.0,0.0,5500000.0
EAST KAMENG(Deputy Commisioner East Kameng_IDA),2026Q1,2,5.698970004336019,1.0,0.0,345.0,0.0,0.0,1000000.0
"EAST KHASI HILLS(Deputy Commissioner, East Khasi Hills District)",2019Q3,1,4.0,0.0,0.0,345.0,0.0,0.0,10000.0
"EAST KHASI HILLS(Deputy Commissioner, East Khasi Hills District)",2022Q4,3,5.698970004336019,0.3333333333333333,0.3333333333333333,1182.0,0.0,0.0,1600000.0
"EAST KHASI HILLS(Deputy Commissioner, East Khasi Hills District)",2023Q1,1,5.954242509439325,1.0,0.0,345.0,0.0,0.0,900000.0
"EAST KHASI HILLS(Deputy Commissioner, East Khasi Hills District)",2024Q1,56,5.477121254719663,1.0,0.17857142857142858,595.0,0.0,0.0,23050000.0
"EAST KHASI HILLS(Deputy Commissioner, East Khasi Hills District)",2024Q2,1,6.0,1.0,0.0,345.0,0.0,0.0,1000000.0
"EAST KHASI HILLS(Deputy Commissioner, East Khasi Hills District)",2024Q3,12,6.0,1.0,0.4166666666666667,568.0,0.0,0.0,13500000.0
"EAST KHASI HILLS(Deputy Commissioner, East Khasi Hills District)",2024Q4,8,5.698970004336019,1.0,0.5,400.5,0.0,0.0,4400000.0
"EAST KHASI HILLS(Deputy Commissioner, East Khasi Hills District)",2025Q1,25,5.698970004336019,1.0,0.24,388.5,0.0,0.0,12850000.0
"EAST KHASI HILLS(Deputy Commissioner, East Khasi Hills District)",2025Q2,4,6.0,1.0,0.0,345.0,0.0,0.0,5000000.0
"EAST KHASI HILLS(Deputy Commissioner, East Khasi Hills District)",2025Q3,34,5.653212513775344,0.9705882352941176,0.0,345.0,0.0,0.0,16030000.0
"EAST KHASI HILLS(Deputy Commissioner, East Khasi Hills District)",2025Q4,3,5.477121254719663,1.0,0.0,345.0,0.0,0.0,3050000.0
"EAST KHASI HILLS(Deputy Commissioner, East Khasi Hills District)",2026Q1,2,6.0,1.0,0.0,345.0,0.0,0.0,2000000.0
EAST SIANG(Deputy Commisioner East Siang_IDA),2023Q4,25,5.778151250383644,1.0,0.0,345.0,0.0,0.0,18700000.0
EAST SIANG(Deputy Commisioner East Siang_IDA),2024Q1,6,5.3979400086720375,1.0,0.0,345.0,0.0,0.0,2000000.0
EAST SIANG(Deputy Commisioner East Siang_IDA),2024Q3,15,6.0,1.0,0.0,345.0,0.0,0.0,15300000.0
EAST SIANG(Deputy Commisioner East Siang_IDA),2024Q4,3,6.0,1.0,0.0,345.0,0.0,0.0,2500000.0
EAST SIANG(Deputy Commisioner East Siang_IDA),2025Q2,2,5.778151250383644,1.0,0.0,345.0,0.0,0.0,1200000.0
EAST SIANG(Deputy Commisioner East Siang_IDA),2025Q3,27,5.698970004336019,0.9629629629629629,0.037037037037037035,225.0,0.0,0.0,20899802.0
EAST SINGHBUM(DEPUTY COMMISSIONER EAST SINGHBUM_IDA),2023Q3,1,6.113943352306837,1.0,0.0,345.0,0.0,0.0,1300000.0
EAST SINGHBUM(DEPUTY COMMISSIONER EAST SINGHBUM_IDA),2024Q1,127,5.756255648754234,0.06299212598425197,0.0,345.0,0.047244094488188976,0.0,71577298.0
EAST SINGHBUM(DEPUTY COMMISSIONER EAST SINGHBUM_IDA),2025Q2,10,5.7567501811306006,0.0,0.0,345.0,0.0,0.0,5702700.0
EAST SINGHBUM(DEPUTY COMMISSIONER EAST SINGHBUM_IDA),2025Q4,165,5.756255648754234,0.01818181818181818,0.0,345.0,0.0,0.0,95216097.0
EAST(COMMISSIONER EAST),2019Q4,2,6.188506633818114,0.0,0.0,345.0,0.0,0.0,3087000.0
EAST(COMMISSIONER EAST),2022Q1,4,6.555883264626064,0.25,0.5,1321.5,0.0,0.0,15580912.0
EAST(COMMISSIONER EAST),2023Q1,1,6.831381094045619,0.0,1.0,306.0,0.0,0.0,6782364.0
EAST(COMMISSIONER EAST),2023Q2,9,5.8817064062655,0.0,0.8888888888888888,873.5,0.0,0.0,7467241.0
EAST(COMMISSIONER EAST),2023Q3,7,6.068577292711623,0.14285714285714285,0.7142857142857143,977.0,0.0,0.0,7464311.0
EAST(COMMISSIONER EAST),2024Q1,19,6.036340201166453,0.3157894736842105,0.42105263157894735,691.5,0.42105263157894735,0.0,27863410.0
EAST(COMMISSIONER EAST),2024Q4,8,5.8818671916683725,0.0,0.5,505.0,0.0,0.0,7241024.0
EAST(COMMISSIONER EAST),2025Q1,3,6.083776654872574,0.0,0.3333333333333333,383.0,0.3333333333333333,0.0,2861887.0
EAST(COMMISSIONER EAST),2025Q2,48,5.625003601014863,0.0,0.0,345.0,0.9791666666666666,0.0,23853860.0
EAST(COMMISSIONER EAST),2025Q3,12,5.896636430529584,0.0,0.0,345.0,0.6666666666666666,0.0,10368035.0
EAST(COMMISSIONER EAST),2025Q4,25,5.72357797972197,0.0,0.0,345.0,0.88,0.0,15847820.0
EAST(COMMISSIONER EAST),2026Q1,2,6.819678480185914,0.5,0.0,345.0,0.0,0.0,13204090.0
EASTERN WEST KHASI HILLS(DEPUTY COMMISSIONER EASTERN WEST KHASI HILLS MAIRANG_IDA),2024Q1,11,5.301029995663981,0.9090909090909091,0.5454545454545454,740.0,0.0,0.0,5375000.0
EASTERN WEST KHASI HILLS(DEPUTY COMMISSIONER EASTERN WEST KHASI HILLS MAIRANG_IDA),2025Q1,8,5.439332693830263,1.0,0.0,345.0,0.0,0.0,2850000.0
EASTERN WEST KHASI HILLS(DEPUTY COMMISSIONER EASTERN WEST KHASI HILLS MAIRANG_IDA),2025Q3,8,5.3979400086720375,1.0,0.0,345.0,0.0,0.0,2650000.0
ERNAKULAM(DISTRICT COLLECTOR ERNAKULAM_IDA),2021Q4,3,5.233729473924692,0.0,1.0,1339.0,0.0,0.0,2600853.0
ERNAKULAM(DISTRICT COLLECTOR ERNAKULAM_IDA),2022Q1,1,5.983469317452602,0.0,1.0,1268.0,0.0,0.0,962652.0
ERNAKULAM(DISTRICT COLLECTOR ERNAKULAM_IDA),2022Q3,1,5.0892938445096245,0.0,1.0,1043.0,0.0,0.0,122827.0
ERNAKULAM(DISTRICT COLLECTOR ERNAKULAM_IDA),2022Q4,2,5.795965130721689,0.0,1.0,774.0,0.0,0.0,1250245.0
ERNAKULAM(DISTRICT COLLECTOR ERNAKULAM_IDA),2023Q1,4,5.788638837685514,0.25,0.75,872.0,0.0,0.0,2352369.0
ERNAKULAM(DISTRICT COLLECTOR ERNAKULAM_IDA),2023Q2,4,5.737220083522094,0.0,0.75,626.0,0.0,0.0,2696050.0
ERNAKULAM(DISTRICT COLLECTOR ERNAKULAM_IDA),2023Q3,23,5.694033659975075,0.043478260869565216,0.9565217391304348,701.5,0.0,0.0,11785868.0
ERNAKULAM(DISTRICT COLLECTOR ERNAKULAM_IDA),2023Q4,106,5.137005776429099,0.11320754716981132,0.7735849056603774,203.0,0.0,0.0,47999404.0
ERNAKULAM(DISTRICT COLLECTOR ERNAKULAM_IDA),2024Q1,54,6.159279422933561,0.24074074074074073,0.6111111111111112,556.0,0.0,0.018518518518518517,100125273.0
ERNAKULAM(DISTRICT COLLECTOR ERNAKULAM_IDA),2024Q3,59,5.333439213271459,0.06779661016949153,0.9152542372881356,501.0,0.0,0.01694915254237288,47372706.0
ERNAKULAM(DISTRICT COLLECTOR ERNAKULAM_IDA),2024Q4,49,5.349957098719464,0.1836734693877551,0.3673469387755102,398.0,0.0,0.0,37656835.0
ERNAKULAM(DISTRICT COLLECTOR ERNAKULAM_IDA),2025Q1,83,5.352182518111363,0.2891566265060241,0.03614457831325301,441.0,0.0,0.0,38714161.0
ERNAKULAM(DISTRICT COLLECTOR ERNAKULAM_IDA),2025Q2,77,5.694605198933568,0.5064935064935064,0.025974025974025976,318.0,0.0,0.0,53801375.0
ERNAKULAM(DISTRICT COLLECTOR ERNAKULAM_IDA),2025Q3,59,5.361727836017593,0.4745762711864407,0.01694915254237288,301.0,0.0,0.0,48319715.0
ERNAKULAM(DISTRICT COLLECTOR ERNAKULAM_IDA),2025Q4,16,5.361727836017593,0.4375,0.0625,89.0,0.0,0.0,37945075.0
ERNAKULAM(DISTRICT COLLECTOR ERNAKULAM_IDA),2026Q1,19,5.724275869600789,0.42105263157894735,0.0,345.0,0.0,0.0,16335749.0
ERODE(DISTRICT_COLLECTORE_ERODE_IDA),2023Q4,123,5.9904529642144215,0.45528455284552843,0.9186991869918699,734.0,0.056910569105691054,0.056910569105691054,141552953.0
ERODE(DISTRICT_COLLECTORE_ERODE_IDA),2024Q1,13,5.903089986991944,0.46153846153846156,0.6923076923076923,626.0,0.0,0.07692307692307693,13179045.0
ERODE(DISTRICT_COLLECTORE_ERODE_IDA),2024Q3,8,6.1303337684950066,0.625,0.75,442.5,0.0,0.0,14172240.0
ERODE(DISTRICT_COLLECTORE_ERODE_IDA),2024Q4,27,5.795783419509222,0.5925925925925926,1.0,359.0,0.0,0.0,17889801.0
ERODE(DISTRICT_COLLECTORE_ERODE_IDA),2025Q1,21,6.0606951968139375,0.42857142857142855,0.8571428571428571,320.0,0.0,0.047619047619047616,24727217.0
ERODE(DISTRICT_COLLECTORE_ERODE_IDA),2025Q2,100,5.653212513775344,0.77,0.8,178.0,0.0,0.0,56291437.0
ERODE(DISTRICT_COLLECTORE_ERODE_IDA),2025Q3,16,5.997432913456362,0.5625,0.5,145.5,0.0,0.0,16458185.0
ERODE(DISTRICT_COLLECTORE_ERODE_IDA),2025Q4,6,5.874999010054365,0.6666666666666666,0.6666666666666666,169.5,0.0,0.0,6299785.0
ERODE(DISTRICT_COLLECTORE_ERODE_IDA),2026Q1,6,6.146037134534895,0.6666666666666666,0.3333333333333333,93.0,0.0,0.0,7099414.0
ETAH(DISTRICT MAGISTRATE ETAH_IDA),2023Q3,91,5.235376922402237,0.0,1.0,290.0,0.0,0.0,23365198.0
ETAH(DISTRICT MAGISTRATE ETAH_IDA),2023Q4,4,6.067224339181405,0.0,0.75,341.0,0.0,0.0,4811720.0
ETAH(DISTRICT MAGISTRATE ETAH_IDA),2024Q1,5,5.235376922402237,0.2,0.8,90.0,0.0,0.0,1787760.0
ETAH(DISTRICT MAGISTRATE ETAH_IDA),2024Q4,104,5.38145624254564,0.0,1.0,220.0,0.0,0.0,71858840.0
ETAH(DISTRICT MAGISTRATE ETAH_IDA),2025Q2,67,5.295644056722798,0.0,0.373134328358209,262.0,0.0,0.0,14311960.0
ETAH(DISTRICT MAGISTRATE ETAH_IDA),2025Q3,49,6.0790726588531845,0.02040816326530612,0.02040816326530612,246.0,0.0,0.0,54593451.0
ETAH(DISTRICT MAGISTRATE ETAH_IDA),2025Q4,38,5.382017042574868,0.0,0.0,345.0,0.0,0.0,9158000.0
ETAH(DISTRICT MAGISTRATE ETAH_IDA),2026Q1,11,5.851869600729766,0.2727272727272727,0.0,345.0,0.0,0.0,10298000.0
ETAWAH(DISTRICT MAGISTRATE ETAWAH_IDA),2023Q2,1,6.0,1.0,0.0,345.0,0.0,0.0,1000000.0
ETAWAH(DISTRICT MAGISTRATE ETAWAH_IDA),2023Q4,171,5.431498856984452,0.0,1.0,573.0,0.06432748538011696,0.0,46184364.0
ETAWAH(DISTRICT MAGISTRATE ETAWAH_IDA),2024Q1,6,5.431498856984452,0.0,1.0,570.0,0.0,0.0,1620504.0
ETAWAH(DISTRICT MAGISTRATE ETAWAH_IDA),2024Q4,78,5.430281506079044,0.0,1.0,247.5,0.11538461538461539,0.0,20110959.0
ETAWAH(DISTRICT MAGISTRATE ETAWAH_IDA),2025Q1,32,5.4299750207856885,0.0,0.65625,375.0,0.0,0.0,11845012.0
ETAWAH(DISTRICT MAGISTRATE ETAWAH_IDA),2025Q2,14,6.0,0.5714285714285714,0.07142857142857142,228.0,0.0,0.0,12875997.0
ETAWAH(DISTRICT MAGISTRATE ETAWAH_IDA),2025Q3,67,5.4313138978557225,0.029850746268656716,0.9701492537313433,197.0,0.0,0.0,19047985.0
ETAWAH(DISTRICT MAGISTRATE ETAWAH_IDA),2025Q4,1,6.243038048686294,1.0,0.0,345.0,0.0,0.0,1750000.0
ETAWAH(DISTRICT MAGISTRATE ETAWAH_IDA),2026Q1,58,5.431363764158987,0.017241379310344827,0.0,345.0,0.0,0.0,18117500.0
Eluru(DISTRICT COLLECTOR ELURU_IDA),2023Q4,6,6.363485527268405,0.6666666666666666,0.3333333333333333,822.0,0.0,0.0,17048553.0
Eluru(DISTRICT COLLECTOR ELURU_IDA),2024Q1,71,5.841471471447078,0.5070422535211268,0.4084507042253521,738.0,0.1267605633802817,0.0,61196998.0
Eluru(DISTRICT COLLECTOR ELURU_IDA),2024Q3,50,5.6020599913279625,1.0,0.02,483.0,1.0,0.0,20000000.0
Eluru(DISTRICT COLLECTOR ELURU_IDA),2024Q4,3,6.5056925074122,0.3333333333333333,0.0,345.0,0.0,0.0,8458000.0
Eluru(DISTRICT COLLECTOR ELURU_IDA),2025Q1,9,6.176091259055681,0.7777777777777778,0.1111111111111111,318.0,0.0,0.0,13511092.0
Eluru(DISTRICT COLLECTOR ELURU_IDA),2025Q3,1,5.568201724066995,0.0,0.0,345.0,0.0,0.0,370000.0
Eluru(DISTRICT COLLECTOR ELURU_IDA),2025Q4,23,5.690196080028514,0.43478260869565216,0.0,345.0,0.391304347826087,0.0,32470000.0
Eluru(DISTRICT COLLECTOR ELURU_IDA),2026Q1,11,5.690196080028514,0.2727272727272727,0.0,345.0,0.0,0.0,13510800.0
FARIDABAD(DEPUTY COMMISSIONER FARIDABAD_IDA),2024Q1,70,5.671172842715083,0.18571428571428572,0.7285714285714285,744.0,0.0,0.0,39513453.0
FARIDABAD(DEPUTY COMMISSIONER FARIDABAD_IDA),2025Q1,1,5.971923095992775,0.0,0.0,345.0,0.0,0.0,937396.0
FARIDABAD(DEPUTY COMMISSIONER FARIDABAD_IDA),2025Q2,3,6.041392685158225,1.0,0.0,345.0,0.0,0.0,3600000.0
FARIDABAD(DEPUTY COMMISSIONER FARIDABAD_IDA),2025Q3,3,5.902973254663323,0.3333333333333333,0.3333333333333333,221.0,0.0,0.0,2157678.0
FARIDABAD(DEPUTY COMMISSIONER FARIDABAD_IDA),2025Q4,6,6.07501964876343,0.5,0.0,345.0,0.0,0.0,6654732.0
FARIDABAD(DEPUTY COMMISSIONER FARIDABAD_IDA),2026Q1,6,6.041392685158225,0.8333333333333334,0.0,345.0,0.16666666666666666,0.0,7325000.0
FARIDKOT(DEPUTY COMMISSIONER FARIDKOT_IDA),2023Q3,31,5.562530768862262,0.1935483870967742,1.0,223.0,0.3225806451612903,0.0,12467389.0
FARIDKOT(DEPUTY COMMISSIONER FARIDKOT_IDA),2023Q4,6,5.429855594280906,0.16666666666666666,0.8333333333333334,39.0,0.0,0.0,2089467.0
FARIDKOT(DEPUTY COMMISSIONER FARIDKOT_IDA),2024Q1,18,5.301029995663981,0.5555555555555556,1.0,91.0,0.2222222222222222,0.0,4513380.0
FARIDKOT(DEPUTY COMMISSIONER FARIDKOT_IDA),2024Q3,62,5.301029995663981,0.6129032258064516,1.0,100.0,0.3870967741935484,0.0,12969788.0
FARIDKOT(DEPUTY COMMISSIONER FARIDKOT_IDA),2024Q4,26,5.301029995663981,0.8846153846153846,1.0,175.0,0.5,0.0,5845885.0
FARIDKOT(DEPUTY COMMISSIONER FARIDKOT_IDA),2025Q1,23,5.176091259055681,0.6956521739130435,1.0,294.0,0.17391304347826086,0.0,4786608.0
FARIDKOT(DEPUTY COMMISSIONER FARIDKOT_IDA),2025Q2,2,6.054191576796431,0.5,0.5,162.0,0.0,0.0,2265800.0
FARIDKOT(DEPUTY COMMISSIONER FARIDKOT_IDA),2025Q3,31,5.477121254719663,0.7096774193548387,0.7419354838709677,170.0,0.3548387096774194,0.0,23656729.0
FARIDKOT(DEPUTY COMMISSIONER FARIDKOT_IDA),2025Q4,40,5.176091259055681,0.85,0.725,64.0,0.675,0.0,11418384.0
FARIDKOT(DEPUTY COMMISSIONER FARIDKOT_IDA),2026Q1,105,5.176091259055681,0.819047619047619,0.0,345.0,0.6095238095238096,0.0,18751350.0
FARRUKHABAD(DISTRICT MAGISTRAE FARRUKHABAD_IDA),2023Q3,160,5.297011610284749,0.0,1.0,98.0,0.05625,0.0,31703384.0
FARRUKHABAD(DISTRICT MAGISTRAE FARRUKHABAD_IDA),2023Q4,1,5.29695900731735,0.0,1.0,50.0,0.0,0.0,198134.0
FARRUKHABAD(DISTRICT MAGISTRAE FARRUKHABAD_IDA),2024Q1,112,5.235267034068313,0.0,1.0,321.5,0.026785714285714284,0.0,25526290.01
FARRUKHABAD(DISTRICT MAGISTRAE FARRUKHABAD_IDA),2024Q4,223,5.348150982587589,0.0,1.0,252.0,0.0,0.0,53589870.0
FARRUKHABAD(DISTRICT MAGISTRAE FARRUKHABAD_IDA),2025Q3,46,5.915138546702023,0.021739130434782608,0.9782608695652174,141.0,0.0,0.0,39212725.0
FARRUKHABAD(DISTRICT MAGISTRAE FARRUKHABAD_IDA),2025Q4,1,5.697654708090983,0.0,0.0,345.0,0.0,0.0,498488.0
FARRUKHABAD(DISTRICT MAGISTRAE FARRUKHABAD_IDA),2026Q1,4,5.90449915539782,0.0,0.0,345.0,0.0,0.0,3210400.0
FATEHABAD(Deputy Commissioner Fatehabad),2023Q3,13,5.298853076409706,0.3076923076923077,0.15384615384615385,682.5,0.0,0.0,4122598.0
FATEHABAD(Deputy Commissioner Fatehabad),2023Q4,72,5.697665162647675,0.4583333333333333,0.09722222222222222,581.0,0.2361111111111111,0.0,28551670.0
FATEHABAD(Deputy Commissioner Fatehabad),2024Q1,18,5.470557485217274,0.3333333333333333,0.2222222222222222,733.0,0.05555555555555555,0.0,6071020.0
FATEHABAD(Deputy Commissioner Fatehabad),2024Q4,1,6.3222192947339195,1.0,0.0,345.0,0.0,0.0,2100000.0
FATEHABAD(Deputy Commissioner Fatehabad),2025Q1,1,6.3979400086720375,1.0,0.0,345.0,0.0,0.0,2500000.0
FATEHABAD(Deputy Commissioner Fatehabad),2025Q2,20,5.290034611362518,0.15,0.3,317.0,0.0,0.0,6086500.0
FATEHABAD(Deputy Commissioner Fatehabad),2025Q3,32,5.947433721887051,0.15625,0.0,345.0,0.0,0.0,36290223.0
FATEHABAD(Deputy Commissioner Fatehabad),2025Q4,46,5.653212513775344,0.5217391304347826,0.0,345.0,0.0,0.0,19701990.0
FATEHABAD(Deputy Commissioner Fatehabad),2026Q1,10,5.574031267727719,0.9,0.0,345.0,0.0,0.0,3940000.0
FATEHGARH SAHIB(DEPUTY COMMISSIONER FATEHGARH SAHIB_IDA),2023Q2,14,5.477121254719663,0.9285714285714286,0.8571428571428571,822.5,0.42857142857142855,0.0,3784840.0
FATEHGARH SAHIB(DEPUTY COMMISSIONER FATEHGARH SAHIB_IDA),2023Q3,32,5.301029995663981,0.8125,0.84375,576.0,0.4375,0.0,7034129.0
FATEHGARH SAHIB(DEPUTY COMMISSIONER FATEHGARH SAHIB_IDA),2023Q4,58,5.301029995663981,0.8793103448275862,0.9310344827586207,312.5,0.5862068965517241,0.0,11977769.0
FATEHGARH SAHIB(DEPUTY COMMISSIONER FATEHGARH SAHIB_IDA),2024Q1,34,4.7160033436347994,0.2647058823529412,0.9411764705882353,715.0,0.7941176470588235,0.0,3955990.0
FATEHGARH SAHIB(DEPUTY COMMISSIONER FATEHGARH SAHIB_IDA),2025Q1,15,4.725094521081469,0.06666666666666667,0.2,385.0,0.0,0.0,1261013.0
FATEHGARH SAHIB(DEPUTY COMMISSIONER FATEHGARH SAHIB_IDA),2025Q2,20,5.477121254719663,0.95,0.2,128.0,0.5,0.0,6848100.0
FATEHGARH SAHIB(DEPUTY COMMISSIONER FATEHGARH SAHIB_IDA),2025Q3,9,5.301029995663981,0.7777777777777778,0.2222222222222222,219.0,0.1111111111111111,0.0,3775464.0
FATEHGARH SAHIB(DEPUTY COMMISSIONER FATEHGARH SAHIB_IDA),2025Q4,5,5.477121254719663,0.4,0.6,148.0,0.0,0.0,1858080.0
FATEHGARH SAHIB(DEPUTY COMMISSIONER FATEHGARH SAHIB_IDA),2026Q1,7,5.505149978319906,0.7142857142857143,0.0,345.0,0.0,0.0,2760000.0
FATEHPUR(DISTRICT MAGISTRATE FATEHPUR_IDA),2019Q2,1,6.309164115328551,0.0,0.0,345.0,0.0,0.0,2037812.0
FATEHPUR(DISTRICT MAGISTRATE FATEHPUR_IDA),2019Q4,1,5.133538908370218,0.0,0.0,345.0,0.0,0.0,136000.0
FATEHPUR(DISTRICT MAGISTRATE FATEHPUR_IDA),2022Q4,1,5.733197265106569,0.0,0.0,345.0,0.0,0.0,541000.0
FATEHPUR(DISTRICT MAGISTRATE FATEHPUR_IDA),2023Q1,1,5.733197265106569,0.0,0.0,345.0,0.0,0.0,541000.0
FATEHPUR(DISTRICT MAGISTRATE FATEHPUR_IDA),2023Q3,51,6.127884531644266,0.09803921568627451,0.8627450980392157,685.0,0.0,0.0,61346410.0
FATEHPUR(DISTRICT MAGISTRATE FATEHPUR_IDA),2023Q4,6,5.988246277166907,0.16666666666666666,0.5,533.0,0.0,0.0,6184746.0
FATEHPUR(DISTRICT MAGISTRATE FATEHPUR_IDA),2024Q1,5,5.994156957787495,0.2,0.6,495.0,0.0,0.0,4491388.0
FATEHPUR(DISTRICT MAGISTRATE FATEHPUR_IDA),2025Q1,37,6.0,0.1891891891891892,0.0,345.0,0.0,0.0,39968000.0
FATEHPUR(DISTRICT MAGISTRATE FATEHPUR_IDA),2025Q2,2,6.115943176939055,0.5,0.0,345.0,0.0,0.0,2612000.0
FATEHPUR(DISTRICT MAGISTRATE FATEHPUR_IDA),2025Q3,25,5.866287339084195,0.16,0.0,345.0,0.0,0.0,20726000.0
FATEHPUR(DISTRICT MAGISTRATE FATEHPUR_IDA),2025Q4,13,5.903089986991944,0.15384615384615385,0.0,345.0,0.0,0.0,10915000.0
FATEHPUR(DISTRICT MAGISTRATE FATEHPUR_IDA),2026Q1,4,6.0,1.0,0.0,345.0,0.0,0.0,3700000.0
FAZILKA(DEPUTY COMMISSIONER FAZILKA_IDA),2023Q4,53,5.38363586836188,0.0,1.0,34.0,0.2641509433962264,0.0,12820700.0
FAZILKA(DEPUTY COMMISSIONER FAZILKA_IDA),2024Q1,90,5.38363586836188,0.3,1.0,44.0,0.34444444444444444,0.0,23160276.0
FAZILKA(DEPUTY COMMISSIONER FAZILKA_IDA),2024Q3,1,5.396774537030026,0.0,1.0,98.0,0.0,0.0,249330.0
FAZILKA(DEPUTY COMMISSIONER FAZILKA_IDA),2025Q1,27,5.381241468195862,0.037037037037037035,0.9629629629629629,237.0,0.8148148148148148,0.0,6424631.0
FAZILKA(DEPUTY COMMISSIONER FAZILKA_IDA),2025Q2,72,5.385606273598312,0.08333333333333333,0.3333333333333333,239.5,0.7361111111111112,0.0,17775162.0
FAZILKA(DEPUTY COMMISSIONER FAZILKA_IDA),2025Q3,36,5.371067862271736,0.08333333333333333,0.3055555555555556,136.0,0.0,0.0,8412562.0
FAZILKA(DEPUTY COMMISSIONER FAZILKA_IDA),2025Q4,5,5.096910013008056,0.8,0.0,345.0,0.0,0.0,725000.0
FAZILKA(DEPUTY COMMISSIONER FAZILKA_IDA),2026Q1,8,5.735394477721281,0.125,0.0,345.0,0.5,0.0,6890585.0
FEROZEPUR(DEPUTY COMMISSIONER FIROZEPUR_IDA),2023Q3,4,5.698970004336019,0.75,1.0,257.0,0.0,0.0,6499410.0
FEROZEPUR(DEPUTY COMMISSIONER FIROZEPUR_IDA),2023Q4,65,5.386498965550653,0.09230769230769231,1.0,97.0,0.6923076923076923,0.0,16408648.0
FEROZEPUR(DEPUTY COMMISSIONER FIROZEPUR_IDA),2024Q1,9,5.477121254719663,0.3333333333333333,0.8888888888888888,183.0,0.0,0.0,4621617.0
FEROZEPUR(DEPUTY COMMISSIONER FIROZEPUR_IDA),2024Q3,58,5.366703056869286,0.034482758620689655,1.0,102.0,0.0,0.0,22771803.0
FEROZEPUR(DEPUTY COMMISSIONER FIROZEPUR_IDA),2024Q4,1,6.367997755007599,0.0,1.0,513.0,0.0,0.0,2333446.0
FEROZEPUR(DEPUTY COMMISSIONER FIROZEPUR_IDA),2025Q1,85,5.367316776840869,0.023529411764705882,0.9647058823529412,125.0,0.10588235294117647,0.0,23712627.0
FEROZEPUR(DEPUTY COMMISSIONER FIROZEPUR_IDA),2025Q2,63,5.371067862271736,0.06349206349206349,0.873015873015873,224.0,0.0,0.0,36974419.0
FEROZEPUR(DEPUTY COMMISSIONER FIROZEPUR_IDA),2025Q3,7,5.7615519885641815,0.2857142857142857,0.0,345.0,0.0,0.0,37313500.0
FEROZEPUR(DEPUTY COMMISSIONER FIROZEPUR_IDA),2025Q4,23,5.5420968440307945,0.21739130434782608,0.4782608695652174,137.0,0.0,0.0,16898545.0
FEROZEPUR(DEPUTY COMMISSIONER FIROZEPUR_IDA),2026Q1,156,5.301029995663981,0.8782051282051282,0.0,345.0,0.01282051282051282,0.0,62021700.0
FIROZABAD(DISTRICT MAGISTRATE FIROZABAD_IDA),2023Q3,6,6.384289600602779,0.16666666666666666,0.3333333333333333,166.0,0.0,0.0,14826965.0
FIROZABAD(DISTRICT MAGISTRATE FIROZABAD_IDA),2023Q4,44,6.16345955176999,0.06818181818181818,0.3409090909090909,401.0,0.0,0.0,89178457.0
FIROZABAD(DISTRICT MAGISTRATE FIROZABAD_IDA),2024Q1,14,5.607248013799847,0.0,0.35714285714285715,350.0,0.0,0.0,18048797.95
FIROZABAD(DISTRICT MAGISTRATE FIROZABAD_IDA),2024Q3,23,6.27831497067202,0.08695652173913043,0.8260869565217391,192.0,0.0,0.0,61352158.0
FIROZABAD(DISTRICT MAGISTRATE FIROZABAD_IDA),2024Q4,4,5.5276299008713385,0.0,0.0,345.0,0.0,0.0,2297000.0
FIROZABAD(DISTRICT MAGISTRATE FIROZABAD_IDA),2025Q1,4,6.045518562884493,0.0,0.0,345.0,0.0,0.0,6244000.0
FIROZABAD(DISTRICT MAGISTRATE FIROZABAD_IDA),2025Q2,25,6.255031163345551,0.28,0.0,345.0,0.0,0.0,60995000.0
FIROZABAD(DISTRICT MAGISTRATE FIROZABAD_IDA),2026Q1,28,6.361538971269279,0.17857142857142858,0.0,345.0,0.0,0.0,67267500.0
GADAG(Deputy Commsioner Gadag_ida),2023Q4,2,5.8750612633917,1.0,0.0,345.0,0.0,0.0,1500000.0
GADAG(Deputy Commsioner Gadag_ida),2024Q1,35,5.698970004336019,0.7714285714285715,0.22857142857142856,565.0,0.05714285714285714,0.0,17372011.0
GADAG(Deputy Commsioner Gadag_ida),2024Q4,1,5.698970004336019,1.0,0.0,345.0,0.0,0.0,500000.0
GADAG(Deputy Commsioner Gadag_ida),2025Q1,26,5.698970004336019,1.0,0.0,345.0,0.07692307692307693,0.0,15800000.0
GADAG(Deputy Commsioner Gadag_ida),2025Q2,14,5.698970004336019,1.0,0.0,345.0,0.21428571428571427,0.0,8550000.0
GADAG(Deputy Commsioner Gadag_ida),2025Q3,3,6.0,1.0,0.0,345.0,0.0,0.0,3000000.0
GADAG(Deputy Commsioner Gadag_ida),2025Q4,10,5.698970004336019,1.0,0.0,345.0,0.0,0.0,6000000.0
GADAG(Deputy Commsioner Gadag_ida),2026Q1,17,5.698970004336019,1.0,0.0,345.0,0.0,0.0,12500000.0
GADCHIROLI(DISTRICT COLLECTOR GADCHIROLI_IDA),2023Q1,2,5.999782798454135,0.5,0.0,345.0,0.0,0.0,1999000.0
GADCHIROLI(DISTRICT COLLECTOR GADCHIROLI_IDA),2023Q4,40,5.998259338423699,0.275,0.0,345.0,0.0,0.0,32645000.0
GADCHIROLI(DISTRICT COLLECTOR GADCHIROLI_IDA),2024Q1,2,5.929418925714293,1.0,0.0,345.0,0.0,0.0,1700000.0
GADCHIROLI(DISTRICT COLLECTOR GADCHIROLI_IDA),2025Q1,25,6.0,1.0,0.0,345.0,0.0,0.0,26600000.0
GADCHIROLI(DISTRICT COLLECTOR GADCHIROLI_IDA),2025Q3,1,6.0,1.0,0.0,345.0,0.0,0.0,1000000.0
GADCHIROLI(DISTRICT COLLECTOR GADCHIROLI_IDA),2025Q4,23,6.0,1.0,0.0,345.0,0.0,0.0,20950000.0
GADCHIROLI(DISTRICT COLLECTOR GADCHIROLI_IDA),2026Q1,5,6.0,1.0,0.0,345.0,0.0,0.0,5700000.0
GAJAPATI(District Collector Gajapati_IDA),2023Q4,39,5.477121254719663,0.9743589743589743,0.5641025641025641,351.0,0.0,0.0,11519468.0
GAJAPATI(District Collector Gajapati_IDA),2024Q1,11,5.698970004336019,1.0,0.18181818181818182,187.0,0.0,0.0,4100000.0
GAJAPATI(District Collector Gajapati_IDA),2025Q2,2,5.698970004336019,1.0,0.0,345.0,0.0,0.0,1000000.0
GAJAPATI(District Collector Gajapati_IDA),2026Q1,2,6.301029995663981,1.0,0.0,345.0,0.0,0.0,4000000.0
GANDERBAL(Deputy Commissioner Ganderbal_IDA),2025Q2,2,5.352182518111363,1.0,0.0,345.0,0.0,0.0,450000.0
GANDERBAL(Deputy Commissioner Ganderbal_IDA),2025Q3,3,6.0,1.0,0.0,345.0,0.0,0.0,3000000.0
GANDERBAL(Deputy Commissioner Ganderbal_IDA),2025Q4,3,6.3979400086720375,1.0,0.0,345.0,0.0,0.0,8000000.0
GANDHINAGAR(DISTRICT COLLECTOR GANDHINAGAR_IDA),2023Q3,71,5.301029995663981,0.4225352112676056,0.9014084507042254,689.0,0.0,0.0,17720055.0
GANDHINAGAR(DISTRICT COLLECTOR GANDHINAGAR_IDA),2023Q4,76,5.262021329069343,0.6578947368421053,0.6710526315789473,728.0,0.11842105263157894,0.013157894736842105,14462799.0
GANDHINAGAR(DISTRICT COLLECTOR GANDHINAGAR_IDA),2024Q1,28,5.6987801761669505,0.4642857142857143,0.4642857142857143,580.0,0.0,0.0,19707273.0
GANDHINAGAR(DISTRICT COLLECTOR GANDHINAGAR_IDA),2024Q3,4,5.6988848742745475,0.25,0.75,353.0,0.0,0.0,1997804.0
GANDHINAGAR(DISTRICT COLLECTOR GANDHINAGAR_IDA),2024Q4,99,5.681874122128647,0.1717171717171717,0.8484848484848485,319.0,0.04040404040404041,0.21212121212121213,38806541.0
GANDHINAGAR(DISTRICT COLLECTOR GANDHINAGAR_IDA),2025Q1,56,5.266318735073827,0.625,0.39285714285714285,306.0,0.0,0.0,24393639.0
GANDHINAGAR(DISTRICT COLLECTOR GANDHINAGAR_IDA),2025Q2,46,5.6020599913279625,0.8043478260869565,0.17391304347826086,199.0,0.0,0.0,23268553.0
GANDHINAGAR(DISTRICT COLLECTOR GANDHINAGAR_IDA),2025Q3,32,5.6020599913279625,0.65625,0.03125,199.0,0.0,0.0,11728000.0
GANDHINAGAR(DISTRICT COLLECTOR GANDHINAGAR_IDA),2025Q4,55,5.477121254719663,0.8727272727272727,0.07272727272727272,123.5,0.0,0.0,22546090.0
GANDHINAGAR(DISTRICT COLLECTOR GANDHINAGAR_IDA),2026Q1,48,5.301029995663981,0.7708333333333334,0.0,345.0,0.0,0.0,19640000.0
GANGANAGAR(DISTRICT COLLECTOR SRIGANGANAGAR_IDA),2022Q3,9,5.397201079785138,0.4444444444444444,0.0,345.0,0.0,0.0,2189997.0
GANGANAGAR(DISTRICT COLLECTOR SRIGANGANAGAR_IDA),2023Q3,57,5.978432070000873,0.17543859649122806,0.7192982456140351,901.0,0.0,0.0,50309203.6
GANGANAGAR(DISTRICT COLLECTOR SRIGANGANAGAR_IDA),2023Q4,3,5.698749326682341,0.3333333333333333,0.6666666666666666,848.5,0.0,0.0,1851316.0
GANGANAGAR(DISTRICT COLLECTOR SRIGANGANAGAR_IDA),2024Q1,6,5.790852473242354,0.6666666666666666,0.3333333333333333,707.0,0.0,0.0,3785069.0
GANGANAGAR(DISTRICT COLLECTOR SRIGANGANAGAR_IDA),2024Q3,1,6.0,1.0,0.0,345.0,0.0,0.0,1000000.0
GANGANAGAR(DISTRICT COLLECTOR SRIGANGANAGAR_IDA),2025Q2,3,5.999631562039562,0.0,0.0,345.0,0.0,0.0,3160369.0
GANGANAGAR(DISTRICT COLLECTOR SRIGANGANAGAR_IDA),2025Q3,10,5.845098040014257,0.5,0.0,345.0,0.0,0.0,8037382.0
GANGANAGAR(DISTRICT COLLECTOR SRIGANGANAGAR_IDA),2025Q4,7,5.3979400086720375,0.2857142857142857,0.0,345.0,0.0,0.0,3512514.0
GANGANAGAR(DISTRICT COLLECTOR SRIGANGANAGAR_IDA),2026Q1,22,5.778149078905805,0.4090909090909091,0.0,345.0,0.0,0.0,15358472.0
GANJAM(DISTRICT COLLECTOR GANJAM_IDA),2023Q3,127,5.301029995663981,0.8818897637795275,0.3228346456692913,466.0,0.07874015748031496,0.0,29968359.0
GANJAM(DISTRICT COLLECTOR GANJAM_IDA),2023Q4,123,5.477015563536117,0.9512195121951219,0.34959349593495936,712.0,0.06504065040650407,0.0,38866636.0
GANJAM(DISTRICT COLLECTOR GANJAM_IDA),2024Q1,171,5.477121254719663,0.9649122807017544,0.19298245614035087,583.0,0.023391812865497075,0.0,63149749.0
GANJAM(DISTRICT COLLECTOR GANJAM_IDA),2024Q4,1,6.0,1.0,0.0,345.0,0.0,0.0,1000000.0
GANJAM(DISTRICT COLLECTOR GANJAM_IDA),2025Q1,64,5.477121254719663,1.0,0.171875,366.0,0.21875,0.0,21100000.0
GANJAM(DISTRICT COLLECTOR GANJAM_IDA),2025Q2,73,5.477121254719663,1.0,0.0821917808219178,335.5,0.0273972602739726,0.0,23500000.0
GANJAM(DISTRICT COLLECTOR GANJAM_IDA),2025Q3,21,5.698970004336019,1.0,0.047619047619047616,303.0,0.19047619047619047,0.0,10000000.0
GANJAM(DISTRICT COLLECTOR GANJAM_IDA),2025Q4,51,5.477121254719663,1.0,0.0,345.0,0.5098039215686274,0.0,16600000.0
GARHWA(Deputy Commissioner garhwa_IDA),2023Q4,85,5.477121254719663,1.0,0.0,345.0,0.0,0.0,26200000.0
GARHWA(Deputy Commissioner garhwa_IDA),2024Q1,14,5.477121254719663,1.0,0.0,345.0,0.0,0.0,4700000.0
GARHWA(Deputy Commissioner garhwa_IDA),2025Q1,28,5.3979400086720375,1.0,0.0,345.0,0.0,0.0,13500000.0
GARHWA(Deputy Commissioner garhwa_IDA),2025Q2,17,5.301029995663981,1.0,0.0,345.0,0.0,0.0,5200000.0
GARHWA(Deputy Commissioner garhwa_IDA),2025Q3,2,5.628388930050312,1.0,0.0,345.0,0.0,0.0,850000.0
GARHWA(Deputy Commissioner garhwa_IDA),2025Q4,19,5.653212513775344,1.0,0.0,345.0,0.05263157894736842,0.0,7500000.0
GARHWA(Deputy Commissioner garhwa_IDA),2026Q1,7,5.477121254719663,1.0,0.0,345.0,0.14285714285714285,0.0,2150000.0
GARIYABAND(Collectro Gariaband_IDA),2023Q3,4,5.6020599913279625,1.0,1.0,727.5,0.0,0.0,1600000.0
GARIYABAND(Collectro Gariaband_IDA),2023Q4,18,5.698970004336019,0.7222222222222222,0.8888888888888888,683.0,0.0,0.0,9817030.0
GARIYABAND(Collectro Gariaband_IDA),2024Q1,8,5.6988262290663885,0.75,0.625,669.0,0.0,0.0,3992288.0
GARIYABAND(Collectro Gariaband_IDA),2024Q4,19,5.6020599913279625,1.0,0.7368421052631579,262.0,0.42105263157894735,0.0,7800000.0
GARIYABAND(Collectro Gariaband_IDA),2025Q1,2,5.8750612633917,1.0,0.0,345.0,0.0,0.0,1500000.0
GARIYABAND(Collectro Gariaband_IDA),2025Q2,4,5.8750612633917,1.0,0.0,345.0,0.0,0.0,3000000.0
GARIYABAND(Collectro Gariaband_IDA),2025Q3,4,6.0,1.0,0.0,345.0,0.0,0.0,3500000.0
GARIYABAND(Collectro Gariaband_IDA),2025Q4,2,5.698970004336019,1.0,0.0,345.0,0.0,0.0,1000000.0
GAUTAM BUDDHA NAGAR(DISTRICT MAGISTRATE GAUTAMBUDHNAGAR),2023Q3,14,5.905795880367869,0.07142857142857142,0.0,345.0,0.0,0.0,10965000.0
GAUTAM BUDDHA NAGAR(DISTRICT MAGISTRATE GAUTAMBUDHNAGAR),2023Q4,60,5.992995098431342,0.016666666666666666,0.0,345.0,0.0,0.0,49325300.0
GAUTAM BUDDHA NAGAR(DISTRICT MAGISTRATE GAUTAMBUDHNAGAR),2024Q1,33,5.8194004630624505,0.030303030303030304,0.6363636363636364,277.0,0.0,0.0,26100355.0
GAUTAM BUDDHA NAGAR(DISTRICT MAGISTRATE GAUTAMBUDHNAGAR),2024Q3,50,5.941715860691074,0.0,0.52,384.0,0.04,0.0,45188871.28
GAUTAM BUDDHA NAGAR(DISTRICT MAGISTRATE GAUTAMBUDHNAGAR),2025Q1,4,5.999130541287371,0.0,0.0,345.0,0.0,0.0,4748000.0
GAUTAM BUDDHA NAGAR(DISTRICT MAGISTRATE GAUTAMBUDHNAGAR),2025Q2,49,5.902057310808466,0.02040816326530612,0.0,345.0,0.0,0.0,63308800.0
GAUTAM BUDDHA NAGAR(DISTRICT MAGISTRATE GAUTAMBUDHNAGAR),2025Q3,32,5.987666264926275,0.03125,0.0,345.0,0.0,0.0,29834000.0
GAUTAM BUDDHA NAGAR(DISTRICT MAGISTRATE GAUTAMBUDHNAGAR),2025Q4,10,6.286231854028553,0.1,0.0,345.0,0.9,0.0,17768221.0
GAUTAM BUDDHA NAGAR(DISTRICT MAGISTRATE GAUTAMBUDHNAGAR),2026Q1,12,5.925621454790829,0.0,0.0,345.0,0.0,0.0,10111200.0
GAYA(DISTRICT PLANNING OFFICER GAYA_IDA),2023Q3,21,5.939019776448666,0.0,1.0,677.0,0.19047619047619047,0.0,21725000.0
GAYA(DISTRICT PLANNING OFFICER GAYA_IDA),2023Q4,103,5.472535590249737,0.02912621359223301,0.9611650485436893,599.0,0.0,0.0,40945337.0
GAYA(DISTRICT PLANNING OFFICER GAYA_IDA),2024Q1,103,5.596630078764982,0.05825242718446602,0.912621359223301,546.0,0.0,0.0,50217024.0
GAYA(DISTRICT PLANNING OFFICER GAYA_IDA),2024Q3,41,5.69843549333158,0.0,1.0,299.0,0.9512195121951219,0.0,20484744.0
GAYA(DISTRICT PLANNING OFFICER GAYA_IDA),2024Q4,39,5.675618887848805,0.0,1.0,242.0,0.9230769230769231,0.0,18479214.0
GAYA(DISTRICT PLANNING OFFICER GAYA_IDA),2025Q1,151,4.874476019336568,0.006622516556291391,0.6622516556291391,387.5,0.0,0.0,47274312.0
GAYA(DISTRICT PLANNING OFFICER GAYA_IDA),2025Q2,49,5.6020599913279625,0.6938775510204082,0.4489795918367347,317.0,0.0,0.0,27119286.0
GAYA(DISTRICT PLANNING OFFICER GAYA_IDA),2025Q3,112,5.697224982351464,0.32142857142857145,0.15178571428571427,156.0,0.017857142857142856,0.0,49278528.0
GAYA(DISTRICT PLANNING OFFICER GAYA_IDA),2025Q4,7,5.903089986991944,0.42857142857142855,0.14285714285714285,99.0,0.0,0.0,5600436.0
GAYA(DISTRICT PLANNING OFFICER GAYA_IDA),2026Q1,5,5.812913356642856,1.0,0.0,345.0,0.0,0.0,3250000.0
GHAZIABAD(DISTRICT MAGISTRAE GHAZIABAD_IDA),2023Q3,28,6.3065377150286555,0.0,1.0,243.0,0.0,0.0,58596047.0
GHAZIABAD(DISTRICT MAGISTRAE GHAZIABAD_IDA),2023Q4,5,5.952975902180751,0.2,1.0,145.0,0.0,0.0,4095001.0
GHAZIABAD(DISTRICT MAGISTRAE GHAZIABAD_IDA),2024Q1,5,5.976204578371753,0.0,1.0,113.0,0.0,0.0,4110006.0
GHAZIABAD(DISTRICT MAGISTRAE GHAZIABAD_IDA),2024Q4,10,5.7721162485787625,0.0,0.7,472.0,0.0,0.0,5682297.0
GHAZIABAD(DISTRICT MAGISTRAE GHAZIABAD_IDA),2025Q1,14,5.998607811470697,0.0,0.6428571428571429,367.0,0.0,0.0,16962992.0
GHAZIABAD(DISTRICT MAGISTRAE GHAZIABAD_IDA),2025Q2,1,5.997406918962797,0.0,1.0,368.0,0.0,0.0,994047.0
GHAZIABAD(DISTRICT MAGISTRAE GHAZIABAD_IDA),2025Q3,24,6.0,0.6666666666666666,0.0,345.0,0.0,0.0,25710000.0
GHAZIABAD(DISTRICT MAGISTRAE GHAZIABAD_IDA),2025Q4,2,5.396303111894103,0.0,0.0,345.0,0.0,0.0,498119.0
GHAZIABAD(DISTRICT MAGISTRAE GHAZIABAD_IDA),2026Q1,9,5.944482672150168,0.2222222222222222,0.0,345.0,0.0,0.0,8119760.0
GHAZIPUR(DISTRICT MAGISTRAE GHAZIPUR_IDA),2023Q3,10,6.0,1.0,0.0,345.0,0.1,0.0,13000000.0
GHAZIPUR(DISTRICT MAGISTRAE GHAZIPUR_IDA),2023Q4,3,6.3979400086720375,1.0,0.0,345.0,0.0,0.0,6000000.0
GHAZIPUR(DISTRICT MAGISTRAE GHAZIPUR_IDA),2024Q1,43,5.954242509439325,0.813953488372093,0.16279069767441862,692.0,0.023255813953488372,0.0,43341681.0
GHAZIPUR(DISTRICT MAGISTRAE GHAZIPUR_IDA),2024Q3,184,5.335257256434532,0.0,0.0,345.0,0.0,0.0,39651440.0
GHAZIPUR(DISTRICT MAGISTRAE GHAZIPUR_IDA),2024Q4,85,5.698970004336019,0.2823529411764706,0.12941176470588237,449.0,0.3176470588235294,0.0,46552060.0
GHAZIPUR(DISTRICT MAGISTRAE GHAZIPUR_IDA),2025Q1,90,5.744402521068861,0.4777777777777778,0.15555555555555556,329.0,0.0,0.0,59565117.0
GHAZIPUR(DISTRICT MAGISTRAE GHAZIPUR_IDA),2025Q2,61,5.812913356642856,0.5737704918032787,0.0,345.0,0.03278688524590164,0.0,46064870.0
GHAZIPUR(DISTRICT MAGISTRAE GHAZIPUR_IDA),2025Q3,114,5.3222192947339195,0.05263157894736842,0.0,345.0,0.0,0.0,41074040.0
GHAZIPUR(DISTRICT MAGISTRAE GHAZIPUR_IDA),2025Q4,56,5.093640528443209,0.17857142857142858,0.0,345.0,0.0,0.0,16865065.0
GHAZIPUR(DISTRICT MAGISTRAE GHAZIPUR_IDA),2026Q1,117,5.250420002308894,0.358974358974359,0.0,345.0,0.05128205128205128,0.0,38137500.0
GIR SOMNATH(DISTRICT COLLECTOR GIR SOMNATH_IDA),2023Q3,1,5.698889218049027,0.0,1.0,916.0,0.0,0.0,499907.0
GIR SOMNATH(DISTRICT COLLECTOR GIR SOMNATH_IDA),2023Q4,2,5.809067235097963,0.5,0.0,345.0,0.0,0.0,1288538.0
GIR SOMNATH(DISTRICT COLLECTOR GIR SOMNATH_IDA),2024Q1,92,5.477120530894923,0.25,0.8695652173913043,537.0,0.0,0.0,33277396.0
GIR SOMNATH(DISTRICT COLLECTOR GIR SOMNATH_IDA),2024Q3,1,5.698970004336019,1.0,0.0,345.0,0.0,0.0,500000.0
GIR SOMNATH(DISTRICT COLLECTOR GIR SOMNATH_IDA),2024Q4,4,5.474251239404669,0.75,1.0,247.0,0.0,0.0,1146048.0
GIR SOMNATH(DISTRICT COLLECTOR GIR SOMNATH_IDA),2025Q1,7,5.3979400086720375,0.8571428571428571,0.2857142857142857,351.0,0.0,0.0,2247547.0
GIR SOMNATH(DISTRICT COLLECTOR GIR SOMNATH_IDA),2025Q2,21,5.593077732970548,0.3333333333333333,0.42857142857142855,276.0,0.0,0.0,10018049.0
GIR SOMNATH(DISTRICT COLLECTOR GIR SOMNATH_IDA),2025Q3,102,5.468602071326689,0.43137254901960786,0.24509803921568626,195.0,0.0,0.0,30669261.0
GIR SOMNATH(DISTRICT COLLECTOR GIR SOMNATH_IDA),2025Q4,24,5.597695185925512,0.5416666666666666,0.3333333333333333,154.5,0.0,0.0,9286542.0
GIR SOMNATH(DISTRICT COLLECTOR GIR SOMNATH_IDA),2026Q1,4,5.698970004336019,0.75,0.0,345.0,0.0,0.0,2498000.0
GIRIDIH(Deputy Commissioner Giridh_IDA),2023Q3,79,5.3979400086720375,0.5063291139240507,0.7341772151898734,743.5,0.0,0.0,22262377.0
GIRIDIH(Deputy Commissioner Giridh_IDA),2023Q4,122,5.3979400086720375,0.3770491803278688,0.5983606557377049,637.0,0.0,0.0,32237368.0
GIRIDIH(Deputy Commissioner Giridh_IDA),2024Q1,62,5.3979400086720375,0.5806451612903226,0.6451612903225806,601.5,0.0,0.0,20193754.0
GIRIDIH(Deputy Commissioner Giridh_IDA),2024Q3,52,5.176091259055681,0.8269230769230769,0.17307692307692307,594.0,0.0,0.0,9246396.0
GIRIDIH(Deputy Commissioner Giridh_IDA),2024Q4,28,5.477121254719663,0.9642857142857143,0.03571428571428571,584.0,0.0,0.0,7649710.0
GIRIDIH(Deputy Commissioner Giridh_IDA),2025Q1,9,6.0,0.7777777777777778,0.1111111111111111,252.0,0.0,0.0,7548481.0
GIRIDIH(Deputy Commissioner Giridh_IDA),2025Q2,100,5.477121254719663,0.81,0.19,291.0,0.0,0.0,37714404.0
GIRIDIH(Deputy Commissioner Giridh_IDA),2025Q3,184,5.477121254719663,0.9021739130434783,0.08152173913043478,216.0,0.0,0.0,59998681.0
GIRIDIH(Deputy Commissioner Giridh_IDA),2025Q4,48,5.477121254719663,1.0,0.0,345.0,0.0,0.0,16650000.0
GIRIDIH(Deputy Commissioner Giridh_IDA),2026Q1,73,5.477121254719663,0.9452054794520548,0.0,345.0,0.0,0.0,24770000.0
GOALPARA(Deputy Commissioner Goalpara_IDA),2023Q4,27,5.681422155721009,0.0,0.8888888888888888,846.0,0.0,0.0,13925800.0
GOALPARA(Deputy Commissioner Goalpara_IDA),2024Q1,1,5.6020599913279625,1.0,0.0,345.0,0.0,0.0,400000.0
GOALPARA(Deputy Commissioner Goalpara_IDA),2024Q3,11,5.698970004336019,1.0,0.36363636363636365,585.5,0.0,0.0,10400000.0
GOALPARA(Deputy Commissioner Goalpara_IDA),2024Q4,21,5.544068044350276,1.0,0.14285714285714285,561.0,0.0,0.0,7300000.0
GOALPARA(Deputy Commissioner Goalpara_IDA),2025Q1,7,5.698970004336019,1.0,0.0,345.0,0.0,0.0,4550000.0
GOALPARA(Deputy Commissioner Goalpara_IDA),2025Q2,9,5.477121254719663,1.0,0.0,345.0,0.0,0.0,3000000.0
GOALPARA(Deputy Commissioner Goalpara_IDA),2025Q3,10,5.903089986991944,1.0,0.0,345.0,0.0,0.0,11000000.0
GOALPARA(Deputy Commissioner Goalpara_IDA),2025Q4,4,6.1303337684950066,1.0,0.0,345.0,0.0,0.0,5900000.0
GOALPARA(Deputy Commissioner Goalpara_IDA),2026Q1,11,5.698970004336019,1.0,0.0,345.0,0.0,0.0,14700000.0
GODDA(Deputy Commissioner Godda_IDA),2024Q1,53,5.079181246047625,0.7547169811320755,0.2641509433962264,583.0,0.03773584905660377,0.0,7400000.0
GODDA(Deputy Commissioner Godda_IDA),2025Q2,1,6.0,1.0,0.0,345.0,0.0,0.0,1000000.0
GODDA(Deputy Commissioner Godda_IDA),2025Q3,31,5.176091259055681,1.0,0.0,345.0,0.0,0.0,4800000.0
GOLAGHAT(Deputy Commissioner Golaghat_IDA),2023Q4,99,5.301029995663981,1.0,0.10101010101010101,241.5,0.0,0.0,22400000.0
GOLAGHAT(Deputy Commissioner Golaghat_IDA),2024Q1,6,5.176091259055681,1.0,0.0,345.0,0.0,0.0,1050000.0
GOLAGHAT(Deputy Commissioner Golaghat_IDA),2025Q1,1,6.0,1.0,0.0,345.0,0.0,0.0,1000000.0
GOLAGHAT(Deputy Commissioner Golaghat_IDA),2025Q3,56,5.989004615698537,0.8928571428571429,0.0,345.0,0.0,0.0,58519000.0
GOLAGHAT(Deputy Commissioner Golaghat_IDA),2025Q4,4,6.3979400086720375,1.0,0.0,345.0,0.0,0.0,11000000.0
GOLAGHAT(Deputy Commissioner Golaghat_IDA),2026Q1,2,6.301029995663981,1.0,0.0,345.0,0.0,0.0,4000000.0
GONDA(DISTRICT MAGISTRATE GONDA_IDA),2023Q4,88,5.9410142437055695,0.022727272727272728,0.9431818181818182,743.0,0.0,0.0,89836560.0
GONDA(DISTRICT MAGISTRATE GONDA_IDA),2024Q1,62,5.691965102767361,0.0967741935483871,0.8064516129032258,669.0,0.0,0.0,36800578.0
GONDA(DISTRICT MAGISTRATE GONDA_IDA),2024Q3,18,6.145351816558461,0.0,0.0,345.0,0.0,0.0,26461000.0
GONDA(DISTRICT MAGISTRATE GONDA_IDA),2024Q4,21,5.969288214732229,0.047619047619047616,1.0,485.0,0.0,0.0,18206345.0
GONDA(DISTRICT MAGISTRATE GONDA_IDA),2025Q1,28,5.862131379313038,0.0,0.14285714285714285,421.0,0.0,0.0,24640729.0
GONDA(DISTRICT MAGISTRATE GONDA_IDA),2025Q3,58,5.728759475167874,0.0,0.29310344827586204,257.0,0.0,0.0,46493824.0
GONDA(DISTRICT MAGISTRATE GONDA_IDA),2025Q4,29,5.745855195173729,0.0,0.0,345.0,0.0,0.0,18812100.0
GONDA(DISTRICT MAGISTRATE GONDA_IDA),2026Q1,23,5.689397662821282,0.17391304347826086,0.0,345.0,0.0,0.0,15876600.0
GONDIA(DISTRICT COLLECTOR GONDIA_IDA),2022Q3,10,5.698170601507397,0.3,0.7,1211.0,0.0,0.0,5476940.0
GONDIA(DISTRICT COLLECTOR GONDIA_IDA),2023Q4,10,5.810532252524213,0.2,0.8,753.5,0.0,0.0,7051392.0
GONDIA(DISTRICT COLLECTOR GONDIA_IDA),2024Q1,99,5.449481484749987,0.050505050505050504,0.41414141414141414,661.0,0.24242424242424243,0.0,43120873.0
GONDIA(DISTRICT COLLECTOR GONDIA_IDA),2024Q3,12,5.698961318359521,0.3333333333333333,0.4166666666666667,526.0,0.0,0.0,6954548.0
GONDIA(DISTRICT COLLECTOR GONDIA_IDA),2024Q4,8,5.698970004336019,0.375,0.625,521.0,0.0,0.0,4398141.0
GONDIA(DISTRICT COLLECTOR GONDIA_IDA),2025Q1,41,5.845098040014257,0.8048780487804879,0.17073170731707318,426.0,0.34146341463414637,0.0,27222282.0
GONDIA(DISTRICT COLLECTOR GONDIA_IDA),2025Q2,13,5.845098040014257,0.7692307692307693,0.0,345.0,0.23076923076923078,0.0,8228900.0
GONDIA(DISTRICT COLLECTOR GONDIA_IDA),2025Q3,10,5.696716258358362,0.4,0.2,192.0,0.2,0.0,4450693.0
GONDIA(DISTRICT COLLECTOR GONDIA_IDA),2025Q4,5,5.301029995663981,1.0,0.0,345.0,0.0,0.0,2100000.0
GONDIA(DISTRICT COLLECTOR GONDIA_IDA),2026Q1,48,5.698970004336019,1.0,0.0,345.0,0.08333333333333333,0.0,25850000.0
GOPALGANJ(DISTRICT PLANNING OFFICER GOPALGANJ_IDA),2023Q3,47,5.770309909483199,0.2765957446808511,1.0,858.0,0.0425531914893617,0.0,40583033.0
GOPALGANJ(DISTRICT PLANNING OFFICER GOPALGANJ_IDA),2023Q4,42,5.7384634394619525,0.0,1.0,833.0,0.0,0.0,22071811.0
GOPALGANJ(DISTRICT PLANNING OFFICER GOPALGANJ_IDA),2024Q1,15,5.696525879055258,0.0,1.0,693.0,0.0,0.0,7716783.0
GOPALGANJ(DISTRICT PLANNING OFFICER GOPALGANJ_IDA),2024Q3,1,6.013837058445721,0.0,1.0,488.0,0.0,0.0,1032374.0
GOPALGANJ(DISTRICT PLANNING OFFICER GOPALGANJ_IDA),2024Q4,18,5.999130541287371,0.0,0.0,345.0,1.0,0.0,17955000.0
GOPALGANJ(DISTRICT PLANNING OFFICER GOPALGANJ_IDA),2025Q1,16,5.998891134666213,0.0,0.9375,385.0,0.5,0.0,16481243.0
GOPALGANJ(DISTRICT PLANNING OFFICER GOPALGANJ_IDA),2025Q2,3,6.094268084327119,0.3333333333333333,0.6666666666666666,263.0,0.0,0.0,3834838.0
GOPALGANJ(DISTRICT PLANNING OFFICER GOPALGANJ_IDA),2025Q3,43,5.998832786508421,0.20930232558139536,0.5116279069767442,174.5,0.0,0.0,42885617.0
GOPALGANJ(DISTRICT PLANNING OFFICER GOPALGANJ_IDA),2025Q4,33,5.999130541287371,0.5151515151515151,0.0,345.0,0.42424242424242425,0.0,29365000.0
GOPALGANJ(DISTRICT PLANNING OFFICER GOPALGANJ_IDA),2026Q1,10,5.6020599913279625,1.0,0.0,345.0,0.0,0.0,5800000.0
GORAKHPUR(DISTRICT MAGISTRATE GORAKHPUR_IDA),2021Q4,1,5.544068044350276,1.0,0.0,345.0,0.0,0.0,350000.0
GORAKHPUR(DISTRICT MAGISTRATE GORAKHPUR_IDA),2022Q2,2,5.448860845607441,0.0,0.0,345.0,0.0,0.0,562200.0
GORAKHPUR(DISTRICT MAGISTRATE GORAKHPUR_IDA),2023Q1,5,5.5047942540683525,0.0,0.4,1056.0,0.0,0.0,3273780.0
GORAKHPUR(DISTRICT MAGISTRATE GORAKHPUR_IDA),2023Q3,5,6.0782860393204015,0.0,1.0,716.0,0.0,0.0,26179108.0
GORAKHPUR(DISTRICT MAGISTRATE GORAKHPUR_IDA),2023Q4,5,6.0,0.6,0.2,691.0,0.0,0.0,6248355.0
GORAKHPUR(DISTRICT MAGISTRATE GORAKHPUR_IDA),2024Q1,256,5.457881896733992,0.08203125,0.5859375,549.0,0.0,0.0,124453871.72
GORAKHPUR(DISTRICT MAGISTRATE GORAKHPUR_IDA),2024Q3,6,6.255941767760962,0.0,1.0,141.0,0.0,0.16666666666666666,8823628.0
GORAKHPUR(DISTRICT MAGISTRATE GORAKHPUR_IDA),2025Q1,7,6.204119982655925,0.42857142857142855,0.0,345.0,0.0,0.0,14139500.0
GORAKHPUR(DISTRICT MAGISTRATE GORAKHPUR_IDA),2025Q2,11,6.414137362184476,0.09090909090909091,0.2727272727272727,317.0,0.0,0.0,30747437.0
GORAKHPUR(DISTRICT MAGISTRATE GORAKHPUR_IDA),2025Q4,51,6.071882007306125,0.0196078431372549,0.0196078431372549,117.0,0.0,0.0,63121252.0
GORAKHPUR(DISTRICT MAGISTRATE GORAKHPUR_IDA),2026Q1,38,5.4284587735155805,0.02631578947368421,0.0,345.0,0.0,0.0,28621800.0
GUMLA(DEPUTY COMMISSIONER GUMLA_IDA),2023Q4,16,5.863352605299188,0.0,0.0,345.0,0.0,0.0,13268100.0
GUMLA(DEPUTY COMMISSIONER GUMLA_IDA),2024Q1,3,5.7596678446896306,0.3333333333333333,0.0,345.0,0.0,0.0,2394900.0
GUMLA(DEPUTY COMMISSIONER GUMLA_IDA),2024Q3,20,5.3979400086720375,1.0,0.0,345.0,0.0,0.0,5000000.0
GUMLA(DEPUTY COMMISSIONER GUMLA_IDA),2025Q1,39,5.705350462885712,0.02564102564102564,0.0,345.0,0.0,0.0,19236065.0
GUMLA(DEPUTY COMMISSIONER GUMLA_IDA),2025Q2,2,6.105493153279868,0.5,0.0,345.0,0.0,0.0,2549900.0
GUMLA(DEPUTY COMMISSIONER GUMLA_IDA),2025Q3,37,5.6020599913279625,0.8378378378378378,0.0,345.0,0.0,0.0,16365086.0
GUMLA(DEPUTY COMMISSIONER GUMLA_IDA),2025Q4,1,6.161368002234975,1.0,0.0,345.0,0.0,0.0,1450000.0
GUNA(District Collector Guna_IDA),2023Q3,19,5.6020599913279625,0.6842105263157895,0.7894736842105263,967.0,0.0,0.0,9648179.0
GUNA(District Collector Guna_IDA),2023Q4,37,5.311870363459812,0.0,1.0,139.0,1.0,0.0,8202198.0
GUNA(District Collector Guna_IDA),2024Q1,16,5.0,0.8125,0.375,148.0,0.8125,0.0,25037905.0
GUNA(District Collector Guna_IDA),2024Q4,44,5.6927782019351705,0.8181818181818182,0.29545454545454547,500.0,0.022727272727272728,0.0,23499386.0
GUNA(District Collector Guna_IDA),2025Q1,14,6.0,0.7857142857142857,0.2857142857142857,415.0,0.5,0.0,15999112.0
GUNA(District Collector Guna_IDA),2025Q2,18,5.380211241711606,0.7777777777777778,0.0,345.0,0.0,0.0,6360000.0
GUNA(District Collector Guna_IDA),2025Q3,2,5.812913356642856,1.0,0.0,345.0,0.0,0.0,1300000.0
GUNA(District Collector Guna_IDA),2025Q4,2,5.528273777167044,0.5,0.0,345.0,0.0,0.0,675000.0
GUNA(District Collector Guna_IDA),2026Q1,35,5.698970004336019,0.8857142857142857,0.0,345.0,0.0,0.0,47433501.0
GUNTUR(DISTRICT COLLECTOR GUNTUR_IDA),2023Q3,1,6.374221926058185,0.0,1.0,881.0,0.0,0.0,2367129.0
GUNTUR(DISTRICT COLLECTOR GUNTUR_IDA),2023Q4,61,5.9494231874276515,0.06557377049180328,0.8852459016393442,818.0,0.0,0.0,58891021.0
GUNTUR(DISTRICT COLLECTOR GUNTUR_IDA),2024Q1,109,5.67949966738451,0.13761467889908258,0.7981651376146789,790.0,0.0,0.0,83993265.0
GUNTUR(DISTRICT COLLECTOR GUNTUR_IDA),2024Q3,1,5.619883945206722,0.0,0.0,345.0,0.0,0.0,416758.0
GUNTUR(DISTRICT COLLECTOR GUNTUR_IDA),2024Q4,4,6.243667195669341,0.5,0.5,440.5,0.0,0.0,6453610.0
GUNTUR(DISTRICT COLLECTOR GUNTUR_IDA),2025Q1,15,5.932110347655563,0.6,0.4,399.0,0.0,0.0,23441444.0
GUNTUR(DISTRICT COLLECTOR GUNTUR_IDA),2025Q2,5,6.176091259055681,0.8,0.0,345.0,0.0,0.0,11661000.0
GUNTUR(DISTRICT COLLECTOR GUNTUR_IDA),2025Q3,16,6.176091259055681,0.9375,0.0625,175.0,0.0,0.0,32895792.0
GUNTUR(DISTRICT COLLECTOR GUNTUR_IDA),2025Q4,57,5.698970004336019,1.0,0.0,345.0,0.0,0.0,45200000.0
GUNTUR(DISTRICT COLLECTOR GUNTUR_IDA),2026Q1,9,5.698970004336019,1.0,0.0,345.0,0.0,0.0,7150000.0
GURDASPUR(DEPUTY COMMISSIONER GURDASPUR_IDA),2023Q3,39,5.135132651376775,0.15384615384615385,0.9743589743589743,675.0,0.20512820512820512,0.0,6563501.0
GURDASPUR(DEPUTY COMMISSIONER GURDASPUR_IDA),2023Q4,115,5.223885151875885,0.043478260869565216,0.8782608695652174,825.0,0.26956521739130435,0.0,35613436.0
GURDASPUR(DEPUTY COMMISSIONER GURDASPUR_IDA),2024Q1,18,5.627598305806789,0.2222222222222222,0.8333333333333334,506.0,0.0,0.0,24642026.0
GURDASPUR(DEPUTY COMMISSIONER GURDASPUR_IDA),2025Q1,49,5.642383391599994,0.8163265306122449,0.14285714285714285,365.0,0.5714285714285714,0.0,26363895.0
GURDASPUR(DEPUTY COMMISSIONER GURDASPUR_IDA),2025Q2,44,5.421192468305749,0.8181818181818182,0.11363636363636363,241.0,0.20454545454545456,0.0,16905497.0
GURDASPUR(DEPUTY COMMISSIONER GURDASPUR_IDA),2025Q3,38,5.3979400086720375,0.8947368421052632,0.21052631578947367,201.0,0.10526315789473684,0.0,47688974.0
GURDASPUR(DEPUTY COMMISSIONER GURDASPUR_IDA),2025Q4,19,5.698970004336019,0.6842105263157895,0.3157894736842105,127.0,0.10526315789473684,0.0,10588813.0
GURDASPUR(DEPUTY COMMISSIONER GURDASPUR_IDA),2026Q1,20,5.698970004336019,0.85,0.1,101.0,0.3,0.0,11329160.0
GURUGRAM(DC CUM NODAL OFFICER MPLADS_5),2023Q3,6,6.092018470752797,0.3333333333333333,0.16666666666666666,850.0,0.0,0.0,7852444.0
GURUGRAM(DC CUM NODAL OFFICER MPLADS_5),2023Q4,15,5.830526438872792,0.5333333333333333,0.26666666666666666,793.5,0.06666666666666667,0.0,11108676.0
GURUGRAM(DC CUM NODAL OFFICER MPLADS_5),2024Q1,20,5.719745492529577,0.4,0.15,686.0,0.0,0.0,12657630.0
GURUGRAM(DC CUM NODAL OFFICER MPLADS_5),2024Q3,1,6.176091259055681,1.0,0.0,345.0,0.0,0.0,1500000.0
GURUGRAM(DC CUM NODAL OFFICER MPLADS_5),2024Q4,3,6.041392685158225,1.0,0.0,345.0,0.0,0.0,3600000.0
GURUGRAM(DC CUM NODAL OFFICER MPLADS_5),2025Q1,1,6.108903127667313,0.0,0.0,345.0,1.0,0.0,1285000.0
GURUGRAM(DC CUM NODAL OFFICER MPLADS_5),2025Q2,4,6.021189299069938,1.0,0.0,345.0,0.0,0.0,4200000.0
GURUGRAM(DC CUM NODAL OFFICER MPLADS_5),2025Q3,6,5.954242509439325,0.5,0.0,345.0,0.0,0.0,5669000.0
GWALIOR(DISTRICT COLLECTOR GWALIOR_IDA),2023Q3,39,5.8750612633917,0.48717948717948717,0.0,345.0,0.0,0.0,36841094.0
GWALIOR(DISTRICT COLLECTOR GWALIOR_IDA),2023Q4,8,5.954242509439325,0.75,0.0,345.0,0.0,0.0,5855905.0
GWALIOR(DISTRICT COLLECTOR GWALIOR_IDA),2024Q1,47,5.456751564049395,0.3829787234042553,0.0,345.0,0.0,0.0,22480339.0
GWALIOR(DISTRICT COLLECTOR GWALIOR_IDA),2025Q1,6,5.981750899051416,0.16666666666666666,0.0,345.0,0.0,0.0,5817201.0
GWALIOR(DISTRICT COLLECTOR GWALIOR_IDA),2025Q2,5,5.997823080745725,0.4,0.0,345.0,0.0,0.0,6188658.0
GWALIOR(DISTRICT COLLECTOR GWALIOR_IDA),2025Q3,9,6.0,0.4444444444444444,0.0,345.0,0.0,0.0,8657507.0
GWALIOR(DISTRICT COLLECTOR GWALIOR_IDA),2025Q4,2,5.820201459485641,0.0,0.0,345.0,0.0,0.0,1322000.0
GWALIOR(DISTRICT COLLECTOR GWALIOR_IDA),2026Q1,14,6.0,0.7857142857142857,0.0,345.0,0.0,0.0,16571037.0
Gangapurcity(DISTRICT COLLECTOR Gangapur City_IDA),2024Q1,47,5.598044893422651,0.3191489361702128,0.6595744680851063,693.0,0.0425531914893617,0.0,20720319.0
Gangapurcity(DISTRICT COLLECTOR Gangapur City_IDA),2024Q4,1,5.999939628871124,0.0,1.0,306.0,0.0,0.0,999861.0
Gangapurcity(DISTRICT COLLECTOR Gangapur City_IDA),2025Q2,2,5.992652912620478,0.0,1.0,277.0,0.0,0.0,1966450.0
Gangapurcity(DISTRICT COLLECTOR Gangapur City_IDA),2025Q3,5,5.994275789320693,0.2,0.8,197.0,0.0,0.0,4325981.0
Gangtok(DISTRICT COLLECTOR EAST DISTRICT_IDA),2023Q3,3,6.601989304148708,0.0,1.0,803.0,0.0,0.0,12996851.0
Gangtok(DISTRICT COLLECTOR EAST DISTRICT_IDA),2023Q4,1,6.477121254719663,1.0,0.0,345.0,0.0,0.0,3000000.0
Gangtok(DISTRICT COLLECTOR EAST DISTRICT_IDA),2024Q1,3,6.079181246047625,1.0,0.0,345.0,0.0,0.0,4200000.0
Gangtok(DISTRICT COLLECTOR EAST DISTRICT_IDA),2024Q3,16,6.096910013008056,1.0,0.0625,457.0,0.0,0.0,28100000.0
Gangtok(DISTRICT COLLECTOR EAST DISTRICT_IDA),2024Q4,3,6.505149978319906,1.0,0.0,345.0,0.0,0.0,8700000.0
Gangtok(DISTRICT COLLECTOR EAST DISTRICT_IDA),2025Q1,1,6.447158031342219,1.0,0.0,345.0,0.0,0.0,2800000.0
Gangtok(DISTRICT COLLECTOR EAST DISTRICT_IDA),2025Q2,3,5.698970004336019,1.0,0.0,345.0,0.0,0.0,2000000.0
Gangtok(DISTRICT COLLECTOR EAST DISTRICT_IDA),2025Q3,4,6.477121254719663,1.0,0.0,345.0,0.0,0.0,13500000.0
Gangtok(DISTRICT COLLECTOR EAST DISTRICT_IDA),2025Q4,3,6.113943352306837,1.0,0.0,345.0,0.0,0.0,4200000.0
Gangtok(DISTRICT COLLECTOR EAST DISTRICT_IDA),2026Q1,5,5.698970004336019,0.8,0.0,345.0,0.0,0.0,5538000.0
Gaurela Pendra Marwahi(Collector GPM_IDA),2023Q3,9,5.3979400086720375,0.3333333333333333,0.7777777777777778,886.0,0.0,0.0,2723899.23
Gaurela Pendra Marwahi(Collector GPM_IDA),2023Q4,10,5.477121254719663,0.7,0.5,761.0,0.7,0.0,3248757.0
Gaurela Pendra Marwahi(Collector GPM_IDA),2024Q1,7,5.301029995663981,0.8571428571428571,0.5714285714285714,476.0,0.0,0.0,1697578.0
Gaurela Pendra Marwahi(Collector GPM_IDA),2024Q3,32,5.301029995663981,0.59375,0.59375,493.0,0.0,0.0,10228293.0
Gaurela Pendra Marwahi(Collector GPM_IDA),2024Q4,8,5.477002531335007,0.875,0.375,392.0,0.0,0.0,2599836.0
Gaurela Pendra Marwahi(Collector GPM_IDA),2025Q1,2,5.87334443794006,0.5,0.5,215.0,0.0,0.0,1494082.0
Gaurela Pendra Marwahi(Collector GPM_IDA),2025Q2,18,5.3979400086720375,0.7777777777777778,0.5555555555555556,325.0,0.5,0.0,5697357.0
Gaurela Pendra Marwahi(Collector GPM_IDA),2025Q3,13,5.477121254719663,0.6923076923076923,0.46153846153846156,226.5,0.6153846153846154,0.0,5644857.0
Gaurela Pendra Marwahi(Collector GPM_IDA),2025Q4,2,5.544068044350276,1.0,0.0,345.0,0.0,0.0,700000.0
Gaurela Pendra Marwahi(Collector GPM_IDA),2026Q1,2,5.6020599913279625,1.0,0.0,345.0,1.0,0.0,800000.0
Gomati(DM OFFICE GOMATI MPLADS),2023Q3,3,6.844787718827846,0.6666666666666666,0.0,345.0,0.0,0.0,18495000.0
Gomati(DM OFFICE GOMATI MPLADS),2024Q1,7,5.9742583187716205,0.2857142857142857,0.0,345.0,0.5714285714285714,0.0,7554357.0
Gomati(DM OFFICE GOMATI MPLADS),2025Q3,1,6.077460932464335,0.0,0.0,345.0,0.0,0.0,1195256.0
Gomati(DM OFFICE GOMATI MPLADS),2026Q1,15,6.0,1.0,0.0,345.0,1.0,0.0,15000000.0
Gyalshing(DISTRICT COLLECTOR GYALSHING_IDA),2023Q3,9,6.301029995663981,0.5555555555555556,0.4444444444444444,848.0,0.0,0.0,15287623.0
Gyalshing(DISTRICT COLLECTOR GYALSHING_IDA),2023Q4,11,5.778151250383644,0.5454545454545454,0.5454545454545454,825.5,0.0,0.0,14279858.0
Gyalshing(DISTRICT COLLECTOR GYALSHING_IDA),2024Q1,5,5.845098040014257,0.4,0.6,712.0,0.0,0.0,3495178.0
Gyalshing(DISTRICT COLLECTOR GYALSHING_IDA),2024Q3,1,5.477121254719663,1.0,0.0,345.0,0.0,0.0,300000.0
Gyalshing(DISTRICT COLLECTOR GYALSHING_IDA),2024Q4,4,6.477121254719663,1.0,1.0,451.0,0.0,0.0,12000000.0
Gyalshing(DISTRICT COLLECTOR GYALSHING_IDA),2025Q2,8,5.3979400086720375,1.0,0.0,345.0,1.0,0.0,2000000.0
Gyalshing(DISTRICT COLLECTOR GYALSHING_IDA),2025Q3,6,5.698970004336019,0.8333333333333334,0.0,345.0,0.3333333333333333,0.0,2915000.0
Gyalshing(DISTRICT COLLECTOR GYALSHING_IDA),2025Q4,1,5.698970004336019,1.0,0.0,345.0,0.0,0.0,500000.0
Gyalshing(DISTRICT COLLECTOR GYALSHING_IDA),2026Q1,2,5.3979400086720375,1.0,0.0,345.0,0.0,0.0,500000.0
HAILAKANDI(Deputy Commissioner Hailakandi_IDA),2023Q3,6,6.206491259481252,0.16666666666666666,0.0,345.0,0.8333333333333334,0.0,9365552.0
HAILAKANDI(Deputy Commissioner Hailakandi_IDA),2023Q4,9,6.247883944639477,0.1111111111111111,0.0,345.0,0.8888888888888888,0.0,15613584.0
HAILAKANDI(Deputy Commissioner Hailakandi_IDA),2025Q3,2,6.0,1.0,0.0,345.0,0.0,0.0,2000000.0
HAILAKANDI(Deputy Commissioner Hailakandi_IDA),2025Q4,2,5.8750612633917,1.0,0.0,345.0,0.0,0.0,1500000.0
HAILAKANDI(Deputy Commissioner Hailakandi_IDA),2026Q1,4,6.243038048686294,1.0,0.0,345.0,0.0,0.0,8000000.0
HAMIRPUR(DEPUTY COMMISSIONER HAMIRPUR_IDA),2023Q3,67,5.289194162668396,0.7910447761194029,0.6119402985074627,711.0,0.0,0.0,12974589.0
HAMIRPUR(DEPUTY COMMISSIONER HAMIRPUR_IDA),2023Q4,95,5.301029995663981,0.9789473684210527,0.5578947368421052,627.0,0.0,0.0,18635665.0
HAMIRPUR(DEPUTY COMMISSIONER HAMIRPUR_IDA),2024Q1,110,5.176091259055681,0.9181818181818182,0.5909090909090909,558.0,0.0,0.0,17464805.0
HAMIRPUR(DEPUTY COMMISSIONER HAMIRPUR_IDA),2024Q3,5,5.475367511787258,0.6,0.4,584.0,0.6,0.0,1259991.0
HAMIRPUR(DEPUTY COMMISSIONER HAMIRPUR_IDA),2024Q4,22,5.262154339133367,0.4090909090909091,0.6363636363636364,306.0,0.0,0.0,4224126.0
HAMIRPUR(DEPUTY COMMISSIONER HAMIRPUR_IDA),2025Q1,23,5.301029995663981,0.8695652173913043,0.5217391304347826,364.5,0.17391304347826086,0.0,5240939.0
HAMIRPUR(DEPUTY COMMISSIONER HAMIRPUR_IDA),2025Q2,57,5.301029995663981,0.7894736842105263,0.40350877192982454,262.0,0.0,0.0,11871633.0
HAMIRPUR(DEPUTY COMMISSIONER HAMIRPUR_IDA),2025Q3,68,5.176091259055681,0.8676470588235294,0.25,198.0,0.0,0.0,10484250.0
HAMIRPUR(DEPUTY COMMISSIONER HAMIRPUR_IDA),2025Q4,14,5.301029995663981,0.9285714285714286,0.07142857142857142,115.0,0.0,0.0,3875000.0
HAMIRPUR(DEPUTY COMMISSIONER HAMIRPUR_IDA),2026Q1,28,5.243038048686294,0.8571428571428571,0.0,345.0,0.0,0.0,7544340.0
HAMIRPUR(DISTRICT MAGISTRATE HAMIRPUR_2),2023Q4,121,5.385606273598312,0.10743801652892562,0.8925619834710744,151.0,0.8842975206611571,0.0,31902668.32
HAMIRPUR(DISTRICT MAGISTRATE HAMIRPUR_2),2024Q1,57,5.647174576149806,0.8070175438596491,0.17543859649122806,783.0,0.15789473684210525,0.0,32938473.0
HAMIRPUR(DISTRICT MAGISTRATE HAMIRPUR_2),2024Q2,1,5.698970004336019,1.0,0.0,345.0,0.0,0.0,500000.0
HAMIRPUR(DISTRICT MAGISTRATE HAMIRPUR_2),2024Q3,11,5.6020599913279625,1.0,0.0,345.0,0.0,0.0,4400000.0
HAMIRPUR(DISTRICT MAGISTRATE HAMIRPUR_2),2024Q4,99,5.230333945856221,0.16161616161616163,0.8282828282828283,315.0,0.8282828282828283,0.0,27650830.0
HAMIRPUR(DISTRICT MAGISTRATE HAMIRPUR_2),2025Q1,5,6.0,0.6,0.2,381.0,0.0,0.0,6442787.0
HAMIRPUR(DISTRICT MAGISTRATE HAMIRPUR_2),2025Q2,130,5.3819161159481395,0.023076923076923078,0.9769230769230769,134.0,0.9615384615384616,0.0,34238334.0
HAMIRPUR(DISTRICT MAGISTRATE HAMIRPUR_2),2025Q3,1,6.39776625612645,0.0,0.0,345.0,0.0,0.0,2499000.0
HAMIRPUR(DISTRICT MAGISTRATE HAMIRPUR_2),2025Q4,8,5.954242509439325,0.75,0.0,345.0,0.0,0.0,9400000.0
HANUMAKONDA(DISTRICT COLLECTOR HANUMAKONDA_IDA),2019Q4,1,5.698970004336019,1.0,0.0,345.0,0.0,0.0,500000.0
HANUMAKONDA(DISTRICT COLLECTOR HANUMAKONDA_IDA),2020Q1,2,5.509874285004719,0.0,0.0,345.0,0.0,0.0,647000.0
HANUMAKONDA(DISTRICT COLLECTOR HANUMAKONDA_IDA),2020Q3,2,5.574031267727719,1.0,0.0,345.0,0.0,0.0,750000.0
HANUMAKONDA(DISTRICT COLLECTOR HANUMAKONDA_IDA),2023Q1,1,5.69810054562339,0.0,0.0,345.0,0.0,0.0,499000.0
HANUMAKONDA(DISTRICT COLLECTOR HANUMAKONDA_IDA),2023Q3,18,5.217693144797274,0.1111111111111111,0.8333333333333334,141.0,0.0,0.1111111111111111,4488335.0
HANUMAKONDA(DISTRICT COLLECTOR HANUMAKONDA_IDA),2023Q4,1,5.477121254719663,1.0,1.0,608.0,0.0,0.0,300000.0
HANUMAKONDA(DISTRICT COLLECTOR HANUMAKONDA_IDA),2024Q1,70,5.500114981658851,0.35714285714285715,0.7428571428571429,551.0,0.0,0.0,22424919.0
HANUMAKONDA(DISTRICT COLLECTOR HANUMAKONDA_IDA),2024Q4,16,5.69874845765104,0.5,0.4375,395.0,0.0,0.0,9560576.0
HANUMAKONDA(DISTRICT COLLECTOR HANUMAKONDA_IDA),2025Q1,27,5.476935916199021,0.4444444444444444,0.4444444444444444,310.5,0.0,0.0,8090120.0
HANUMAKONDA(DISTRICT COLLECTOR HANUMAKONDA_IDA),2025Q2,30,5.301029995663981,0.9666666666666667,0.03333333333333333,305.0,0.16666666666666666,0.0,12334723.0
HANUMAKONDA(DISTRICT COLLECTOR HANUMAKONDA_IDA),2025Q3,10,5.528273777167044,0.6,0.0,345.0,0.0,0.0,3822000.0
HANUMAKONDA(DISTRICT COLLECTOR HANUMAKONDA_IDA),2025Q4,21,5.69810054562339,0.8095238095238095,0.0,345.0,0.0,0.0,8746000.0
HANUMAKONDA(DISTRICT COLLECTOR HANUMAKONDA_IDA),2026Q1,2,6.031408464251625,1.0,0.0,345.0,0.0,0.0,2150000.0
HANUMANGARH(DISTRICT COLLECTOR HANUMANGARH_IDA),2023Q3,50,5.916303893627016,0.32,0.94,367.0,0.0,0.0,36058291.0
HANUMANGARH(DISTRICT COLLECTOR HANUMANGARH_IDA),2023Q4,5,5.778151250383644,0.2,1.0,492.0,0.0,0.0,3816713.0
HANUMANGARH(DISTRICT COLLECTOR HANUMANGARH_IDA),2024Q1,14,5.938002566921817,0.21428571428571427,0.8571428571428571,512.5,0.0,0.0,11906090.0
HANUMANGARH(DISTRICT COLLECTOR HANUMANGARH_IDA),2024Q4,2,5.995476143507187,0.0,1.0,329.5,0.0,0.0,1979275.0
HANUMANGARH(DISTRICT COLLECTOR HANUMANGARH_IDA),2025Q2,15,5.763560508039424,0.5333333333333333,0.5333333333333333,291.5,0.0,0.0,8390824.0
HANUMANGARH(DISTRICT COLLECTOR HANUMANGARH_IDA),2025Q3,17,5.929418925714293,0.8235294117647058,0.23529411764705882,244.0,0.0,0.0,14529136.0
HANUMANGARH(DISTRICT COLLECTOR HANUMANGARH_IDA),2025Q4,3,5.778151250383644,0.6666666666666666,0.0,345.0,0.0,0.0,1705000.0
HANUMANGARH(DISTRICT COLLECTOR HANUMANGARH_IDA),2026Q1,24,5.778151250383644,0.9166666666666666,0.08333333333333333,109.0,0.0,0.0,16645766.0
HAPUR(DISTRICT MAGISTRATE HAPUR_IDA),2023Q3,47,5.22345180837826,0.0,1.0,150.0,0.5106382978723404,0.0,12872020.0
HAPUR(DISTRICT MAGISTRATE HAPUR_IDA),2023Q4,28,5.608436170249929,0.0,1.0,107.5,0.0,0.0,13043964.0
HAPUR(DISTRICT MAGISTRATE HAPUR_IDA),2024Q1,23,5.6901810124075585,0.0,1.0,250.0,0.17391304347826086,0.0,10237407.0
HAPUR(DISTRICT MAGISTRATE HAPUR_IDA),2024Q4,12,5.733328898196522,0.0,1.0,267.0,0.0,0.0,6380674.0
HAPUR(DISTRICT MAGISTRATE HAPUR_IDA),2025Q1,18,5.901900836484344,0.0,1.0,387.0,0.0,0.0,13509535.0
HAPUR(DISTRICT MAGISTRATE HAPUR_IDA),2025Q2,2,5.980879262354663,0.0,1.0,211.0,0.0,0.0,1913856.0
HAPUR(DISTRICT MAGISTRATE HAPUR_IDA),2025Q3,18,5.580233087292057,0.05555555555555555,0.3333333333333333,118.0,0.0,0.0,9174728.0
HAPUR(DISTRICT MAGISTRATE HAPUR_IDA),2025Q4,14,5.983626287124535,0.07142857142857142,0.0,345.0,0.0,0.0,15021510.0
HAPUR(DISTRICT MAGISTRATE HAPUR_IDA),2026Q1,4,6.125643892357392,0.0,0.0,345.0,0.0,0.0,4805300.0
HARDA(District Collector Harda_IDA),2023Q2,1,5.096910013008056,0.0,0.0,345.0,0.0,0.0,125000.0
HARDA(District Collector Harda_IDA),2023Q3,6,5.0,0.8333333333333334,1.0,873.0,0.0,0.0,948599.0
HARDA(District Collector Harda_IDA),2024Q4,37,5.414876456086512,0.02702702702702703,1.0,430.0,0.0,0.0,10719894.0
HARDA(District Collector Harda_IDA),2025Q1,1,6.0,1.0,0.0,345.0,0.0,0.0,1000000.0
HARDA(District Collector Harda_IDA),2025Q2,51,5.414876456086512,0.0784313725490196,0.8431372549019608,265.0,0.8823529411764706,0.0,14562011.0
HARDA(District Collector Harda_IDA),2025Q3,2,5.676529918333179,0.0,0.0,345.0,0.0,0.0,949642.0
HARDA(District Collector Harda_IDA),2025Q4,6,5.4471130485128,0.5,0.0,345.0,0.0,0.0,1879826.0
HARDA(District Collector Harda_IDA),2026Q1,11,5.56139598353383,0.0,0.0,345.0,1.0,0.0,4006717.0
HARDOI(DISTRICT MAGISTRATE HARDOI_IDA),2023Q3,10,5.778151250383644,0.5,0.0,345.0,0.0,0.0,9216399.0
HARDOI(DISTRICT MAGISTRATE HARDOI_IDA),2023Q4,5,5.698970004336019,0.6,0.0,345.0,0.0,0.0,26297000.0
HARDOI(DISTRICT MAGISTRATE HARDOI_IDA),2024Q1,24,5.989004615698537,0.375,0.0,345.0,0.0,0.0,75568376.0
HARDOI(DISTRICT MAGISTRATE HARDOI_IDA),2024Q3,5,6.746634198937579,0.0,0.0,345.0,0.0,0.0,28685171.0
HARDOI(DISTRICT MAGISTRATE HARDOI_IDA),2024Q4,2,6.13950127473591,0.0,0.0,345.0,1.0,0.0,2757600.0
HARDOI(DISTRICT MAGISTRATE HARDOI_IDA),2025Q1,5,6.361727836017593,0.2,0.0,345.0,0.4,0.0,17442088.0
HARDOI(DISTRICT MAGISTRATE HARDOI_IDA),2025Q2,3,5.763427993562937,0.3333333333333333,0.0,345.0,0.6666666666666666,0.0,2082000.0
HARDOI(DISTRICT MAGISTRATE HARDOI_IDA),2025Q3,10,6.6476225973784935,0.1,0.1,276.0,0.6,0.0,46693251.0
HARDOI(DISTRICT MAGISTRATE HARDOI_IDA),2025Q4,1,5.733999286538387,0.0,0.0,345.0,0.0,0.0,542000.0
HARIDWAR(DISTRICT MAGISTRATE HARIDWAR_IDA),2023Q3,22,5.3979400086720375,0.7272727272727273,0.045454545454545456,216.0,0.0,0.0,6569250.0
HARIDWAR(DISTRICT MAGISTRATE HARIDWAR_IDA),2023Q4,10,5.850396244842392,0.3,0.6,73.0,0.0,0.0,7776541.0
HARIDWAR(DISTRICT MAGISTRATE HARIDWAR_IDA),2024Q1,171,5.6020599913279625,0.847953216374269,0.1111111111111111,724.0,0.0,0.0,100913798.0
HARIDWAR(DISTRICT MAGISTRATE HARIDWAR_IDA),2024Q3,1,6.301029995663981,1.0,0.0,345.0,0.0,0.0,2000000.0
HARIDWAR(DISTRICT MAGISTRATE HARIDWAR_IDA),2024Q4,11,6.0,0.9090909090909091,0.09090909090909091,73.0,0.0,0.0,10740000.0
HARIDWAR(DISTRICT MAGISTRATE HARIDWAR_IDA),2025Q1,22,6.0,1.0,0.0,345.0,0.0,0.0,19700000.0
HARIDWAR(DISTRICT MAGISTRATE HARIDWAR_IDA),2025Q2,20,5.996713449623989,0.5,0.0,345.0,0.0,0.0,17324131.0
HARIDWAR(DISTRICT MAGISTRATE HARIDWAR_IDA),2025Q3,19,5.3979400086720375,0.5789473684210527,0.0,345.0,0.0,0.0,6503000.0
HARIDWAR(DISTRICT MAGISTRATE HARIDWAR_IDA),2025Q4,24,6.0,0.7916666666666666,0.0,345.0,0.0,0.0,26958000.0
HARIDWAR(DISTRICT MAGISTRATE HARIDWAR_IDA),2026Q1,37,5.974050902792877,0.32432432432432434,0.0,345.0,0.0,0.0,30483648.0
HASSAN(DEPUTY COMMISSIONER HASSAN_IDA),2023Q3,1,6.3979400086720375,1.0,0.0,345.0,0.0,0.0,2500000.0
HASSAN(DEPUTY COMMISSIONER HASSAN_IDA),2023Q4,1,6.3979400086720375,1.0,0.0,345.0,0.0,0.0,2500000.0
HASSAN(DEPUTY COMMISSIONER HASSAN_IDA),2024Q1,339,5.477121254719663,0.35398230088495575,0.640117994100295,807.0,0.0,0.0029498525073746312,113238744.0
HASSAN(DEPUTY COMMISSIONER HASSAN_IDA),2024Q3,36,5.39557099712082,0.6111111111111112,0.3611111111111111,573.0,0.0,0.0,11490584.0
HASSAN(DEPUTY COMMISSIONER HASSAN_IDA),2024Q4,1,6.0,1.0,0.0,345.0,0.0,0.0,1000000.0
HASSAN(DEPUTY COMMISSIONER HASSAN_IDA),2025Q1,89,5.477121254719663,0.8876404494382022,0.11235955056179775,382.0,0.0,0.0,32774646.0
HASSAN(DEPUTY COMMISSIONER HASSAN_IDA),2025Q2,143,5.698970004336019,0.8251748251748252,0.027972027972027972,279.0,0.0,0.0,72705374.0
HASSAN(DEPUTY COMMISSIONER HASSAN_IDA),2025Q3,35,5.653212513775344,0.6857142857142857,0.0,345.0,0.05714285714285714,0.0,17500630.0
HASSAN(DEPUTY COMMISSIONER HASSAN_IDA),2025Q4,5,5.3979400086720375,0.6,0.0,345.0,0.0,0.0,1458000.0
HASSAN(DEPUTY COMMISSIONER HASSAN_IDA),2026Q1,154,5.477121254719663,0.9675324675324676,0.0,345.0,0.0,0.0,49168000.0
HATHRAS(DISTRICT MAGISTRATE HATHRAS_IDA),2023Q3,15,6.141003333874192,0.0,1.0,200.0,0.0,0.0,22917718.0
HATHRAS(DISTRICT MAGISTRATE HATHRAS_IDA),2024Q1,11,6.090547251076792,0.0,1.0,138.0,0.0,0.0,16206884.0
HATHRAS(DISTRICT MAGISTRATE HATHRAS_IDA),2024Q4,12,6.177267471466513,0.0,1.0,218.0,0.0,0.0,17646953.0
HATHRAS(DISTRICT MAGISTRATE HATHRAS_IDA),2025Q1,5,6.1492566882828354,0.0,1.0,221.0,0.0,0.0,7202460.0
HATHRAS(DISTRICT MAGISTRATE HATHRAS_IDA),2025Q2,1,5.969203839135258,0.0,1.0,151.0,0.0,0.0,931545.0
HATHRAS(DISTRICT MAGISTRATE HATHRAS_IDA),2025Q3,18,6.106476988451254,0.0,1.0,155.0,0.0,0.0,22913457.0
HATHRAS(DISTRICT MAGISTRATE HATHRAS_IDA),2025Q4,1,6.079181246047625,1.0,0.0,345.0,0.0,0.0,1200000.0
HATHRAS(DISTRICT MAGISTRATE HATHRAS_IDA),2026Q1,3,5.138302698166282,0.0,0.0,345.0,0.6666666666666666,0.0,2500000.0
HAVERI(DEPUTY COMMISSIONER HAVERI_IDA),2024Q1,197,5.694316450673168,0.37055837563451777,0.6395939086294417,785.0,0.04060913705583756,0.0,103787351.0
HAVERI(DEPUTY COMMISSIONER HAVERI_IDA),2024Q3,2,6.096910013008056,1.0,0.0,345.0,0.0,0.0,2500000.0
HAVERI(DEPUTY COMMISSIONER HAVERI_IDA),2024Q4,3,5.695258342678934,0.3333333333333333,0.6666666666666666,261.0,0.0,0.0,1491407.0
HAVERI(DEPUTY COMMISSIONER HAVERI_IDA),2025Q1,28,5.698970004336019,1.0,0.21428571428571427,373.0,0.25,0.0,15200000.0
HAVERI(DEPUTY COMMISSIONER HAVERI_IDA),2025Q2,35,5.698970004336019,0.7714285714285715,0.11428571428571428,333.0,0.11428571428571428,0.0,15542899.0
HAVERI(DEPUTY COMMISSIONER HAVERI_IDA),2025Q3,14,6.079181246047625,0.9285714285714286,0.07142857142857142,237.0,0.2857142857142857,0.0,12949514.0
HAVERI(DEPUTY COMMISSIONER HAVERI_IDA),2025Q4,51,5.698970004336019,1.0,0.0,345.0,0.0,0.0,28400000.0
HAVERI(DEPUTY COMMISSIONER HAVERI_IDA),2026Q1,8,5.698970004336019,1.0,0.0,345.0,0.0,0.0,5350000.0
HAZARIBAGH(DEPUTY COMMISSIONER HAZARIBAGH_IDA),2023Q3,27,5.698970004336019,0.9629629629629629,0.0,345.0,0.0,0.0,14680000.0
HAZARIBAGH(DEPUTY COMMISSIONER HAZARIBAGH_IDA),2023Q4,36,5.3979400086720375,0.9166666666666666,0.0,345.0,0.0,0.0,17759700.0
HAZARIBAGH(DEPUTY COMMISSIONER HAZARIBAGH_IDA),2024Q1,64,5.698970004336019,0.890625,0.03125,850.5,0.0,0.0,40007440.0
HAZARIBAGH(DEPUTY COMMISSIONER HAZARIBAGH_IDA),2024Q2,1,5.895838959622768,0.0,1.0,698.0,0.0,0.0,786754.0
HAZARIBAGH(DEPUTY COMMISSIONER HAZARIBAGH_IDA),2024Q3,1,5.46348835448046,0.0,1.0,668.0,0.0,0.0,290729.0
HAZARIBAGH(DEPUTY COMMISSIONER HAZARIBAGH_IDA),2025Q2,7,5.477121254719663,1.0,0.0,345.0,0.0,0.0,2850000.0
HAZARIBAGH(DEPUTY COMMISSIONER HAZARIBAGH_IDA),2025Q3,5,5.477121254719663,1.0,0.0,345.0,0.0,0.0,1700000.0
HAZARIBAGH(DEPUTY COMMISSIONER HAZARIBAGH_IDA),2026Q1,90,5.698970004336019,1.0,0.0,345.0,0.3111111111111111,0.0,44500000.0
HINGOLI(DISTRICT COLLECTOR HINGOLI_IDA),2024Q1,61,5.996117476137288,0.03278688524590164,0.9344262295081968,168.0,0.0,0.3442622950819672,53272595.0
HINGOLI(DISTRICT COLLECTOR HINGOLI_IDA),2024Q4,3,6.0791450533327485,0.3333333333333333,0.0,345.0,0.0,0.0,4499623.0
HINGOLI(DISTRICT COLLECTOR HINGOLI_IDA),2025Q1,6,6.174795710095347,0.0,1.0,317.0,0.0,0.0,11969670.0
HINGOLI(DISTRICT COLLECTOR HINGOLI_IDA),2025Q2,7,6.0,0.2857142857142857,0.2857142857142857,363.5,0.0,0.0,10794649.0
HINGOLI(DISTRICT COLLECTOR HINGOLI_IDA),2025Q3,4,6.095761088588519,0.5,0.0,345.0,0.0,0.0,5993395.0
HINGOLI(DISTRICT COLLECTOR HINGOLI_IDA),2025Q4,6,6.0,1.0,0.0,345.0,0.0,0.0,6500000.0
HISAR(DEPUTY COMMISSIONER HISSAR_IDA),2023Q3,92,5.190331698170292,0.06521739130434782,0.5108695652173914,105.0,0.0,0.0,25887243.0
HISAR(DEPUTY COMMISSIONER HISSAR_IDA),2023Q4,55,5.198657086954422,0.03636363636363636,0.45454545454545453,90.0,0.0,0.0,14673921.0
HISAR(DEPUTY COMMISSIONER HISSAR_IDA),2024Q1,76,5.198657086954422,0.09210526315789473,0.47368421052631576,64.5,0.05263157894736842,0.0,21109429.0
HISAR(DEPUTY COMMISSIONER HISSAR_IDA),2024Q3,1,6.041392685158225,1.0,0.0,345.0,0.0,0.0,1100000.0
HISAR(DEPUTY COMMISSIONER HISSAR_IDA),2024Q4,64,5.698668064734926,0.34375,0.125,268.0,0.0,0.0,39018265.0
HISAR(DEPUTY COMMISSIONER HISSAR_IDA),2025Q1,13,5.0966145923059365,0.07692307692307693,0.6153846153846154,213.5,0.0,0.0,4671162.0
HISAR(DEPUTY COMMISSIONER HISSAR_IDA),2025Q2,130,5.176091259055681,0.46923076923076923,0.25384615384615383,225.0,0.34615384615384615,0.0,37441015.0
HISAR(DEPUTY COMMISSIONER HISSAR_IDA),2025Q3,10,5.65764089523629,0.1,0.1,264.0,0.1,0.0,3679583.0
HISAR(DEPUTY COMMISSIONER HISSAR_IDA),2025Q4,36,5.176091259055681,0.4722222222222222,0.0,345.0,0.25,0.0,8846185.0
HISAR(DEPUTY COMMISSIONER HISSAR_IDA),2026Q1,9,5.176091259055681,0.4444444444444444,0.0,345.0,0.0,0.0,2834742.0
HOJAI(DC office Hojai),2025Q3,15,5.698970004336019,1.0,0.0,345.0,0.0,0.0,12000000.0
HOOGHLY(DISTRICT MAGISTRATE HOOGHLY_IDA),2023Q3,249,5.500733076389154,0.008032128514056224,0.9156626506024096,376.0,0.4899598393574297,0.004016064257028112,101513800.83
HOOGHLY(DISTRICT MAGISTRATE HOOGHLY_IDA),2023Q4,261,5.41289714246845,0.0,0.9885057471264368,686.0,0.9348659003831418,0.0,84481615.0
HOOGHLY(DISTRICT MAGISTRATE HOOGHLY_IDA),2024Q1,69,5.499402499025452,0.014492753623188406,0.8840579710144928,552.0,0.5942028985507246,0.0,36215778.0
HOOGHLY(DISTRICT MAGISTRATE HOOGHLY_IDA),2024Q3,40,5.57740447259074,0.025,0.5,278.5,0.0,0.0,27151446.0
HOOGHLY(DISTRICT MAGISTRATE HOOGHLY_IDA),2024Q4,70,5.698963055568718,0.05714285714285714,0.42857142857142855,224.0,0.0,0.0,45970769.0
HOOGHLY(DISTRICT MAGISTRATE HOOGHLY_IDA),2025Q1,62,5.577263103119714,0.06451612903225806,0.6129032258064516,169.0,0.04838709677419355,0.0,37545164.0
HOOGHLY(DISTRICT MAGISTRATE HOOGHLY_IDA),2025Q2,53,5.577491799837225,0.018867924528301886,0.49056603773584906,203.0,0.0,0.0,37844207.0
HOOGHLY(DISTRICT MAGISTRATE HOOGHLY_IDA),2025Q3,50,5.794508959212575,0.1,0.24,272.0,0.3,0.0,40470976.44
HOOGHLY(DISTRICT MAGISTRATE HOOGHLY_IDA),2025Q4,43,5.832840893333623,0.3488372093023256,0.06976744186046512,211.0,0.6744186046511628,0.0,53177935.0
HOOGHLY(DISTRICT MAGISTRATE HOOGHLY_IDA),2026Q1,60,5.577491799837225,0.43333333333333335,0.0,345.0,0.0,0.0,34521555.0
HOSHIARPUR(DEPUTY COMMISSIONER HOSHIARPUR_IDA),2023Q2,127,5.299942900022767,0.7559055118110236,0.889763779527559,816.0,0.29133858267716534,0.0,26076043.0
HOSHIARPUR(DEPUTY COMMISSIONER HOSHIARPUR_IDA),2023Q3,149,5.176091259055681,0.5771812080536913,0.8389261744966443,802.0,0.5369127516778524,0.0,31771226.0
HOSHIARPUR(DEPUTY COMMISSIONER HOSHIARPUR_IDA),2023Q4,51,5.301029995663981,0.6666666666666666,0.8431372549019608,664.0,0.0,0.0,12004936.0
HOSHIARPUR(DEPUTY COMMISSIONER HOSHIARPUR_IDA),2024Q1,40,5.096910013008056,0.725,0.9,509.5,0.15,0.0,12929171.0
HOSHIARPUR(DEPUTY COMMISSIONER HOSHIARPUR_IDA),2024Q3,55,5.301029995663981,0.8545454545454545,0.9272727272727272,469.0,0.6909090909090909,0.0,14356062.0
HOSHIARPUR(DEPUTY COMMISSIONER HOSHIARPUR_IDA),2024Q4,13,5.563243701140398,0.46153846153846156,0.6153846153846154,258.5,0.3076923076923077,0.0,8858789.0
HOSHIARPUR(DEPUTY COMMISSIONER HOSHIARPUR_IDA),2025Q1,28,5.698970004336019,0.7857142857142857,0.8214285714285714,291.0,0.14285714285714285,0.0,19900893.0
HOSHIARPUR(DEPUTY COMMISSIONER HOSHIARPUR_IDA),2025Q2,57,5.477121254719663,0.7192982456140351,0.43859649122807015,201.0,0.40350877192982454,0.0,34013096.0
HOSHIARPUR(DEPUTY COMMISSIONER HOSHIARPUR_IDA),2025Q3,37,5.477121254719663,0.5945945945945946,0.2972972972972973,161.0,0.35135135135135137,0.0,13884017.0
HOSHIARPUR(DEPUTY COMMISSIONER HOSHIARPUR_IDA),2025Q4,73,5.477121254719663,0.8767123287671232,0.0821917808219178,97.0,0.4657534246575342,0.0,38676480.0
HOSHIARPUR(DEPUTY COMMISSIONER HOSHIARPUR_IDA),2026Q1,55,5.477121254719663,0.8909090909090909,0.0,345.0,0.38181818181818183,0.0,18428430.0
HOWRAH(DISTRICT MAGISTRATE HOWRAH_IDA),2023Q3,45,5.602018731392303,0.06666666666666667,0.9555555555555556,260.0,0.0,0.0,22059963.0
HOWRAH(DISTRICT MAGISTRATE HOWRAH_IDA),2023Q4,117,5.535291587706047,0.042735042735042736,0.9572649572649573,149.0,0.0,0.0,56713711.0
HOWRAH(DISTRICT MAGISTRATE HOWRAH_IDA),2024Q1,189,5.190026183647574,0.07936507936507936,0.9365079365079365,150.0,0.0,0.0,94618467.0
HOWRAH(DISTRICT MAGISTRATE HOWRAH_IDA),2024Q3,12,5.505292457822515,0.4166666666666667,0.6666666666666666,146.0,0.0,0.0,4828426.0
HOWRAH(DISTRICT MAGISTRATE HOWRAH_IDA),2024Q4,35,5.698970004336019,0.37142857142857144,0.6,265.0,0.0,0.0,27515875.0
HOWRAH(DISTRICT MAGISTRATE HOWRAH_IDA),2025Q1,57,5.396906897159956,0.2631578947368421,0.6842105263157895,203.0,0.0,0.0,34360021.0
HOWRAH(DISTRICT MAGISTRATE HOWRAH_IDA),2025Q2,31,5.776974166279215,0.3225806451612903,0.5161290322580645,113.0,0.0,0.0,22361833.0
HOWRAH(DISTRICT MAGISTRATE HOWRAH_IDA),2025Q3,45,5.544068044350276,0.7777777777777778,0.1111111111111111,135.0,0.0,0.0,24830934.0
HOWRAH(DISTRICT MAGISTRATE HOWRAH_IDA),2025Q4,122,5.544068044350276,0.9262295081967213,0.0,345.0,0.0,0.0,65286179.0
HOWRAH(DISTRICT MAGISTRATE HOWRAH_IDA),2026Q1,112,5.176091259055681,0.8928571428571429,0.0,345.0,0.0,0.0,37323883.0
HYDERABAD(DISTRICT COLLECTOR HYDERABAD_IDA),2021Q4,2,5.531478917042255,0.0,0.0,345.0,0.0,0.0,680000.0
HYDERABAD(DISTRICT COLLECTOR HYDERABAD_IDA),2023Q1,22,5.970252241801324,0.2727272727272727,0.3181818181818182,919.0,0.0,0.0,28611770.0
HYDERABAD(DISTRICT COLLECTOR HYDERABAD_IDA),2023Q2,8,5.778151250383644,0.625,0.25,989.0,0.0,0.0,7254568.0
HYDERABAD(DISTRICT COLLECTOR HYDERABAD_IDA),2023Q4,39,6.2552725051033065,0.23076923076923078,0.46153846153846156,765.0,0.0,0.0,95808448.0
HYDERABAD(DISTRICT COLLECTOR HYDERABAD_IDA),2024Q1,88,5.778151250383644,0.42045454545454547,0.3409090909090909,744.0,0.0,0.0,124539058.0
HYDERABAD(DISTRICT COLLECTOR HYDERABAD_IDA),2024Q4,32,5.99563519459755,0.09375,0.4375,466.0,0.0,0.0,37160000.0
HYDERABAD(DISTRICT COLLECTOR HYDERABAD_IDA),2025Q1,1,5.021160345139336,0.0,0.0,345.0,0.0,0.0,104993.0
HYDERABAD(DISTRICT COLLECTOR HYDERABAD_IDA),2025Q2,10,6.176091259055681,0.6,0.1,247.0,0.0,0.0,23885185.0
HYDERABAD(DISTRICT COLLECTOR HYDERABAD_IDA),2025Q3,32,6.213517756996305,0.4375,0.0,345.0,0.09375,0.0,50578000.0
HYDERABAD(DISTRICT COLLECTOR HYDERABAD_IDA),2025Q4,4,5.809989083524179,0.0,0.0,345.0,0.0,0.0,14443486.0
HYDERABAD(DISTRICT COLLECTOR HYDERABAD_IDA),2026Q1,34,5.731185707634,0.7941176470588235,0.0,345.0,0.23529411764705882,0.0,41647400.0
Hnahthial(Deputy Commissioner Hnahthial_IDA),2023Q4,1,5.698970004336019,1.0,0.0,345.0,0.0,0.0,500000.0
Hnahthial(Deputy Commissioner Hnahthial_IDA),2024Q1,2,5.8750612633917,1.0,0.0,345.0,0.0,0.0,1500000.0
Hnahthial(Deputy Commissioner Hnahthial_IDA),2025Q3,3,5.414973347970818,0.0,0.0,345.0,0.0,0.0,1500000.0
Hnahthial(Deputy Commissioner Hnahthial_IDA),2025Q4,1,5.698970004336019,1.0,0.0,345.0,0.0,0.0,500000.0
IDUKKI(DISTRICT COLLECTOR IDUKKI_IDA),2022Q4,1,5.584057442086913,0.0,1.0,1078.0,0.0,0.0,383758.0
IDUKKI(DISTRICT COLLECTOR IDUKKI_IDA),2023Q1,2,6.155861883456482,0.5,0.5,419.0,0.0,0.0,2863465.0
IDUKKI(DISTRICT COLLECTOR IDUKKI_IDA),2023Q2,3,5.638995139910712,0.0,1.0,939.0,0.0,0.0,1284629.0
IDUKKI(DISTRICT COLLECTOR IDUKKI_IDA),2023Q3,15,5.902652214736603,0.0,1.0,640.0,0.0,0.0,12137225.0
IDUKKI(DISTRICT COLLECTOR IDUKKI_IDA),2023Q4,17,5.698970004336019,0.17647058823529413,0.8235294117647058,567.5,0.0,0.0,19866741.0
IDUKKI(DISTRICT COLLECTOR IDUKKI_IDA),2024Q1,46,5.710131333423148,0.043478260869565216,0.9347826086956522,491.0,0.10869565217391304,0.021739130434782608,31865335.0
IDUKKI(DISTRICT COLLECTOR IDUKKI_IDA),2024Q2,1,7.176091259055681,1.0,0.0,345.0,0.0,0.0,15000000.0
IDUKKI(DISTRICT COLLECTOR IDUKKI_IDA),2024Q3,16,5.325767013459201,0.1875,0.8125,408.0,0.0,0.0,9746516.0
IDUKKI(DISTRICT COLLECTOR IDUKKI_IDA),2024Q4,17,5.333439213271459,0.23529411764705882,0.7647058823529411,448.0,0.0,0.0,7243262.0
IDUKKI(DISTRICT COLLECTOR IDUKKI_IDA),2025Q1,11,6.176091259055681,0.7272727272727273,0.18181818181818182,352.0,0.0,0.09090909090909091,21922770.0
IDUKKI(DISTRICT COLLECTOR IDUKKI_IDA),2025Q2,45,5.698970004336019,0.8444444444444444,0.15555555555555556,311.0,0.0,0.0,40210551.0
IDUKKI(DISTRICT COLLECTOR IDUKKI_IDA),2025Q3,16,5.720159303405957,0.9375,0.0,345.0,0.0,0.0,17430000.0
IDUKKI(DISTRICT COLLECTOR IDUKKI_IDA),2025Q4,7,5.845098040014257,0.8571428571428571,0.0,345.0,0.0,0.0,16930000.0
IDUKKI(DISTRICT COLLECTOR IDUKKI_IDA),2026Q1,6,5.779957051246906,0.6666666666666666,0.0,345.0,0.0,0.0,3785000.0
IMPHAL EAST(Deputy Commissioner Imphal East_IDA),2024Q1,23,6.3979400086720375,0.9565217391304348,0.0,345.0,0.0,0.0,120095962.0
IMPHAL EAST(Deputy Commissioner Imphal East_IDA),2024Q4,2,6.544068044350276,1.0,0.0,345.0,0.0,0.0,7000000.0
IMPHAL EAST(Deputy Commissioner Imphal East_IDA),2025Q1,12,6.544068044350276,1.0,0.0,345.0,0.0,0.0,46000000.0
IMPHAL EAST(Deputy Commissioner Imphal East_IDA),2025Q2,1,6.650307523131937,0.0,0.0,345.0,0.0,0.0,4470000.0
IMPHAL EAST(Deputy Commissioner Imphal East_IDA),2025Q3,2,6.67769818147451,0.5,0.0,345.0,0.0,0.0,9522000.0
IMPHAL EAST(Deputy Commissioner Imphal East_IDA),2025Q4,7,6.176091259055681,1.0,0.0,345.0,0.0,0.0,12500000.0
IMPHAL EAST(Deputy Commissioner Imphal East_IDA),2026Q1,1,5.778151250383644,1.0,0.0,345.0,0.0,0.0,600000.0
IMPHAL WEST(Deputy Commissioner Imphal West MPLADS_IDA),2024Q1,15,6.176091259055681,1.0,0.0,345.0,0.0,0.0,29850000.0
IMPHAL WEST(Deputy Commissioner Imphal West MPLADS_IDA),2024Q4,3,6.301029995663981,1.0,0.0,345.0,0.0,0.0,6000000.0
IMPHAL WEST(Deputy Commissioner Imphal West MPLADS_IDA),2025Q1,4,6.176091259055681,0.5,0.25,338.0,0.25,0.0,8901644.0
IMPHAL WEST(Deputy Commissioner Imphal West MPLADS_IDA),2025Q2,6,5.846769953537219,0.5,0.0,345.0,0.5,0.0,9705580.0
IMPHAL WEST(Deputy Commissioner Imphal West MPLADS_IDA),2025Q3,1,6.041392685158225,1.0,0.0,345.0,0.0,0.0,1100000.0
IMPHAL WEST(Deputy Commissioner Imphal West MPLADS_IDA),2025Q4,5,6.176091259055681,0.8,0.0,345.0,0.2,0.0,10749970.0
INDORE(DISTRICT COLLECTOR INDORE_IDA),2023Q2,2,5.5730527140011175,0.0,1.0,56.0,0.0,0.0,748312.0
INDORE(DISTRICT COLLECTOR INDORE_IDA),2023Q3,39,5.574807670905595,0.07692307692307693,0.9743589743589743,39.5,0.0,0.0,19354317.93
INDORE(DISTRICT COLLECTOR INDORE_IDA),2023Q4,63,5.5755249852803015,0.047619047619047616,0.9682539682539683,112.0,0.0,0.0,31911256.0
INDORE(DISTRICT COLLECTOR INDORE_IDA),2024Q1,160,5.393578703932212,0.01875,0.99375,121.0,0.08125,0.0125,52421980.99
INDORE(DISTRICT COLLECTOR INDORE_IDA),2024Q3,2,5.929378304507199,0.5,1.0,422.5,0.0,0.0,1699841.0
INDORE(DISTRICT COLLECTOR INDORE_IDA),2024Q4,13,5.904398497367428,0.15384615384615385,0.8461538461538461,348.0,0.5384615384615384,0.0,9866496.0
INDORE(DISTRICT COLLECTOR INDORE_IDA),2025Q1,149,5.477121254719663,0.348993288590604,0.6510067114093959,169.0,0.0,0.0,55759563.0
INDORE(DISTRICT COLLECTOR INDORE_IDA),2025Q2,32,5.27981746121771,0.125,0.90625,121.0,0.0,0.0,14243685.0
INDORE(DISTRICT COLLECTOR INDORE_IDA),2025Q3,79,5.634535709569654,0.3670886075949367,0.5949367088607594,229.0,0.0,0.0,39961225.0
INDORE(DISTRICT COLLECTOR INDORE_IDA),2025Q4,15,5.20197579793292,0.13333333333333333,0.6666666666666666,92.0,0.0,0.0,5162899.0
INDORE(DISTRICT COLLECTOR INDORE_IDA),2026Q1,50,5.698970004336019,0.48,0.0,345.0,0.06,0.0,32877507.0
JABALPUR(DISTRICT COLLECTOR JABALPUR_IDA),2023Q2,26,5.355068206348851,0.38461538461538464,0.46153846153846156,1023.0,0.0,0.0,6971912.0
JABALPUR(DISTRICT COLLECTOR JABALPUR_IDA),2023Q3,19,5.367355921026019,0.47368421052631576,0.5789473684210527,945.0,0.0,0.0,5786930.0
JABALPUR(DISTRICT COLLECTOR JABALPUR_IDA),2023Q4,371,5.301029995663981,0.6900269541778976,0.3638814016172507,921.0,0.5795148247978437,0.0,74684128.0
JABALPUR(DISTRICT COLLECTOR JABALPUR_IDA),2024Q1,32,5.812913356642856,0.5625,0.8125,800.0,0.15625,0.0,26462090.0
JABALPUR(DISTRICT COLLECTOR JABALPUR_IDA),2024Q2,2,6.176091259055681,1.0,1.0,652.0,0.0,0.0,3000000.0
JABALPUR(DISTRICT COLLECTOR JABALPUR_IDA),2024Q3,10,5.565843098055668,0.4,0.6,634.0,0.0,0.0,6850253.0
JABALPUR(DISTRICT COLLECTOR JABALPUR_IDA),2024Q4,14,5.079181246047625,0.14285714285714285,0.14285714285714285,497.0,0.0,0.0,3004732.0
JABALPUR(DISTRICT COLLECTOR JABALPUR_IDA),2025Q1,112,5.352182518111363,0.13392857142857142,0.25,386.0,0.017857142857142856,0.0,32402033.0
JABALPUR(DISTRICT COLLECTOR JABALPUR_IDA),2025Q2,52,5.361727836017593,0.36538461538461536,0.0,345.0,0.17307692307692307,0.0,25625824.0
JABALPUR(DISTRICT COLLECTOR JABALPUR_IDA),2025Q3,82,5.213315836175446,0.23170731707317074,0.0,345.0,0.5365853658536586,0.0,29256588.0
JABALPUR(DISTRICT COLLECTOR JABALPUR_IDA),2025Q4,16,5.366422957225972,0.5,0.0,345.0,0.0,0.0,4786000.0
JABALPUR(DISTRICT COLLECTOR JABALPUR_IDA),2026Q1,74,5.3979400086720375,0.7837837837837838,0.0,345.0,0.02702702702702703,0.0,22781716.0
JAGATSINGHAPUR(DISTRICT COLLECTOR JAGATSINGHPUR_IDA),2023Q4,19,5.301029995663981,1.0,0.15789473684210525,784.0,0.0,0.0,4600000.0
JAGATSINGHAPUR(DISTRICT COLLECTOR JAGATSINGHPUR_IDA),2024Q1,233,5.301029995663981,0.9699570815450643,0.4291845493562232,715.0,0.0,0.0,59874123.0
JAGATSINGHAPUR(DISTRICT COLLECTOR JAGATSINGHPUR_IDA),2024Q3,1,5.79415819222837,0.0,1.0,509.0,0.0,0.0,622527.0
JAGATSINGHAPUR(DISTRICT COLLECTOR JAGATSINGHPUR_IDA),2024Q4,4,5.903089986991944,1.0,0.0,345.0,0.0,0.0,3150000.0
JAGATSINGHAPUR(DISTRICT COLLECTOR JAGATSINGHPUR_IDA),2025Q1,19,5.3979400086720375,1.0,0.05263157894736842,385.0,0.5789473684210527,0.0,5700000.0
JAGATSINGHAPUR(DISTRICT COLLECTOR JAGATSINGHPUR_IDA),2025Q2,29,5.477121254719663,1.0,0.0,345.0,0.27586206896551724,0.0,10900000.0
JAGATSINGHAPUR(DISTRICT COLLECTOR JAGATSINGHPUR_IDA),2025Q3,53,5.6020599913279625,1.0,0.0,345.0,0.0,0.0,21500000.0
JAGATSINGHAPUR(DISTRICT COLLECTOR JAGATSINGHPUR_IDA),2025Q4,24,5.698970004336019,1.0,0.0,345.0,0.0,0.0,13150000.0
JAGATSINGHAPUR(DISTRICT COLLECTOR JAGATSINGHPUR_IDA),2026Q1,19,5.698970004336019,1.0,0.0,345.0,0.0,0.0,8500000.0
JAIPUR(DISTRICT COLLECTOR JAIPUR_IDA),2023Q3,192,5.844577505441699,0.6458333333333334,0.453125,826.0,0.08854166666666667,0.0,156730529.0
JAIPUR(DISTRICT COLLECTOR JAIPUR_IDA),2023Q4,42,5.698970004336019,0.7619047619047619,0.23809523809523808,803.5,0.0,0.0,28523043.0
JAIPUR(DISTRICT COLLECTOR JAIPUR_IDA),2024Q1,13,5.889379028058824,0.5384615384615384,0.38461538461538464,676.0,0.0,0.0,10468928.0
JAIPUR(DISTRICT COLLECTOR JAIPUR_IDA),2024Q3,6,6.096910013008056,0.8333333333333334,0.16666666666666666,524.0,0.0,0.0,9058307.0
JAIPUR(DISTRICT COLLECTOR JAIPUR_IDA),2024Q4,3,5.8381864437286675,0.6666666666666666,0.0,345.0,0.0,0.0,2188948.0
JAIPUR(DISTRICT COLLECTOR JAIPUR_IDA),2025Q1,9,6.113943352306837,1.0,0.0,345.0,0.0,0.0,11050000.0
JAIPUR(DISTRICT COLLECTOR JAIPUR_IDA),2025Q2,12,6.0,0.75,0.16666666666666666,257.5,0.0,0.0,21503256.0
JAIPUR(DISTRICT COLLECTOR JAIPUR_IDA),2025Q3,28,6.0,0.7142857142857143,0.21428571428571427,165.0,0.25,0.0,34893901.0
JAIPUR(DISTRICT COLLECTOR JAIPUR_IDA),2025Q4,19,6.0,0.8421052631578947,0.15789473684210525,62.0,0.0,0.0,23078571.0
JAIPUR(DISTRICT COLLECTOR JAIPUR_IDA),2026Q1,53,5.698970004336019,0.5283018867924528,0.0,345.0,0.49056603773584906,0.0,35305000.0
JAISALMER(DISTRICT COLLECTOR JAISLAMER_IDA),2023Q3,63,5.698970004336019,0.8888888888888888,0.7619047619047619,227.0,0.0,0.0,42698076.0
JAISALMER(DISTRICT COLLECTOR JAISLAMER_IDA),2023Q4,3,5.698970004336019,1.0,0.0,345.0,0.0,0.0,1800000.0
JAISALMER(DISTRICT COLLECTOR JAISLAMER_IDA),2024Q1,40,5.698970004336019,0.925,0.375,167.0,0.0,0.0,26296692.0
JAISALMER(DISTRICT COLLECTOR JAISLAMER_IDA),2024Q3,22,6.0,0.9545454545454546,0.5909090909090909,619.0,0.0,0.0,24898000.0
JAISALMER(DISTRICT COLLECTOR JAISLAMER_IDA),2024Q4,10,6.096282438558308,0.6,0.7,526.0,0.0,0.0,11946794.0
JAISALMER(DISTRICT COLLECTOR JAISLAMER_IDA),2025Q1,26,5.698970004336019,0.5,0.5,434.0,0.07692307692307693,0.0,15140851.0
JAISALMER(DISTRICT COLLECTOR JAISLAMER_IDA),2025Q2,18,6.0,0.9444444444444444,0.1111111111111111,299.5,0.05555555555555555,0.0,18891822.0
JAISALMER(DISTRICT COLLECTOR JAISLAMER_IDA),2025Q3,19,6.0,0.8421052631578947,0.21052631578947367,252.0,0.0,0.0,21862103.0
JAISALMER(DISTRICT COLLECTOR JAISLAMER_IDA),2025Q4,4,5.929385458202952,0.75,0.25,159.0,0.75,0.0,3999869.0
JAISALMER(DISTRICT COLLECTOR JAISLAMER_IDA),2026Q1,5,6.0,1.0,0.0,345.0,0.0,0.0,4500000.0
JAJAPUR(DISTRICT COLLECTOR JAJPUR_IDA),2023Q3,142,5.477121254719663,0.6971830985915493,0.06338028169014084,886.0,0.18309859154929578,0.0,66499718.0
JAJAPUR(DISTRICT COLLECTOR JAJPUR_IDA),2023Q4,52,6.0,0.6153846153846154,0.0,345.0,0.0,0.0,32749874.0
JAJAPUR(DISTRICT COLLECTOR JAJPUR_IDA),2024Q1,52,5.17607388692896,0.19230769230769232,0.0,345.0,0.0,0.0,22249748.0
JAJAPUR(DISTRICT COLLECTOR JAJPUR_IDA),2024Q3,1,6.0,1.0,0.0,345.0,0.0,0.0,1000000.0
JAJAPUR(DISTRICT COLLECTOR JAJPUR_IDA),2025Q1,7,5.698970004336019,1.0,0.0,345.0,0.0,0.0,3250000.0
JAJAPUR(DISTRICT COLLECTOR JAJPUR_IDA),2025Q2,25,5.3979400086720375,0.96,0.0,345.0,0.0,0.0,7740000.0
JAJAPUR(DISTRICT COLLECTOR JAJPUR_IDA),2025Q3,19,5.6020599913279625,1.0,0.0,345.0,0.0,0.0,8000000.0
JAJAPUR(DISTRICT COLLECTOR JAJPUR_IDA),2025Q4,25,5.698970004336019,1.0,0.0,345.0,0.0,0.0,12200000.0
JAJAPUR(DISTRICT COLLECTOR JAJPUR_IDA),2026Q1,80,5.698970004336019,1.0,0.0,345.0,0.0,0.0,40500000.0
JALANDHAR(DEPUTY COMMISSIONER JALANDHAR_IDA),2023Q3,7,5.3979400086720375,0.7142857142857143,1.0,881.0,0.0,0.0,2499690.0
JALANDHAR(DEPUTY COMMISSIONER JALANDHAR_IDA),2023Q4,120,5.477121254719663,0.39166666666666666,0.7916666666666666,679.0,0.16666666666666666,0.0,50439302.0
JALANDHAR(DEPUTY COMMISSIONER JALANDHAR_IDA),2024Q1,38,5.477121254719663,0.5789473684210527,0.6842105263157895,700.5,0.3157894736842105,0.0,20240259.0
JALANDHAR(DEPUTY COMMISSIONER JALANDHAR_IDA),2024Q3,23,5.6657694883144,0.043478260869565216,0.9565217391304348,366.0,0.34782608695652173,0.0,13077268.52
JALANDHAR(DEPUTY COMMISSIONER JALANDHAR_IDA),2024Q4,4,6.044452932013074,0.0,1.0,379.5,0.0,0.0,11489765.0
JALANDHAR(DEPUTY COMMISSIONER JALANDHAR_IDA),2025Q1,61,5.544068044350276,0.4426229508196721,0.5245901639344263,349.5,0.2786885245901639,0.0,26417051.0
JALANDHAR(DEPUTY COMMISSIONER JALANDHAR_IDA),2025Q2,95,5.477121254719663,0.5368421052631579,0.37894736842105264,240.5,0.2736842105263158,0.0,34864382.0
JALANDHAR(DEPUTY COMMISSIONER JALANDHAR_IDA),2025Q3,70,5.166655047952801,0.3142857142857143,0.5,236.0,0.5571428571428572,0.0,18175078.0
JALANDHAR(DEPUTY COMMISSIONER JALANDHAR_IDA),2025Q4,16,5.55497345833324,0.4375,0.0625,168.0,0.5625,0.0,12075457.0
JALANDHAR(DEPUTY COMMISSIONER JALANDHAR_IDA),2026Q1,21,5.698970004336019,0.6666666666666666,0.0,345.0,0.0,0.0,38704175.0
JALAUN(DISTRICT MAGISTRATE JALAUN_IDA),2024Q1,59,6.061452479087193,0.01694915254237288,0.2033898305084746,716.5,0.0,0.0,67655593.0
JALAUN(DISTRICT MAGISTRATE JALAUN_IDA),2024Q3,115,5.385606273598312,0.0,0.0,345.0,1.0,0.0,27945000.0
JALAUN(DISTRICT MAGISTRATE JALAUN_IDA),2024Q4,26,5.300027791398538,0.0,0.0,345.0,1.0,0.0,5188014.0
JALAUN(DISTRICT MAGISTRATE JALAUN_IDA),2025Q2,21,5.831182931029227,0.0,0.0,345.0,1.0,0.0,14236467.0
JALAUN(DISTRICT MAGISTRATE JALAUN_IDA),2025Q3,1,5.21360540391849,0.0,0.0,345.0,0.0,0.0,163533.0
JALAUN(DISTRICT MAGISTRATE JALAUN_IDA),2026Q1,30,5.903089986991944,0.5333333333333333,0.0,345.0,0.0,0.0,27519000.0
JALGAON(DISTRICT COLLECTOR JALGAON_IDA),2022Q1,27,5.878130984464996,0.14814814814814814,0.9629629629629629,1479.5,0.0,0.0,24223258.0
JALGAON(DISTRICT COLLECTOR JALGAON_IDA),2023Q1,28,5.231431358599862,0.0,1.0,1068.0,0.0,0.0,6923358.0
JALGAON(DISTRICT COLLECTOR JALGAON_IDA),2023Q2,35,5.998966888487918,0.22857142857142856,0.9428571428571428,936.0,0.0,0.0,40841181.0
JALGAON(DISTRICT COLLECTOR JALGAON_IDA),2023Q4,45,5.632153483510633,0.08888888888888889,0.6222222222222222,636.0,0.0,0.0,23746757.0
JALGAON(DISTRICT COLLECTOR JALGAON_IDA),2024Q1,108,5.844849800806639,0.037037037037037035,0.7314814814814815,629.0,0.0,0.0,64944017.0
JALGAON(DISTRICT COLLECTOR JALGAON_IDA),2024Q3,1,6.477110831527018,0.0,0.0,345.0,0.0,0.0,2999928.0
JALGAON(DISTRICT COLLECTOR JALGAON_IDA),2024Q4,8,6.175767733957357,0.25,0.75,352.5,0.0,0.0,12041109.0
JALGAON(DISTRICT COLLECTOR JALGAON_IDA),2025Q1,4,6.2999599884669335,0.5,0.5,381.0,0.0,0.0,9904893.0
JALGAON(DISTRICT COLLECTOR JALGAON_IDA),2025Q3,5,6.301029995663981,0.8,0.0,345.0,0.0,0.0,8130000.0
JALNA(DISTRICT COLLECTOR JALNA_IDA),2023Q3,11,5.8444771757456815,0.36363636363636365,0.09090909090909091,718.0,0.0,0.0,7578675.0
JALNA(DISTRICT COLLECTOR JALNA_IDA),2023Q4,43,5.999565488225982,0.16279069767441862,0.046511627906976744,212.0,0.0,0.0,38140688.0
JALNA(DISTRICT COLLECTOR JALNA_IDA),2024Q1,27,5.8444771757456815,0.18518518518518517,0.037037037037037035,147.0,0.0,0.0,20061299.0
JALNA(DISTRICT COLLECTOR JALNA_IDA),2024Q3,21,6.0,0.5714285714285714,0.0,345.0,0.0,0.0,19991000.0
JALNA(DISTRICT COLLECTOR JALNA_IDA),2024Q4,10,6.0,1.0,0.0,345.0,0.0,0.0,8600000.0
JALNA(DISTRICT COLLECTOR JALNA_IDA),2025Q1,24,6.0,1.0,0.0,345.0,0.0,0.0,23500000.0
JALNA(DISTRICT COLLECTOR JALNA_IDA),2025Q3,1,6.0,1.0,0.0,345.0,0.0,0.0,1000000.0
JALNA(DISTRICT COLLECTOR JALNA_IDA),2025Q4,6,5.929418925714293,1.0,0.0,345.0,0.0,0.0,5400000.0
JALNA(DISTRICT COLLECTOR JALNA_IDA),2026Q1,1,6.0,1.0,0.0,345.0,0.0,0.0,1000000.0
JALORE(DISTRICT COLLECTOR JALORE_IDA),2023Q3,2,6.369586890736344,0.0,0.0,345.0,0.0,0.0,4684000.0
JALORE(DISTRICT COLLECTOR JALORE_IDA),2024Q1,39,5.698970004336019,0.15384615384615385,0.41025641025641024,500.5,0.0,0.0,26241243.0
JALORE(DISTRICT COLLECTOR JALORE_IDA),2024Q4,2,5.698937865355201,0.0,0.0,345.0,0.0,0.0,999926.0
JALORE(DISTRICT COLLECTOR JALORE_IDA),2025Q1,19,5.954158537721963,0.10526315789473684,0.3157894736842105,168.0,0.0,0.0,14873654.0
JALORE(DISTRICT COLLECTOR JALORE_IDA),2025Q2,12,5.7596678446896306,0.5,0.08333333333333333,350.0,0.0,0.0,7047798.0
JALORE(DISTRICT COLLECTOR JALORE_IDA),2025Q3,23,5.7743147344971435,0.30434782608695654,0.21739130434782608,174.0,0.0,0.0,14149654.0
JALORE(DISTRICT COLLECTOR JALORE_IDA),2025Q4,8,5.698827966816036,0.5,0.0,345.0,0.0,0.0,3654263.0
JALORE(DISTRICT COLLECTOR JALORE_IDA),2026Q1,10,5.653164256151881,0.2,0.0,345.0,0.0,0.0,4288729.0
JALPAIGURI(DISTRICT MAGISTRATE JALPAIGURI_IDA),2023Q4,37,5.543775107012501,0.0,0.0,345.0,0.9459459459459459,0.0,16093222.0
JALPAIGURI(DISTRICT MAGISTRATE JALPAIGURI_IDA),2024Q1,39,6.057883576984733,0.10256410256410256,0.1282051282051282,706.0,0.0,0.0,74318608.0
JALPAIGURI(DISTRICT MAGISTRATE JALPAIGURI_IDA),2025Q2,7,6.323410521707046,0.0,0.0,345.0,0.0,0.0,14261523.0
JALPAIGURI(DISTRICT MAGISTRATE JALPAIGURI_IDA),2025Q3,12,6.421711088971476,0.08333333333333333,0.0,345.0,0.0,0.0,34775226.0
JALPAIGURI(DISTRICT MAGISTRATE JALPAIGURI_IDA),2025Q4,7,6.27533992257606,0.0,0.0,345.0,0.0,0.0,20927903.0
JALPAIGURI(DISTRICT MAGISTRATE JALPAIGURI_IDA),2026Q1,5,6.317140732680409,0.2,0.0,345.0,0.0,0.0,9927406.0
JAMMU(DEPUTY COMMISSIONER JAMMU_IDA),2023Q3,29,5.595496221825574,0.20689655172413793,0.7586206896551724,498.0,0.0,0.0,18083495.0
JAMMU(DEPUTY COMMISSIONER JAMMU_IDA),2023Q4,33,5.673389578188305,0.21212121212121213,0.8181818181818182,442.0,0.0,0.0,16950607.0
JAMMU(DEPUTY COMMISSIONER JAMMU_IDA),2024Q1,15,5.551449997972875,0.4,0.6,662.0,0.0,0.0,5520200.0
JAMMU(DEPUTY COMMISSIONER JAMMU_IDA),2024Q4,8,5.697229342759718,0.5,0.5,435.5,0.0,0.0,8803394.0
JAMMU(DEPUTY COMMISSIONER JAMMU_IDA),2025Q1,18,5.477121254719663,0.6111111111111112,0.3888888888888889,359.0,0.0,0.0,9423183.0
JAMMU(DEPUTY COMMISSIONER JAMMU_IDA),2025Q2,47,5.6020599913279625,0.7872340425531915,0.19148936170212766,300.0,0.0,0.0,25325472.0
JAMMU(DEPUTY COMMISSIONER JAMMU_IDA),2025Q3,17,5.6020599913279625,0.8235294117647058,0.058823529411764705,231.0,0.0,0.0,10739010.0
JAMMU(DEPUTY COMMISSIONER JAMMU_IDA),2025Q4,18,5.698970004336019,0.9444444444444444,0.05555555555555555,65.0,0.0,0.0,9808448.0
JAMMU(DEPUTY COMMISSIONER JAMMU_IDA),2026Q1,46,5.6020599913279625,0.9782608695652174,0.0,345.0,0.0,0.0,23080000.0
JAMNAGAR(DISTRICT COLLECTOR JAMNAGAR_IDA),2024Q1,187,5.477093748531437,0.5347593582887701,0.5294117647058824,557.0,0.0,0.0,59010465.0
JAMNAGAR(DISTRICT COLLECTOR JAMNAGAR_IDA),2024Q3,2,5.600382550752127,0.5,0.5,470.0,0.0,0.0,796916.0
JAMNAGAR(DISTRICT COLLECTOR JAMNAGAR_IDA),2024Q4,4,5.65233193404181,0.75,0.25,261.0,0.0,0.0,1798177.0
JAMNAGAR(DISTRICT COLLECTOR JAMNAGAR_IDA),2025Q1,10,5.698970004336019,0.9,0.1,455.0,0.0,0.0,5149312.0
JAMNAGAR(DISTRICT COLLECTOR JAMNAGAR_IDA),2025Q2,53,5.6020599913279625,0.8113207547169812,0.16981132075471697,353.0,0.1320754716981132,0.0,23397923.0
JAMNAGAR(DISTRICT COLLECTOR JAMNAGAR_IDA),2025Q3,4,5.698970004336019,1.0,0.0,345.0,0.0,0.0,1900000.0
JAMNAGAR(DISTRICT COLLECTOR JAMNAGAR_IDA),2025Q4,10,5.698970004336019,0.8,0.2,187.0,0.0,0.0,5545289.0
JAMNAGAR(DISTRICT COLLECTOR JAMNAGAR_IDA),2026Q1,2,5.845098040014257,1.0,0.0,345.0,0.0,0.0,1400000.0
JAMTARA(Deputy Commissioner Jamtara_IDA),2024Q1,114,5.3979400086720375,1.0,0.9122807017543859,212.0,0.0,0.0,30500000.0
JAMTARA(Deputy Commissioner Jamtara_IDA),2024Q3,1,6.0,1.0,0.0,345.0,0.0,0.0,1000000.0
JAMTARA(Deputy Commissioner Jamtara_IDA),2025Q1,41,5.477121254719663,1.0,0.8780487804878049,83.0,0.0,0.0,12750000.0
JAMTARA(Deputy Commissioner Jamtara_IDA),2025Q2,40,5.3979400086720375,1.0,0.0,345.0,0.0,0.0,10000000.0
JAMTARA(Deputy Commissioner Jamtara_IDA),2025Q4,50,5.3979400086720375,1.0,0.0,345.0,0.04,0.0,14150000.0
JAMUI(DISTRICT PLANNING OFFICER JAMUI_IDA),2023Q4,167,4.360309344342059,0.0,1.0,628.0,0.0,0.0,29492472.0
JAMUI(DISTRICT PLANNING OFFICER JAMUI_IDA),2024Q1,3,5.691589787887873,0.0,1.0,591.0,0.0,0.0,3013934.0
JAMUI(DISTRICT PLANNING OFFICER JAMUI_IDA),2024Q3,3,5.718028107892527,0.0,0.6666666666666666,550.0,0.6666666666666666,0.0,1568779.0
JAMUI(DISTRICT PLANNING OFFICER JAMUI_IDA),2024Q4,10,5.999444181836112,0.0,1.0,415.0,1.0,0.0,9987210.0
JAMUI(DISTRICT PLANNING OFFICER JAMUI_IDA),2025Q2,59,5.0,0.847457627118644,1.0,232.0,0.8135593220338984,0.0,24233688.0
JAMUI(DISTRICT PLANNING OFFICER JAMUI_IDA),2025Q3,9,5.597372635424319,0.0,1.0,171.0,0.0,0.0,3717463.0
JAMUI(DISTRICT PLANNING OFFICER JAMUI_IDA),2025Q4,9,6.230448921378274,0.7777777777777778,0.7777777777777778,103.0,0.6666666666666666,0.0,12228051.0
JAMUI(DISTRICT PLANNING OFFICER JAMUI_IDA),2026Q1,87,5.397922636545316,0.0,1.0,100.0,0.9885057471264368,0.0,30488448.0
JANGOAN(DISTRICT COLLECTOR JANGAON_IDA),2023Q3,9,5.53655844257153,0.2222222222222222,0.2222222222222222,670.0,0.0,0.0,3518000.0
JANGOAN(DISTRICT COLLECTOR JANGAON_IDA),2023Q4,35,5.53655844257153,0.34285714285714286,0.0,345.0,0.0,0.0,14220000.0
JANGOAN(DISTRICT COLLECTOR JANGAON_IDA),2024Q1,54,5.69810054562339,0.2222222222222222,0.05555555555555555,493.0,0.0,0.0,20273422.0
JANGOAN(DISTRICT COLLECTOR JANGAON_IDA),2024Q4,76,5.0,0.6052631578947368,0.0,345.0,0.0,0.0,10698000.0
JANGOAN(DISTRICT COLLECTOR JANGAON_IDA),2025Q1,37,5.301029995663981,0.8648648648648649,0.05405405405405406,179.0,0.0,0.0,11404498.0
JANGOAN(DISTRICT COLLECTOR JANGAON_IDA),2025Q2,30,5.301029995663981,0.7333333333333333,0.0,345.0,0.6666666666666666,0.0,6636507.0
JANGOAN(DISTRICT COLLECTOR JANGAON_IDA),2025Q3,22,6.0,0.6818181818181818,0.0,345.0,0.0,0.0,14578000.0
JANGOAN(DISTRICT COLLECTOR JANGAON_IDA),2025Q4,2,5.113943352306837,0.0,0.0,345.0,0.0,0.0,260000.0
JANGOAN(DISTRICT COLLECTOR JANGAON_IDA),2026Q1,6,5.176091259055681,1.0,0.0,345.0,0.3333333333333333,0.0,900000.0
JANJGIR-CHAMPA(DISTRICT COLLECTOR JANJGIR CHAMPA_IDA),2023Q3,10,5.698970004336019,0.3,1.0,120.0,0.0,0.0,6233575.0
JANJGIR-CHAMPA(DISTRICT COLLECTOR JANJGIR CHAMPA_IDA),2023Q4,42,5.3979400086720375,0.5238095238095238,1.0,124.0,0.0,0.0,10298760.0
JANJGIR-CHAMPA(DISTRICT COLLECTOR JANJGIR CHAMPA_IDA),2024Q1,4,5.999782798454135,0.5,1.0,524.0,0.0,0.0,3498636.0
JANJGIR-CHAMPA(DISTRICT COLLECTOR JANJGIR CHAMPA_IDA),2024Q3,12,5.996623514848569,0.16666666666666666,1.0,101.0,0.0,0.0,10551990.0
JANJGIR-CHAMPA(DISTRICT COLLECTOR JANJGIR CHAMPA_IDA),2024Q4,19,5.6959192528314,0.2631578947368421,1.0,246.0,0.631578947368421,0.0,10656501.0
JANJGIR-CHAMPA(DISTRICT COLLECTOR JANJGIR CHAMPA_IDA),2025Q1,14,5.698970004336019,1.0,1.0,231.0,0.0,0.0,7000000.0
JANJGIR-CHAMPA(DISTRICT COLLECTOR JANJGIR CHAMPA_IDA),2025Q2,11,5.301029995663981,0.9090909090909091,1.0,243.0,0.0,0.0,2974953.0
JANJGIR-CHAMPA(DISTRICT COLLECTOR JANJGIR CHAMPA_IDA),2025Q3,21,5.994110296518118,0.42857142857142855,0.6190476190476191,102.0,0.0,0.0,17976055.0
JANJGIR-CHAMPA(DISTRICT COLLECTOR JANJGIR CHAMPA_IDA),2025Q4,12,6.0,1.0,0.0,345.0,0.0,0.0,11500000.0
JANJGIR-CHAMPA(DISTRICT COLLECTOR JANJGIR CHAMPA_IDA),2026Q1,2,5.698970004336019,1.0,0.0,345.0,0.0,0.0,1000000.0
JASHPUR(DISTRICT COLLECTOR JASHPUR_IDA),2023Q3,18,5.653120337053975,0.6111111111111112,0.8888888888888888,845.0,0.0,0.0,7133920.0
JASHPUR(DISTRICT COLLECTOR JASHPUR_IDA),2023Q4,31,5.845098040014257,0.4838709677419355,0.9354838709677419,776.0,0.06451612903225806,0.0,25766081.0
JASHPUR(DISTRICT COLLECTOR JASHPUR_IDA),2024Q3,22,5.6958825133756505,0.0,1.0,486.0,0.5909090909090909,0.0,11925162.0
JASHPUR(DISTRICT COLLECTOR JASHPUR_IDA),2024Q4,18,5.903089986991944,0.4444444444444444,0.8888888888888888,429.5,0.4444444444444444,0.0,15396415.0
JASHPUR(DISTRICT COLLECTOR JASHPUR_IDA),2025Q2,20,6.041269091052561,0.5,0.65,213.0,0.15,0.0,23747098.0
JASHPUR(DISTRICT COLLECTOR JASHPUR_IDA),2025Q3,5,5.9998644789792674,0.4,0.8,180.5,0.4,0.0,4798936.0
JASHPUR(DISTRICT COLLECTOR JASHPUR_IDA),2025Q4,1,6.176091259055681,1.0,0.0,345.0,0.0,0.0,1500000.0
JASHPUR(DISTRICT COLLECTOR JASHPUR_IDA),2026Q1,2,6.0211595178558115,0.5,0.0,345.0,0.0,0.0,2099856.0
JAUNPUR(DISTRICT MAGISTRATE JAUNPUR_IDA),2023Q3,367,5.2502467379296265,0.005449591280653951,0.997275204359673,799.0,0.7438692098092643,0.0,116764747.64
JAUNPUR(DISTRICT MAGISTRATE JAUNPUR_IDA),2023Q4,316,4.401176442169203,0.012658227848101266,0.9968354430379747,285.0,0.9177215189873418,0.0,43106498.0
JAUNPUR(DISTRICT MAGISTRATE JAUNPUR_IDA),2024Q1,83,5.250420002308894,0.0,0.40963855421686746,239.5,0.3493975903614458,0.0,15352999.0
JAUNPUR(DISTRICT MAGISTRATE JAUNPUR_IDA),2024Q3,60,5.837227217643856,0.06666666666666667,0.7,325.0,0.0,0.0,41967414.0
JAUNPUR(DISTRICT MAGISTRATE JAUNPUR_IDA),2024Q4,513,4.320146286111054,0.001949317738791423,0.9707602339181286,439.0,0.0,0.0,29938413.0
JAUNPUR(DISTRICT MAGISTRATE JAUNPUR_IDA),2025Q1,542,4.320146286111054,0.007380073800738007,0.04059040590405904,245.0,0.03136531365313653,0.0,28588804.0
JAUNPUR(DISTRICT MAGISTRATE JAUNPUR_IDA),2025Q2,392,4.320146286111054,0.03826530612244898,0.19642857142857142,212.0,0.030612244897959183,0.0,66562553.0
JAUNPUR(DISTRICT MAGISTRATE JAUNPUR_IDA),2025Q3,430,4.297869891399902,0.0069767441860465115,0.0069767441860465115,199.0,0.05581395348837209,0.0,48168178.0
JAUNPUR(DISTRICT MAGISTRATE JAUNPUR_IDA),2025Q4,36,5.9793206973820245,0.1111111111111111,0.027777777777777776,90.0,0.0,0.0,43398724.0
JAUNPUR(DISTRICT MAGISTRATE JAUNPUR_IDA),2026Q1,14,5.508529718971286,0.42857142857142855,0.07142857142857142,63.0,0.0,0.0,17602000.0
JAYASHANKAR BHUPALAPALLY(DISTRICT COLLECTOR JAYASHANKAR BHUPALPALLY_IDA),2023Q1,2,4.698970004336019,1.0,0.0,345.0,0.0,0.0,100000.0
JAYASHANKAR BHUPALAPALLY(DISTRICT COLLECTOR JAYASHANKAR BHUPALPALLY_IDA),2023Q3,10,5.211483636968203,0.0,1.0,140.0,0.0,0.0,1627501.0
JAYASHANKAR BHUPALAPALLY(DISTRICT COLLECTOR JAYASHANKAR BHUPALPALLY_IDA),2024Q1,11,5.523680147321244,0.18181818181818182,0.8181818181818182,575.0,0.0,0.0,4462617.0
JAYASHANKAR BHUPALAPALLY(DISTRICT COLLECTOR JAYASHANKAR BHUPALPALLY_IDA),2024Q4,12,5.574031267727719,1.0,0.0,345.0,0.0,0.0,4250000.0
JAYASHANKAR BHUPALAPALLY(DISTRICT COLLECTOR JAYASHANKAR BHUPALPALLY_IDA),2025Q1,4,5.301029995663981,1.0,0.0,345.0,0.0,0.0,800000.0
JAYASHANKAR BHUPALAPALLY(DISTRICT COLLECTOR JAYASHANKAR BHUPALPALLY_IDA),2025Q2,1,5.690196080028514,0.0,0.0,345.0,0.0,0.0,490000.0
JAYASHANKAR BHUPALAPALLY(DISTRICT COLLECTOR JAYASHANKAR BHUPALPALLY_IDA),2026Q1,2,5.690195636870653,0.0,0.0,345.0,0.0,0.0,979999.0
JEHANABAD(DISTRICT PLANNING OFFICER JEHANABAD_IDA),2023Q3,56,5.472618242720754,0.017857142857142856,0.9821428571428571,692.0,0.17857142857142858,0.0,22046646.0
JEHANABAD(DISTRICT PLANNING OFFICER JEHANABAD_IDA),2023Q4,10,5.93601079571521,0.2,0.8,653.0,0.4,0.0,7527402.0
JEHANABAD(DISTRICT PLANNING OFFICER JEHANABAD_IDA),2024Q1,21,5.473632926873841,0.09523809523809523,0.9047619047619048,544.0,0.0,0.0,8807782.0
JEHANABAD(DISTRICT PLANNING OFFICER JEHANABAD_IDA),2024Q3,5,5.724275869600789,0.0,0.0,345.0,1.0,0.0,2650000.0
JEHANABAD(DISTRICT PLANNING OFFICER JEHANABAD_IDA),2024Q4,1,4.919078092376074,0.0,0.0,345.0,0.0,0.0,83000.0
JEHANABAD(DISTRICT PLANNING OFFICER JEHANABAD_IDA),2025Q2,1,5.724275869600789,0.0,0.0,345.0,0.0,0.0,530000.0
JEHANABAD(DISTRICT PLANNING OFFICER JEHANABAD_IDA),2025Q3,90,5.477121254719663,0.7111111111111111,0.03333333333333333,193.0,0.0,0.0,33829332.0
JEHANABAD(DISTRICT PLANNING OFFICER JEHANABAD_IDA),2025Q4,22,5.8061799739838875,0.0,0.045454545454545456,141.0,0.0,0.0,16300100.0
JEHANABAD(DISTRICT PLANNING OFFICER JEHANABAD_IDA),2026Q1,19,5.803457115648414,0.0,0.10526315789473684,65.0,0.0,0.0,17583000.0
JHABUA(DISTRICT COLLECTOR JHABUA_IDA),2023Q3,1,5.698970004336019,1.0,1.0,788.0,0.0,0.0,500000.0
JHABUA(DISTRICT COLLECTOR JHABUA_IDA),2023Q4,15,5.698970004336019,0.9333333333333333,0.7333333333333333,738.0,0.7333333333333333,0.0,6918000.0
JHABUA(DISTRICT COLLECTOR JHABUA_IDA),2024Q1,32,5.698970004336019,0.6875,0.59375,620.0,0.59375,0.0,34328024.0
JHABUA(DISTRICT COLLECTOR JHABUA_IDA),2025Q1,22,5.698970004336019,0.36363636363636365,0.22727272727272727,283.0,0.0,0.0,12482389.0
JHABUA(DISTRICT COLLECTOR JHABUA_IDA),2025Q3,11,5.20197579793292,0.09090909090909091,0.0,345.0,0.7272727272727273,0.0,1842120.0
JHABUA(DISTRICT COLLECTOR JHABUA_IDA),2026Q1,38,5.20197579793292,0.0,0.0,345.0,0.0,0.0,9543348.0
JHAJJAR(DEPUTY COMMISSIONER cum NODAL OFFICER MPLADS JHAJJAR),2023Q3,12,5.698970004336019,0.25,0.75,836.0,0.0,0.0,8814520.0
JHAJJAR(DEPUTY COMMISSIONER cum NODAL OFFICER MPLADS JHAJJAR),2023Q4,73,5.698970004336019,0.4520547945205479,0.5068493150684932,579.0,0.0,0.0,42233784.0
JHAJJAR(DEPUTY COMMISSIONER cum NODAL OFFICER MPLADS JHAJJAR),2024Q1,3,5.698167555834371,0.3333333333333333,0.6666666666666666,528.0,0.0,0.0,1398577.0
JHAJJAR(DEPUTY COMMISSIONER cum NODAL OFFICER MPLADS JHAJJAR),2024Q3,18,5.698970004336019,0.6111111111111112,0.3888888888888889,515.0,0.16666666666666666,0.0,11972221.0
JHAJJAR(DEPUTY COMMISSIONER cum NODAL OFFICER MPLADS JHAJJAR),2024Q4,5,6.041392685158225,1.0,0.0,345.0,0.2,0.0,4450000.0
JHAJJAR(DEPUTY COMMISSIONER cum NODAL OFFICER MPLADS JHAJJAR),2025Q1,13,5.698970004336019,0.3076923076923077,0.7692307692307693,353.0,0.0,0.0,9532936.0
JHAJJAR(DEPUTY COMMISSIONER cum NODAL OFFICER MPLADS JHAJJAR),2025Q2,5,5.900613978119522,0.8,0.4,348.5,0.0,0.0,3295452.0
JHAJJAR(DEPUTY COMMISSIONER cum NODAL OFFICER MPLADS JHAJJAR),2025Q3,18,5.698970004336019,0.9444444444444444,0.0,345.0,0.0,0.0,10980000.0
JHAJJAR(DEPUTY COMMISSIONER cum NODAL OFFICER MPLADS JHAJJAR),2025Q4,10,5.698970004336019,0.9,0.1,220.0,0.0,0.0,5689378.0
JHALAWAR(DISTRICT COLLECTOR JHALAWAR_IDA),2023Q3,160,5.2413970416496465,0.1,0.8,988.0,0.0,0.0,44190977.0
JHALAWAR(DISTRICT COLLECTOR JHALAWAR_IDA),2023Q4,2,5.698595915718831,0.5,0.5,931.0,0.0,0.0,999139.0
JHALAWAR(DISTRICT COLLECTOR JHALAWAR_IDA),2024Q1,5,6.0,0.4,0.8,720.0,0.0,0.0,5496257.0
JHALAWAR(DISTRICT COLLECTOR JHALAWAR_IDA),2024Q3,1,6.0,1.0,0.0,345.0,0.0,0.0,1000000.0
JHALAWAR(DISTRICT COLLECTOR JHALAWAR_IDA),2024Q4,1,6.041392685158225,1.0,0.0,345.0,0.0,0.0,1100000.0
JHALAWAR(DISTRICT COLLECTOR JHALAWAR_IDA),2025Q3,1,6.041366231870515,0.0,0.0,345.0,0.0,0.0,1099933.0
JHANSI(DISTRICT MAGISTRAE JHANSI_IDA),2023Q3,36,5.577781233024814,0.027777777777777776,0.9444444444444444,225.0,0.0,0.0,18746628.0
JHANSI(DISTRICT MAGISTRAE JHANSI_IDA),2023Q4,33,5.777272362997749,0.0,1.0,257.0,0.0,0.0,25345081.0
JHANSI(DISTRICT MAGISTRAE JHANSI_IDA),2024Q1,36,5.874198767260244,0.027777777777777776,0.9722222222222222,229.0,0.0,0.0,31036739.0
JHANSI(DISTRICT MAGISTRAE JHANSI_IDA),2024Q3,17,5.324897441702055,0.0,1.0,494.0,0.9411764705882353,0.0,3879149.0
JHANSI(DISTRICT MAGISTRAE JHANSI_IDA),2024Q4,3,5.698970004336019,0.3333333333333333,0.3333333333333333,302.0,0.0,0.0,1720200.0
JHANSI(DISTRICT MAGISTRAE JHANSI_IDA),2025Q1,46,5.6977627263760775,0.06521739130434782,0.8695652173913043,331.0,0.0,0.0,27431215.0
JHANSI(DISTRICT MAGISTRAE JHANSI_IDA),2025Q3,26,5.698970004336019,1.0,0.0,345.0,0.0,0.0,13150000.0
JHANSI(DISTRICT MAGISTRAE JHANSI_IDA),2025Q4,2,5.810602116044619,0.5,0.0,345.0,0.0,0.0,1293100.0
JHANSI(DISTRICT MAGISTRAE JHANSI_IDA),2026Q1,24,5.778151250383644,0.9166666666666666,0.0,345.0,0.0,0.0,15500000.0
JHARSUGUDA(DISTRICT COLLECTORJHARSUGUDA_IDA),2023Q3,35,5.477121254719663,0.9428571428571428,0.34285714285714286,805.0,0.11428571428571428,0.0,9545518.0
JHARSUGUDA(DISTRICT COLLECTORJHARSUGUDA_IDA),2023Q4,45,5.477121254719663,0.9333333333333333,0.4888888888888889,737.0,0.1111111111111111,0.0,13418051.0
JHARSUGUDA(DISTRICT COLLECTORJHARSUGUDA_IDA),2024Q1,28,5.477121254719663,0.9642857142857143,0.5357142857142857,678.0,0.0,0.0,8145077.0
JHARSUGUDA(DISTRICT COLLECTORJHARSUGUDA_IDA),2025Q4,10,5.698970004336019,1.0,0.0,345.0,0.0,0.0,4800000.0
JHARSUGUDA(DISTRICT COLLECTORJHARSUGUDA_IDA),2026Q1,4,5.653212513775344,1.0,0.0,345.0,0.0,0.0,1700000.0
JHUNJHUNU(DISTRICT COLLECTOR JHUNJHUNU_IDA),2023Q3,83,5.3979400086720375,0.3614457831325301,0.3373493975903614,650.0,0.0,0.0,24712386.0
JHUNJHUNU(DISTRICT COLLECTOR JHUNJHUNU_IDA),2023Q4,3,5.952811310478128,0.0,1.0,860.0,0.0,0.0,2794042.9699999997
JHUNJHUNU(DISTRICT COLLECTOR JHUNJHUNU_IDA),2024Q1,11,6.0143995578750955,0.36363636363636365,0.5454545454545454,514.0,0.0,0.0,20966683.86
JHUNJHUNU(DISTRICT COLLECTOR JHUNJHUNU_IDA),2024Q3,8,5.735197950279605,0.625,0.375,150.0,0.0,0.0,5538552.0
JHUNJHUNU(DISTRICT COLLECTOR JHUNJHUNU_IDA),2024Q4,28,5.698680667851323,0.42857142857142855,0.6071428571428571,428.0,0.0,0.0,17436118.0
JHUNJHUNU(DISTRICT COLLECTOR JHUNJHUNU_IDA),2025Q1,26,5.698845778349032,0.2692307692307692,0.6923076923076923,358.0,0.0,0.0,15139502.0
JHUNJHUNU(DISTRICT COLLECTOR JHUNJHUNU_IDA),2025Q2,23,5.693389228413945,0.391304347826087,0.6086956521739131,260.5,0.0,0.0,9861134.0
JHUNJHUNU(DISTRICT COLLECTOR JHUNJHUNU_IDA),2025Q3,25,5.698970004336019,0.64,0.32,180.0,0.0,0.0,13869720.0
JHUNJHUNU(DISTRICT COLLECTOR JHUNJHUNU_IDA),2025Q4,9,5.7610907523540895,0.2222222222222222,0.5555555555555556,102.0,0.0,0.0,4433038.0
JHUNJHUNU(DISTRICT COLLECTOR JHUNJHUNU_IDA),2026Q1,30,5.698940905630914,0.4666666666666667,0.36666666666666664,62.0,0.0,0.0,16594589.0
JIND(DEPUTY COMMISSIONER JIND),2023Q3,81,5.473880940928732,0.20987654320987653,0.024691358024691357,675.5,0.024691358024691357,0.0,28915710.0
JIND(DEPUTY COMMISSIONER JIND),2023Q4,53,5.572616059691252,0.32075471698113206,0.24528301886792453,639.0,0.09433962264150944,0.0,21505069.0
JIND(DEPUTY COMMISSIONER JIND),2024Q1,22,5.295026919627345,0.3181818181818182,0.36363636363636365,621.0,0.0,0.0,5770330.0
JIND(DEPUTY COMMISSIONER JIND),2024Q4,3,6.0,0.3333333333333333,0.0,345.0,0.0,0.0,3286051.0
JIND(DEPUTY COMMISSIONER JIND),2025Q1,19,5.698970004336019,0.3157894736842105,0.10526315789473684,340.5,0.0,0.0,15581123.0
JIND(DEPUTY COMMISSIONER JIND),2025Q2,12,5.6988244913097885,0.25,0.25,218.0,0.0,0.0,7337138.0
JIND(DEPUTY COMMISSIONER JIND),2025Q3,34,5.69178234285937,0.47058823529411764,0.08823529411764706,209.0,0.058823529411764705,0.0,21831792.0
JIND(DEPUTY COMMISSIONER JIND),2025Q4,17,5.6020599913279625,0.47058823529411764,0.0,345.0,0.0,0.0,8064854.0
JIND(DEPUTY COMMISSIONER JIND),2026Q1,10,5.698970004336019,0.7,0.0,345.0,0.0,0.0,5749453.0
JODHPUR(DISTRICT COLLECTOR JODHPUR IDA),2023Q3,131,5.698970004336019,0.48854961832061067,0.6335877862595419,876.0,0.015267175572519083,0.0,84728602.0
JODHPUR(DISTRICT COLLECTOR JODHPUR IDA),2023Q4,23,5.902529385444499,0.34782608695652173,0.8695652173913043,819.0,0.0,0.043478260869565216,20958456.0
JODHPUR(DISTRICT COLLECTOR JODHPUR IDA),2024Q1,3,6.041392685158225,1.0,0.0,345.0,0.0,0.0,3700000.0
JODHPUR(DISTRICT COLLECTOR JODHPUR IDA),2024Q3,2,6.458637849025649,1.0,1.0,557.0,0.0,0.0,5750000.0
JODHPUR(DISTRICT COLLECTOR JODHPUR IDA),2024Q4,2,6.301029995663981,1.0,0.0,345.0,0.0,0.0,4000000.0
JODHPUR(DISTRICT COLLECTOR JODHPUR IDA),2025Q1,6,6.176070701963683,0.5,0.6666666666666666,432.0,0.0,0.0,8669385.0
JODHPUR(DISTRICT COLLECTOR JODHPUR IDA),2025Q2,2,6.201397124320452,0.5,0.0,345.0,0.0,0.0,3180000.0
JODHPUR(DISTRICT COLLECTOR JODHPUR IDA),2025Q3,12,6.0,0.75,0.0,345.0,0.0,0.0,12940000.0
JODHPUR(DISTRICT COLLECTOR JODHPUR IDA),2025Q4,12,6.096910013008056,1.0,0.0,345.0,0.0,0.0,27900000.0
JODHPUR(DISTRICT COLLECTOR JODHPUR IDA),2026Q1,8,6.0,1.0,0.0,345.0,0.0,0.0,8550000.0
JOGULAMBA GADWAL(DISTRICT COLLECTOR JOGULAMBA GADWAL_IDA),2023Q2,1,5.698807547818524,0.0,0.0,345.0,0.0,0.0,499813.0
JOGULAMBA GADWAL(DISTRICT COLLECTOR JOGULAMBA GADWAL_IDA),2024Q1,12,5.698970004336019,1.0,0.0,345.0,0.0,0.0,4700000.0
JOGULAMBA GADWAL(DISTRICT COLLECTOR JOGULAMBA GADWAL_IDA),2025Q2,16,5.243038048686294,0.0625,0.0,345.0,0.0,0.0,12625000.0
JOGULAMBA GADWAL(DISTRICT COLLECTOR JOGULAMBA GADWAL_IDA),2025Q3,28,5.301029995663981,1.0,0.0,345.0,0.14285714285714285,0.0,10400000.0
JOGULAMBA GADWAL(DISTRICT COLLECTOR JOGULAMBA GADWAL_IDA),2025Q4,3,5.698970004336019,0.6666666666666666,0.0,345.0,0.0,0.0,1140000.0
JORHAT(DEPUTY COMMISSIONER JORHAT_IDA),2023Q3,53,5.698970004336019,0.9245283018867925,0.16981132075471697,865.0,0.0,0.0,30896406.0
JORHAT(DEPUTY COMMISSIONER JORHAT_IDA),2023Q4,35,5.3979400086720375,1.0,0.05714285714285714,572.0,0.0,0.0,11550000.0
JORHAT(DEPUTY COMMISSIONER JORHAT_IDA),2024Q1,2,5.8750612633917,1.0,0.0,345.0,0.0,0.0,1500000.0
JORHAT(DEPUTY COMMISSIONER JORHAT_IDA),2024Q4,29,5.301029995663981,1.0,0.0,345.0,0.0,0.0,8250000.0
JORHAT(DEPUTY COMMISSIONER JORHAT_IDA),2025Q1,48,5.301029995663981,1.0,0.2916666666666667,299.5,0.0,0.0,11050000.0
JORHAT(DEPUTY COMMISSIONER JORHAT_IDA),2025Q2,74,5.301029995663981,1.0,0.0,345.0,0.0,0.0,15100000.0
JORHAT(DEPUTY COMMISSIONER JORHAT_IDA),2025Q3,61,5.698970004336019,1.0,0.0,345.0,0.0,0.0,32900000.0
JORHAT(DEPUTY COMMISSIONER JORHAT_IDA),2025Q4,15,5.301029995663981,1.0,0.0,345.0,0.0,0.0,3200000.0
JORHAT(DEPUTY COMMISSIONER JORHAT_IDA),2026Q1,17,5.6020599913279625,1.0,0.0,345.0,0.0,0.0,7750000.0
JUNAGADH(DISTRICT COLLECTOR JUNAGADH_IDA),2023Q3,1,5.693730465463919,0.0,1.0,906.0,0.0,0.0,494004.0
JUNAGADH(DISTRICT COLLECTOR JUNAGADH_IDA),2023Q4,52,5.397393322275917,0.11538461538461539,0.9423076923076923,860.0,0.0,0.0,14934814.0
JUNAGADH(DISTRICT COLLECTOR JUNAGADH_IDA),2024Q1,100,5.3979400086720375,0.22,0.95,738.0,0.0,0.0,32074237.0
JUNAGADH(DISTRICT COLLECTOR JUNAGADH_IDA),2024Q3,3,5.6340457843335585,0.6666666666666666,0.3333333333333333,655.0,0.0,0.0,1230572.0
JUNAGADH(DISTRICT COLLECTOR JUNAGADH_IDA),2025Q1,20,5.477121254719663,0.55,0.55,342.0,0.0,0.0,7181261.0
JUNAGADH(DISTRICT COLLECTOR JUNAGADH_IDA),2025Q2,72,5.477121254719663,0.7916666666666666,0.125,336.0,0.0,0.0,35709978.0
JUNAGADH(DISTRICT COLLECTOR JUNAGADH_IDA),2025Q3,22,5.477121254719663,0.7727272727272727,0.22727272727272727,168.0,0.0,0.0,7298603.0
JUNAGADH(DISTRICT COLLECTOR JUNAGADH_IDA),2025Q4,34,5.477121254719663,0.7941176470588235,0.058823529411764705,143.5,0.058823529411764705,0.0,11246544.0
JUNAGADH(DISTRICT COLLECTOR JUNAGADH_IDA),2026Q1,5,5.477121254719663,1.0,0.0,345.0,0.0,0.0,1850000.0
Jagitial(DISTRICT COLLECTOR JAGTIAL_IDA),2020Q1,3,5.113940011567204,0.0,0.6666666666666666,2158.0,0.0,0.0,319998.0
Jagitial(DISTRICT COLLECTOR JAGTIAL_IDA),2024Q1,116,5.694654767091051,0.7586206896551724,0.39655172413793105,742.0,0.0,0.0,41282287.0
Jagitial(DISTRICT COLLECTOR JAGTIAL_IDA),2024Q3,71,5.698970004336019,0.7887323943661971,0.38028169014084506,509.0,0.0,0.0,47221204.0
Jagitial(DISTRICT COLLECTOR JAGTIAL_IDA),2024Q4,77,5.544068044350276,0.6883116883116883,0.2987012987012987,416.0,0.07792207792207792,0.0,29629057.0
Jagitial(DISTRICT COLLECTOR JAGTIAL_IDA),2025Q1,23,5.477121254719663,0.9565217391304348,0.043478260869565216,306.0,0.0,0.0,7199644.0
Jagitial(DISTRICT COLLECTOR JAGTIAL_IDA),2025Q2,89,5.477121254719663,0.8089887640449438,0.1348314606741573,241.0,0.0,0.0,39945690.0
Jagitial(DISTRICT COLLECTOR JAGTIAL_IDA),2025Q3,75,5.301029995663981,0.5466666666666666,0.28,122.0,0.08,0.0,20454813.0
Jagitial(DISTRICT COLLECTOR JAGTIAL_IDA),2025Q4,13,5.518513939877887,0.6153846153846154,0.0,345.0,0.0,0.0,7662000.0
Jagitial(DISTRICT COLLECTOR JAGTIAL_IDA),2026Q1,2,5.544068044350276,1.0,0.0,345.0,0.0,0.0,700000.0
Jaipur Gramin(DISTRICT COLLECTOR Jaipur Gramin_IDA),2024Q1,5,5.9950192882151665,0.2,0.6,343.0,0.0,0.0,3616795.0
Jaipur Gramin(DISTRICT COLLECTOR Jaipur Gramin_IDA),2024Q3,1,5.995140519159538,0.0,1.0,196.0,0.0,0.0,988873.0
Jaipur Gramin(DISTRICT COLLECTOR Jaipur Gramin_IDA),2025Q1,3,5.698970004336019,1.0,0.0,345.0,0.3333333333333333,0.0,3500000.0
Jaipur Gramin(DISTRICT COLLECTOR Jaipur Gramin_IDA),2025Q2,10,5.903089986991944,0.7,0.0,345.0,0.1,0.0,8520000.0
Jhargram(DISTRICT MAGISTRATE JHARGRAM_IDA),2023Q3,18,6.438202849396596,0.1111111111111111,0.6666666666666666,437.5,0.0,0.0,52450590.0
Jhargram(DISTRICT MAGISTRATE JHARGRAM_IDA),2023Q4,1,6.544068044350276,1.0,0.0,345.0,0.0,0.0,3500000.0
Jhargram(DISTRICT MAGISTRATE JHARGRAM_IDA),2024Q1,10,5.696823637387689,0.0,0.4,507.0,0.0,0.0,14246030.0
Jhargram(DISTRICT MAGISTRATE JHARGRAM_IDA),2024Q3,3,6.477121254719663,0.3333333333333333,0.0,345.0,0.0,0.0,10860958.0
Jhargram(DISTRICT MAGISTRATE JHARGRAM_IDA),2024Q4,3,6.3592498331560705,0.0,0.0,345.0,0.0,0.0,5504424.0
Jhargram(DISTRICT MAGISTRATE JHARGRAM_IDA),2025Q1,23,6.088126161856087,0.17391304347826086,0.08695652173913043,252.5,0.0,0.0,32444019.0
Jhargram(DISTRICT MAGISTRATE JHARGRAM_IDA),2025Q3,3,6.08811339843693,0.3333333333333333,0.0,345.0,0.0,0.0,6773832.0
Jhargram(DISTRICT MAGISTRATE JHARGRAM_IDA),2026Q1,22,6.2912098464761534,0.6818181818181818,0.0,345.0,0.0,0.0,48986065.0
Jodhpur Gramin(DISTRICT COLLECTOR JODHPUR RURAL_IDA),2023Q3,2,5.698284581339863,0.5,0.5,900.0,0.0,0.0,998423.0
Jodhpur Gramin(DISTRICT COLLECTOR JODHPUR RURAL_IDA),2024Q1,48,5.698969787188724,0.5,0.6041666666666666,752.0,0.041666666666666664,0.0,23546956.5
Jodhpur Gramin(DISTRICT COLLECTOR JODHPUR RURAL_IDA),2024Q3,16,5.812906006981741,0.5,0.75,577.0,0.0,0.0,13209407.0
Jodhpur Gramin(DISTRICT COLLECTOR JODHPUR RURAL_IDA),2024Q4,6,5.778151250383644,0.6666666666666666,0.3333333333333333,527.0,0.0,0.0,3599284.0
Jodhpur Gramin(DISTRICT COLLECTOR JODHPUR RURAL_IDA),2025Q1,3,5.698970004336019,0.6666666666666666,1.0,340.0,0.0,0.0,1498827.0
Jodhpur Gramin(DISTRICT COLLECTOR JODHPUR RURAL_IDA),2025Q2,5,6.0,0.8,0.2,305.0,0.0,0.0,5999310.0
Jodhpur Gramin(DISTRICT COLLECTOR JODHPUR RURAL_IDA),2025Q3,3,5.844851663128898,0.6666666666666666,0.3333333333333333,265.0,0.0,0.0,3199603.0
KACHCHH(DISTRICT COLLECTOR KUTCH_IDA),2023Q4,2,5.8750612633917,1.0,0.5,651.0,0.0,0.0,1500000.0
KACHCHH(DISTRICT COLLECTOR KUTCH_IDA),2024Q1,181,5.544068044350276,0.8011049723756906,0.56353591160221,509.0,0.0,0.0,65322964.0
KACHCHH(DISTRICT COLLECTOR KUTCH_IDA),2024Q3,8,5.698970004336019,0.75,0.625,334.0,0.0,0.0,3961849.0
KACHCHH(DISTRICT COLLECTOR KUTCH_IDA),2024Q4,43,5.6020599913279625,0.9767441860465116,0.18604651162790697,363.0,0.0,0.0,18149500.0
KACHCHH(DISTRICT COLLECTOR KUTCH_IDA),2025Q1,18,5.6020599913279625,0.8888888888888888,0.2222222222222222,249.5,0.0,0.0,7544846.0
KACHCHH(DISTRICT COLLECTOR KUTCH_IDA),2025Q2,20,5.6020599913279625,1.0,0.05,317.0,0.0,0.0,8800000.0
KACHCHH(DISTRICT COLLECTOR KUTCH_IDA),2025Q3,134,5.6020599913279625,0.9402985074626866,0.12686567164179105,271.0,0.0,0.0,56335860.0
KACHCHH(DISTRICT COLLECTOR KUTCH_IDA),2025Q4,2,5.698970004336019,1.0,0.0,345.0,0.0,0.0,1000000.0
KACHCHH(DISTRICT COLLECTOR KUTCH_IDA),2026Q1,10,5.698970004336019,1.0,0.0,345.0,0.0,0.0,4900000.0
KAIMUR (BHABUA)(DISTRICT PLANNING OFFICER KAIMUR BHABUA_IDA),2023Q3,20,5.776252496030491,0.0,1.0,230.5,0.0,0.0,14257048.0
KAIMUR (BHABUA)(DISTRICT PLANNING OFFICER KAIMUR BHABUA_IDA),2023Q4,13,5.778151250383644,0.5384615384615384,1.0,266.0,0.0,0.0,9328933.0
KAIMUR (BHABUA)(DISTRICT PLANNING OFFICER KAIMUR BHABUA_IDA),2024Q1,11,5.670944060211565,0.18181818181818182,1.0,168.0,0.0,0.0,4853987.0
KAIMUR (BHABUA)(DISTRICT PLANNING OFFICER KAIMUR BHABUA_IDA),2024Q3,40,5.89798976811495,0.05,0.875,396.0,0.075,0.0,30517859.0
KAIMUR (BHABUA)(DISTRICT PLANNING OFFICER KAIMUR BHABUA_IDA),2024Q4,3,6.036229544086295,0.0,0.6666666666666666,483.0,0.0,0.0,3055649.0
KAIMUR (BHABUA)(DISTRICT PLANNING OFFICER KAIMUR BHABUA_IDA),2025Q1,12,5.893875728605173,0.16666666666666666,0.75,193.0,0.16666666666666666,0.0,10820689.0
KAIMUR (BHABUA)(DISTRICT PLANNING OFFICER KAIMUR BHABUA_IDA),2025Q2,67,5.845098040014257,0.1791044776119403,0.7611940298507462,249.0,0.029850746268656716,0.0,51188831.0
KAIMUR (BHABUA)(DISTRICT PLANNING OFFICER KAIMUR BHABUA_IDA),2025Q3,18,6.173507207094561,0.2777777777777778,0.7222222222222222,127.0,0.16666666666666666,0.0,19452997.0
KAIMUR (BHABUA)(DISTRICT PLANNING OFFICER KAIMUR BHABUA_IDA),2025Q4,10,5.348456742181109,0.1,0.8,57.0,0.0,0.0,5068188.0
KAIMUR (BHABUA)(DISTRICT PLANNING OFFICER KAIMUR BHABUA_IDA),2026Q1,13,5.778151250383644,0.6153846153846154,0.15384615384615385,42.0,0.07692307692307693,0.0,8726706.0
KAITHAL(DC CUM NODAL OFFICERS MPLADS),2023Q4,34,5.698970004336019,0.7647058823529411,0.058823529411764705,796.0,0.0,0.0,16578786.0
KAITHAL(DC CUM NODAL OFFICERS MPLADS),2024Q1,18,5.698970004336019,0.7222222222222222,0.0,345.0,0.0,0.0,11212000.0
KAITHAL(DC CUM NODAL OFFICERS MPLADS),2024Q3,1,6.3979400086720375,1.0,0.0,345.0,0.0,0.0,2500000.0
KAITHAL(DC CUM NODAL OFFICERS MPLADS),2024Q4,76,5.544068044350276,0.6578947368421053,0.21052631578947367,462.0,0.0,0.0,31353805.0
KAITHAL(DC CUM NODAL OFFICERS MPLADS),2025Q1,32,5.501743729627995,0.5,0.15625,350.0,0.28125,0.0,13284020.0
KAITHAL(DC CUM NODAL OFFICERS MPLADS),2025Q2,4,5.698970004336019,0.75,0.0,345.0,0.0,0.0,2870000.0
KAITHAL(DC CUM NODAL OFFICERS MPLADS),2025Q3,32,5.7222224639697306,0.8125,0.03125,213.0,0.0,0.0,19637542.0
KAITHAL(DC CUM NODAL OFFICERS MPLADS),2025Q4,17,5.698970004336019,0.8823529411764706,0.0,345.0,0.0,0.0,12166000.0
KAITHAL(DC CUM NODAL OFFICERS MPLADS),2026Q1,5,5.698970004336019,1.0,0.0,345.0,0.0,0.0,3150000.0
KAKCHING(Deputy Commissioner Kakching_ida),2024Q1,4,5.977723605288848,1.0,0.5,656.0,0.0,0.0,3800000.0
KAKCHING(Deputy Commissioner Kakching_ida),2025Q2,1,6.301029995663981,1.0,1.0,289.0,0.0,0.0,2000000.0
KAKCHING(Deputy Commissioner Kakching_ida),2025Q3,1,5.9036265519492765,0.0,0.0,345.0,0.0,0.0,800989.0
KALABURAGI(DEPUTY COMMISSIONER GULBARGA_IDA),2023Q3,86,5.744292983122676,0.11627906976744186,0.20930232558139536,230.0,0.0,0.0,43741028.0
KALABURAGI(DEPUTY COMMISSIONER GULBARGA_IDA),2023Q4,167,5.6020599913279625,0.5748502994011976,0.38323353293413176,221.0,0.0,0.0,83418183.0
KALABURAGI(DEPUTY COMMISSIONER GULBARGA_IDA),2024Q1,71,5.698970004336019,0.9154929577464789,0.07042253521126761,149.0,0.39436619718309857,0.0,73518167.0
KALABURAGI(DEPUTY COMMISSIONER GULBARGA_IDA),2024Q3,1,6.301029995663981,1.0,0.0,345.0,0.0,0.0,2000000.0
KALABURAGI(DEPUTY COMMISSIONER GULBARGA_IDA),2025Q1,4,6.301029995663981,1.0,0.0,345.0,0.0,0.0,9500000.0
KALABURAGI(DEPUTY COMMISSIONER GULBARGA_IDA),2025Q2,25,5.69810054562339,0.24,0.0,345.0,0.6,0.0,20981000.0
KALABURAGI(DEPUTY COMMISSIONER GULBARGA_IDA),2025Q3,1,6.9084850188786495,1.0,0.0,345.0,0.0,0.0,8100000.0
KALABURAGI(DEPUTY COMMISSIONER GULBARGA_IDA),2025Q4,11,6.176091259055681,1.0,0.0,345.0,0.0,0.0,18100000.0
KALABURAGI(DEPUTY COMMISSIONER GULBARGA_IDA),2026Q1,48,6.531478917042255,1.0,0.0,345.0,0.0,0.0,201300000.0
KALAHANDI(DISTRICT COLLECTOR KALAHANDI_IDA),2023Q4,59,5.477121254719663,0.9830508474576272,0.6949152542372882,737.0,0.0,0.0,20347720.0
KALAHANDI(DISTRICT COLLECTOR KALAHANDI_IDA),2024Q1,143,5.301029995663981,1.0,0.6153846153846154,675.0,0.013986013986013986,0.0,37800000.0
KALAHANDI(DISTRICT COLLECTOR KALAHANDI_IDA),2024Q3,27,5.6985354925620015,0.8518518518518519,0.9259259259259259,413.0,0.3333333333333333,0.0,11798000.0
KALAHANDI(DISTRICT COLLECTOR KALAHANDI_IDA),2024Q4,21,5.301029995663981,1.0,0.2857142857142857,377.0,0.0,0.0,4800000.0
KALAHANDI(DISTRICT COLLECTOR KALAHANDI_IDA),2025Q1,40,5.477121254719663,1.0,0.575,291.0,0.05,0.0,12750000.0
KALAHANDI(DISTRICT COLLECTOR KALAHANDI_IDA),2025Q2,72,4.8061799739838875,0.125,0.05555555555555555,190.0,0.8472222222222222,0.0,6932000.0
KALAHANDI(DISTRICT COLLECTOR KALAHANDI_IDA),2025Q3,16,5.698970004336019,1.0,1.0,94.0,0.9375,0.0,8000000.0
KALAHANDI(DISTRICT COLLECTOR KALAHANDI_IDA),2026Q1,75,5.698970004336019,0.9866666666666667,0.16,56.0,0.04,0.0,36295000.0
KALIMPONG(District Magistrate Kalimpong_IDA),2024Q1,17,5.698969135746187,0.0,0.11764705882352941,367.0,0.0,0.0,13887943.0
KALIMPONG(District Magistrate Kalimpong_IDA),2024Q3,22,5.698857507496236,0.13636363636363635,0.3181818181818182,297.0,0.0,0.0,10747995.0
KALIMPONG(District Magistrate Kalimpong_IDA),2025Q2,5,5.698970004336019,0.6,0.0,345.0,0.0,0.0,3390362.0
KALIMPONG(District Magistrate Kalimpong_IDA),2025Q3,3,5.477119807068977,0.0,0.0,345.0,0.0,0.0,1549541.0
KALIMPONG(District Magistrate Kalimpong_IDA),2026Q1,4,5.698970004336019,1.0,0.0,345.0,0.0,0.0,2500000.0
KALLAKURICHI(District Collector Kallakurichi_IDA),2023Q3,22,6.0,0.18181818181818182,0.8636363636363636,802.0,0.0,0.0,20515879.0
KALLAKURICHI(District Collector Kallakurichi_IDA),2023Q4,45,5.795880017344075,0.06666666666666667,1.0,753.0,0.0,0.022222222222222223,33189004.0
KALLAKURICHI(District Collector Kallakurichi_IDA),2024Q1,1,5.397774945404907,0.0,1.0,732.0,0.0,0.0,249905.0
KALLAKURICHI(District Collector Kallakurichi_IDA),2025Q1,48,5.796976528387594,0.4375,1.0,286.0,0.0,0.0,40565651.0
KALLAKURICHI(District Collector Kallakurichi_IDA),2025Q2,57,5.796976528387594,0.017543859649122806,0.9824561403508771,184.5,0.0,0.0,35062550.0
KALLAKURICHI(District Collector Kallakurichi_IDA),2025Q3,41,5.796976528387594,0.24390243902439024,1.0,145.0,0.0,0.0,23487902.0
KALLAKURICHI(District Collector Kallakurichi_IDA),2025Q4,16,5.685741738602264,0.0,1.0,78.0,0.0,0.0,8460000.0
KALLAKURICHI(District Collector Kallakurichi_IDA),2026Q1,6,5.3979400086720375,1.0,0.0,345.0,0.0,0.0,2050000.0
KAMAREDDY(District Collector Kamareddy_IDA),2019Q3,2,5.041392685158225,0.5,0.0,345.0,0.0,0.0,220000.0
KAMAREDDY(District Collector Kamareddy_IDA),2019Q4,4,4.999156650391228,0.0,1.0,2173.0,0.0,0.0,399224.0
KAMAREDDY(District Collector Kamareddy_IDA),2020Q1,3,4.999391561719091,0.0,1.0,2069.0,0.6666666666666666,0.0,399435.0
KAMAREDDY(District Collector Kamareddy_IDA),2022Q1,1,5.301029995663981,1.0,0.0,345.0,0.0,0.0,200000.0
KAMAREDDY(District Collector Kamareddy_IDA),2022Q3,1,5.698970004336019,1.0,0.0,345.0,0.0,0.0,500000.0
KAMAREDDY(District Collector Kamareddy_IDA),2022Q4,2,5.54302075332505,0.5,0.5,998.0,0.0,0.0,698314.0
KAMAREDDY(District Collector Kamareddy_IDA),2023Q1,1,5.698970004336019,1.0,0.0,345.0,0.0,0.0,500000.0
KAMAREDDY(District Collector Kamareddy_IDA),2023Q2,1,5.653212513775344,1.0,0.0,345.0,0.0,0.0,450000.0
KAMAREDDY(District Collector Kamareddy_IDA),2023Q3,7,5.698970004336019,0.8571428571428571,0.42857142857142855,748.0,0.0,0.0,3499332.0
KAMAREDDY(District Collector Kamareddy_IDA),2023Q4,2,4.999997828522162,0.5,0.5,703.0,0.0,0.0,199999.0
KAMAREDDY(District Collector Kamareddy_IDA),2024Q1,254,5.075192812289081,0.37401574803149606,0.5905511811023622,579.0,0.4566929133858268,0.0,48546732.0
KAMAREDDY(District Collector Kamareddy_IDA),2025Q3,63,5.470041316118224,0.5396825396825397,0.42857142857142855,258.0,0.0,0.0,19384190.0
KAMAREDDY(District Collector Kamareddy_IDA),2025Q4,3,5.697755758265147,0.3333333333333333,0.0,345.0,0.0,0.0,1297028.0
KAMAREDDY(District Collector Kamareddy_IDA),2026Q1,1,5.698970004336019,1.0,0.0,345.0,0.0,0.0,500000.0
KAMJONG(Deputy Commissioner Kamjong MPLADS_ida),2024Q1,6,5.740362689494244,0.8333333333333334,1.0,761.0,0.0,0.0,3630000.0
KAMJONG(Deputy Commissioner Kamjong MPLADS_ida),2025Q1,2,6.0,1.0,0.0,345.0,0.5,0.0,2000000.0
KAMJONG(Deputy Commissioner Kamjong MPLADS_ida),2025Q4,4,6.0,1.0,0.0,345.0,0.25,0.0,7700000.0
KAMJONG(Deputy Commissioner Kamjong MPLADS_ida),2026Q1,2,6.7596678446896306,1.0,0.0,345.0,0.0,0.0,11500000.0
KAMLE(Deputy Commisioner Kamle_IDA),2023Q4,2,5.544068044350276,1.0,0.0,345.0,0.0,0.0,700000.0
KAMLE(Deputy Commisioner Kamle_IDA),2025Q2,2,5.8750612633917,1.0,0.0,345.0,0.0,0.0,1500000.0
KAMLE(Deputy Commisioner Kamle_IDA),2025Q3,1,6.301029995663981,1.0,0.0,345.0,0.0,0.0,2000000.0
KAMLE(Deputy Commisioner Kamle_IDA),2026Q1,10,5.477121254719663,1.0,0.0,345.0,0.0,0.0,3000000.0
KAMRUP METRO(DEPUTY COMMISSIONER KAMRUP METROPOLITAN_IDA),2024Q1,20,6.389166084364533,0.85,0.0,345.0,0.0,0.0,55000000.0
KAMRUP METRO(DEPUTY COMMISSIONER KAMRUP METROPOLITAN_IDA),2024Q3,10,6.0,1.0,0.0,345.0,0.0,0.0,10600000.0
KAMRUP METRO(DEPUTY COMMISSIONER KAMRUP METROPOLITAN_IDA),2024Q4,9,6.204119982655925,0.6666666666666666,0.0,345.0,0.0,0.0,16364000.0
KAMRUP METRO(DEPUTY COMMISSIONER KAMRUP METROPOLITAN_IDA),2025Q1,10,6.139236469045023,0.9,0.0,345.0,0.0,0.0,13305919.1
KAMRUP METRO(DEPUTY COMMISSIONER KAMRUP METROPOLITAN_IDA),2025Q2,14,6.0,1.0,0.0,345.0,0.0,0.0,15400000.0
KAMRUP METRO(DEPUTY COMMISSIONER KAMRUP METROPOLITAN_IDA),2025Q3,14,5.778151250383644,1.0,0.0,345.0,0.0,0.0,12400000.0
KAMRUP METRO(DEPUTY COMMISSIONER KAMRUP METROPOLITAN_IDA),2025Q4,20,5.929418925714293,1.0,0.0,345.0,0.0,0.0,23050000.0
KAMRUP METRO(DEPUTY COMMISSIONER KAMRUP METROPOLITAN_IDA),2026Q1,10,5.544068044350276,1.0,0.0,345.0,0.0,0.0,5700000.0
KAMRUP(DEPUTY COMMISSIONER KAMRUP_IDA),2023Q4,37,5.477121254719663,1.0,0.0,345.0,0.0,0.0,10150000.0
KAMRUP(DEPUTY COMMISSIONER KAMRUP_IDA),2024Q1,24,5.3979400086720375,0.875,0.16666666666666666,701.5,0.0,0.0,22149223.0
KAMRUP(DEPUTY COMMISSIONER KAMRUP_IDA),2024Q3,7,5.698970004336019,1.0,0.0,345.0,0.0,0.0,3800000.0
KAMRUP(DEPUTY COMMISSIONER KAMRUP_IDA),2024Q4,1,6.176091259055681,1.0,0.0,345.0,0.0,0.0,1500000.0
KAMRUP(DEPUTY COMMISSIONER KAMRUP_IDA),2025Q1,1,6.0,1.0,0.0,345.0,0.0,0.0,1000000.0
KAMRUP(DEPUTY COMMISSIONER KAMRUP_IDA),2025Q3,7,5.6020599913279625,1.0,0.0,345.0,0.0,0.0,3850000.0
KAMRUP(DEPUTY COMMISSIONER KAMRUP_IDA),2025Q4,2,5.778151250383644,1.0,0.0,345.0,0.0,0.0,1200000.0
KAMRUP(DEPUTY COMMISSIONER KAMRUP_IDA),2026Q1,47,5.477121254719663,1.0,0.0,345.0,0.0,0.0,17100000.0
KANCHIPURAM(DISTRICT COLLECTOR KANCHEEPURAM_IDA),2023Q3,15,5.975314602120509,0.4666666666666667,1.0,878.0,0.4,0.0,12758604.0
KANCHIPURAM(DISTRICT COLLECTOR KANCHEEPURAM_IDA),2023Q4,73,5.3979400086720375,0.3424657534246575,0.9726027397260274,800.0,0.0684931506849315,0.0,34443652.0
KANCHIPURAM(DISTRICT COLLECTOR KANCHEEPURAM_IDA),2024Q1,16,5.623495320902252,0.0625,1.0,730.0,0.6875,0.0,12563428.0
KANCHIPURAM(DISTRICT COLLECTOR KANCHEEPURAM_IDA),2024Q3,32,5.6020599913279625,0.875,0.90625,511.0,0.0,0.0,20175044.0
KANCHIPURAM(DISTRICT COLLECTOR KANCHEEPURAM_IDA),2024Q4,10,6.1800970455444135,0.0,1.0,471.5,0.6,0.0,19349936.0
KANCHIPURAM(DISTRICT COLLECTOR KANCHEEPURAM_IDA),2025Q1,9,5.865881216861347,0.4444444444444444,0.7777777777777778,379.0,0.2222222222222222,0.0,11759063.0
KANCHIPURAM(DISTRICT COLLECTOR KANCHEEPURAM_IDA),2025Q2,29,5.628015787475803,0.6551724137931034,0.7586206896551724,287.0,0.3103448275862069,0.0,21219193.0
KANCHIPURAM(DISTRICT COLLECTOR KANCHEEPURAM_IDA),2025Q3,30,5.795880017344075,0.5333333333333333,0.9,163.0,0.0,0.0,17150000.0
KANCHIPURAM(DISTRICT COLLECTOR KANCHEEPURAM_IDA),2025Q4,34,5.795880017344075,0.14705882352941177,0.5588235294117647,71.0,0.2647058823529412,0.0,31379905.0
KANCHIPURAM(DISTRICT COLLECTOR KANCHEEPURAM_IDA),2026Q1,21,5.628388930050312,0.6190476190476191,0.0,345.0,0.3333333333333333,0.0,17820000.0
KANDHAMAL(DISTRICT COLLECTOR KANDHAMAL_IDA),2024Q1,82,5.477121254719663,0.975609756097561,0.08536585365853659,674.0,0.0,0.0,23851533.0
KANDHAMAL(DISTRICT COLLECTOR KANDHAMAL_IDA),2025Q1,36,5.698970004336019,1.0,0.2777777777777778,350.0,0.0,0.0,15300000.0
KANDHAMAL(DISTRICT COLLECTOR KANDHAMAL_IDA),2025Q2,19,5.698970004336019,0.9473684210526315,0.42105263157894735,287.0,0.0,0.0,10225359.0
KANDHAMAL(DISTRICT COLLECTOR KANDHAMAL_IDA),2025Q3,5,5.698970004336019,1.0,0.2,161.0,0.0,0.0,3500000.0
KANDHAMAL(DISTRICT COLLECTOR KANDHAMAL_IDA),2025Q4,48,5.352182518111363,0.875,0.041666666666666664,69.0,0.0,0.0,17120000.0
KANDHAMAL(DISTRICT COLLECTOR KANDHAMAL_IDA),2026Q1,30,5.0,0.7,0.0,345.0,0.0,0.0,5300000.0
KANGPOKPI(Deputy Commissioner Kangpokpi MPLADS_ida),2024Q1,5,6.0,1.0,1.0,30.0,0.0,0.0,4550000.0
KANGPOKPI(Deputy Commissioner Kangpokpi MPLADS_ida),2025Q2,1,6.3979400086720375,1.0,0.0,345.0,0.0,0.0,2500000.0
KANGPOKPI(Deputy Commissioner Kangpokpi MPLADS_ida),2025Q4,10,6.301029995663981,1.0,0.0,345.0,0.0,0.0,29000000.0
KANGRA(DEPUTY COMMISSIONER KANGRA_IDA),2023Q3,15,5.477121254719663,0.6666666666666666,0.2,905.0,0.0,0.0,4317075.0
KANGRA(DEPUTY COMMISSIONER KANGRA_IDA),2023Q4,17,5.301029995663981,0.8823529411764706,0.11764705882352941,99.0,0.0,0.0,14642285.0
KANGRA(DEPUTY COMMISSIONER KANGRA_IDA),2024Q1,322,5.301029995663981,0.7111801242236024,0.27639751552795033,732.0,0.0,0.0,71409787.0
KANGRA(DEPUTY COMMISSIONER KANGRA_IDA),2024Q3,67,5.477121254719663,0.4925373134328358,0.582089552238806,160.0,0.0,0.0,24022275.0
KANGRA(DEPUTY COMMISSIONER KANGRA_IDA),2024Q4,105,5.382728270339217,0.6,0.638095238095238,95.0,0.0761904761904762,0.0,27537149.0
KANGRA(DEPUTY COMMISSIONER KANGRA_IDA),2025Q1,153,5.301029995663981,0.5686274509803921,0.30718954248366015,265.0,0.0,0.0,42292789.0
KANGRA(DEPUTY COMMISSIONER KANGRA_IDA),2025Q2,307,5.3979400086720375,0.7231270358306189,0.34527687296416937,244.0,0.0,0.0,81255488.0
KANGRA(DEPUTY COMMISSIONER KANGRA_IDA),2025Q3,107,5.301029995663981,0.6635514018691588,0.21495327102803738,229.0,0.028037383177570093,0.0,24438996.0
KANGRA(DEPUTY COMMISSIONER KANGRA_IDA),2025Q4,102,5.301029995663981,0.6764705882352942,0.11764705882352941,138.5,0.0,0.0,25254466.0
KANGRA(DEPUTY COMMISSIONER KANGRA_IDA),2026Q1,61,5.3979400086720375,0.7868852459016393,0.16393442622950818,71.5,0.01639344262295082,0.0,17566132.0
KANNAUJ(DISTRICT MAGISTRATE KANNAUJ_IDA),2023Q4,10,5.698970004336019,0.7,1.0,402.0,0.0,0.0,8485077.0
KANNAUJ(DISTRICT MAGISTRATE KANNAUJ_IDA),2024Q1,36,5.747275826789285,0.05555555555555555,1.0,214.0,0.2777777777777778,0.0,21723993.0
KANNAUJ(DISTRICT MAGISTRATE KANNAUJ_IDA),2024Q4,4,5.931895504388364,0.0,0.75,323.0,0.0,0.0,3954686.0
KANNAUJ(DISTRICT MAGISTRATE KANNAUJ_IDA),2025Q1,4,4.300247561194085,0.25,0.75,295.0,0.0,0.0,1059892.0
KANNAUJ(DISTRICT MAGISTRATE KANNAUJ_IDA),2025Q2,16,5.778151250383644,0.625,0.0,345.0,0.0,0.0,17538000.0
KANNAUJ(DISTRICT MAGISTRATE KANNAUJ_IDA),2025Q3,27,5.845098040014257,0.18518518518518517,0.0,345.0,0.0,0.0,25331000.0
KANNAUJ(DISTRICT MAGISTRATE KANNAUJ_IDA),2025Q4,9,6.187520720836463,0.3333333333333333,0.0,345.0,0.0,0.0,11666000.0
KANNAUJ(DISTRICT MAGISTRATE KANNAUJ_IDA),2026Q1,22,4.301029995663981,0.13636363636363635,0.0,345.0,0.0,0.0,3495000.0
KANNIYAKUMARI(DISTRICT COLLECTOR KANNIYAKUMARI_IDA),2023Q3,63,6.0,0.5396825396825397,0.0,345.0,0.06349206349206349,0.0,77878800.0
KANNIYAKUMARI(DISTRICT COLLECTOR KANNIYAKUMARI_IDA),2023Q4,18,6.0,0.7222222222222222,0.0,345.0,0.0,0.0,19528400.0
KANNIYAKUMARI(DISTRICT COLLECTOR KANNIYAKUMARI_IDA),2024Q1,1,5.772908194971272,0.0,0.0,345.0,0.0,0.0,592800.0
KANNIYAKUMARI(DISTRICT COLLECTOR KANNIYAKUMARI_IDA),2024Q3,11,6.0,1.0,0.0,345.0,0.0,0.0,12850000.0
KANNIYAKUMARI(DISTRICT COLLECTOR KANNIYAKUMARI_IDA),2025Q1,39,5.874952965799218,0.3076923076923077,0.6153846153846154,476.0,0.0,0.0,37193461.0
KANNIYAKUMARI(DISTRICT COLLECTOR KANNIYAKUMARI_IDA),2025Q2,13,6.176091259055681,0.6923076923076923,0.0,345.0,0.0,0.0,28140000.0
KANNIYAKUMARI(DISTRICT COLLECTOR KANNIYAKUMARI_IDA),2025Q3,31,6.0,0.9354838709677419,0.0,345.0,0.12903225806451613,0.0,32850000.0
KANNIYAKUMARI(DISTRICT COLLECTOR KANNIYAKUMARI_IDA),2025Q4,7,5.903089986991944,0.8571428571428571,0.0,345.0,0.2857142857142857,0.0,7563957.0
KANNIYAKUMARI(DISTRICT COLLECTOR KANNIYAKUMARI_IDA),2026Q1,3,6.3979400086720375,1.0,0.0,345.0,0.0,0.0,6000000.0
KANNUR(DISTRICT COLLECTOR KANNUR_IDA),2022Q1,2,5.476166205160523,0.0,0.0,345.0,0.0,0.0,598682.0
KANNUR(DISTRICT COLLECTOR KANNUR_IDA),2022Q4,1,5.698970004336019,1.0,0.0,345.0,0.0,0.0,500000.0
KANNUR(DISTRICT COLLECTOR KANNUR_IDA),2023Q2,9,5.698970004336019,0.4444444444444444,0.3333333333333333,806.0,0.0,0.0,6561221.0
KANNUR(DISTRICT COLLECTOR KANNUR_IDA),2023Q4,7,6.1557558549555855,0.0,1.0,606.0,0.0,0.0,9236701.0
KANNUR(DISTRICT COLLECTOR KANNUR_IDA),2024Q1,226,5.477121254719663,0.24336283185840707,0.6371681415929203,494.5,0.0,0.02654867256637168,119217706.0
KANNUR(DISTRICT COLLECTOR KANNUR_IDA),2024Q2,3,6.391723535855013,0.3333333333333333,0.6666666666666666,243.0,0.0,0.0,5679726.0
KANNUR(DISTRICT COLLECTOR KANNUR_IDA),2024Q3,50,5.814280233201253,0.56,0.38,371.0,0.0,0.08,48050048.0
KANNUR(DISTRICT COLLECTOR KANNUR_IDA),2024Q4,62,5.477121254719663,0.3387096774193548,0.5967741935483871,489.5,0.03225806451612903,0.016129032258064516,40449854.0
KANNUR(DISTRICT COLLECTOR KANNUR_IDA),2025Q1,111,5.477121254719663,0.5135135135135135,0.0990990990990991,361.5,0.04504504504504504,0.009009009009009009,116853146.0
KANNUR(DISTRICT COLLECTOR KANNUR_IDA),2025Q2,56,5.6020599913279625,0.8214285714285714,0.05357142857142857,319.0,0.0,0.0,57430982.0
KANNUR(DISTRICT COLLECTOR KANNUR_IDA),2025Q3,138,5.477121254719663,0.6014492753623188,0.2753623188405797,157.0,0.043478260869565216,0.0,81825116.0
KANNUR(DISTRICT COLLECTOR KANNUR_IDA),2025Q4,97,5.477121254719663,0.5360824742268041,0.0,345.0,0.05154639175257732,0.0,42972440.0
KANNUR(DISTRICT COLLECTOR KANNUR_IDA),2026Q1,91,5.301029995663981,0.4725274725274725,0.01098901098901099,91.0,0.0,0.0,42256903.0
KANPUR DEHAT(DISTRICT MAGISTRATE KANPUR DEHAT_IDA),2023Q3,67,5.272899345665486,0.0,0.7761194029850746,863.0,0.029850746268656716,0.0,13164728.0
KANPUR DEHAT(DISTRICT MAGISTRATE KANPUR DEHAT_IDA),2023Q4,99,5.361727836017593,0.08080808080808081,0.5252525252525253,839.0,0.13131313131313133,0.0,36612696.14
KANPUR DEHAT(DISTRICT MAGISTRATE KANPUR DEHAT_IDA),2024Q1,10,6.032967104161021,0.0,0.8,293.0,0.0,0.0,9795341.0
KANPUR DEHAT(DISTRICT MAGISTRATE KANPUR DEHAT_IDA),2024Q3,20,5.378164591262559,0.0,1.0,368.0,0.95,0.0,5158533.16
KANPUR DEHAT(DISTRICT MAGISTRATE KANPUR DEHAT_IDA),2024Q4,33,5.428944290035575,0.0,0.0,345.0,0.09090909090909091,0.0,9293500.0
KANPUR DEHAT(DISTRICT MAGISTRATE KANPUR DEHAT_IDA),2025Q1,7,5.86569605991607,0.14285714285714285,0.14285714285714285,208.0,0.14285714285714285,0.0,6435071.64
KANPUR DEHAT(DISTRICT MAGISTRATE KANPUR DEHAT_IDA),2025Q2,3,5.971275848738105,0.0,0.0,345.0,0.0,0.0,3966488.0
KANPUR DEHAT(DISTRICT MAGISTRATE KANPUR DEHAT_IDA),2025Q3,7,5.698970004336019,0.42857142857142855,0.0,345.0,0.0,0.0,5757000.0
KANPUR DEHAT(DISTRICT MAGISTRATE KANPUR DEHAT_IDA),2025Q4,63,4.3222192947339195,0.2222222222222222,0.0,345.0,0.31746031746031744,0.0,17768800.0
KANPUR DEHAT(DISTRICT MAGISTRATE KANPUR DEHAT_IDA),2026Q1,2,5.267171728403014,0.5,0.0,345.0,1.0,0.0,370000.0
KANPUR NAGAR(DISTRICT MAGISTRAE KANPUR NAGAR_IDA),2023Q3,23,6.201111597944686,0.0,1.0,134.0,0.0,0.0,46905691.0
KANPUR NAGAR(DISTRICT MAGISTRAE KANPUR NAGAR_IDA),2023Q4,70,5.759900413190628,0.0,1.0,121.0,0.0,0.0,72453556.0
KANPUR NAGAR(DISTRICT MAGISTRAE KANPUR NAGAR_IDA),2024Q1,6,6.149365392896017,0.0,1.0,103.5,0.0,0.0,8332018.0
KANPUR NAGAR(DISTRICT MAGISTRAE KANPUR NAGAR_IDA),2024Q3,1,6.583373477153175,0.0,1.0,360.0,0.0,0.0,3831541.0
KANPUR NAGAR(DISTRICT MAGISTRAE KANPUR NAGAR_IDA),2024Q4,49,5.721074905730707,0.0,1.0,378.0,0.061224489795918366,0.0,24816576.0
KANPUR NAGAR(DISTRICT MAGISTRAE KANPUR NAGAR_IDA),2025Q1,2,5.682324264879906,0.0,1.0,316.0,0.0,0.0,962397.0
KANPUR NAGAR(DISTRICT MAGISTRAE KANPUR NAGAR_IDA),2025Q2,31,5.971720587191581,0.03225806451612903,0.8064516129032258,242.0,0.0,0.0,85820012.0
KANPUR NAGAR(DISTRICT MAGISTRAE KANPUR NAGAR_IDA),2025Q3,9,6.120161484672154,0.1111111111111111,0.7777777777777778,123.0,0.0,0.0,13826142.0
KANPUR NAGAR(DISTRICT MAGISTRAE KANPUR NAGAR_IDA),2025Q4,29,5.546397051715521,0.0,0.9655172413793104,117.0,0.0,0.0,18636736.0
KANPUR NAGAR(DISTRICT MAGISTRAE KANPUR NAGAR_IDA),2026Q1,80,5.70070371714502,0.2375,0.0,345.0,0.0,0.0,45178000.0
KAPURTHALA(DEPUTY COMMISSIONER KAPURTHALA_IDA),2023Q2,25,5.301029995663981,0.8,0.2,411.0,0.16,0.0,5472191.0
KAPURTHALA(DEPUTY COMMISSIONER KAPURTHALA_IDA),2023Q3,54,5.342224241877899,0.6851851851851852,0.3333333333333333,392.0,0.2962962962962963,0.0,20158481.0
KAPURTHALA(DEPUTY COMMISSIONER KAPURTHALA_IDA),2023Q4,58,5.3979400086720375,0.8103448275862069,0.25862068965517243,843.0,0.3448275862068966,0.0,21778779.0
KAPURTHALA(DEPUTY COMMISSIONER KAPURTHALA_IDA),2024Q1,12,5.477121254719663,0.6666666666666666,0.3333333333333333,496.0,0.16666666666666666,0.0,6604520.0
KAPURTHALA(DEPUTY COMMISSIONER KAPURTHALA_IDA),2024Q3,4,5.829303129431316,0.5,0.0,345.0,0.0,0.0,4489998.0
KAPURTHALA(DEPUTY COMMISSIONER KAPURTHALA_IDA),2024Q4,5,5.563243701140398,0.2,0.4,450.5,0.4,0.0,3323600.0
KAPURTHALA(DEPUTY COMMISSIONER KAPURTHALA_IDA),2025Q1,26,5.563243701140398,0.19230769230769232,0.4230769230769231,364.0,0.6923076923076923,0.0,12880047.0
KAPURTHALA(DEPUTY COMMISSIONER KAPURTHALA_IDA),2025Q2,30,5.563243701140398,0.16666666666666666,0.43333333333333335,275.0,0.8333333333333334,0.0,11245000.0
KAPURTHALA(DEPUTY COMMISSIONER KAPURTHALA_IDA),2025Q3,27,5.563243701140398,0.4444444444444444,0.3333333333333333,190.0,0.5185185185185185,0.0,13527526.0
KAPURTHALA(DEPUTY COMMISSIONER KAPURTHALA_IDA),2026Q1,15,5.7040560947322625,0.4,0.0,345.0,0.13333333333333333,0.0,13261204.0
KARAULI(DISTRICT COLLECTOR KARAULI_IDA),2023Q3,4,5.999339370181555,0.0,1.0,297.0,0.0,0.0,3994818.0
KARAULI(DISTRICT COLLECTOR KARAULI_IDA),2024Q1,122,5.42493551192798,0.02459016393442623,0.1557377049180328,526.0,0.05737704918032787,0.0,45981406.0
KARAULI(DISTRICT COLLECTOR KARAULI_IDA),2024Q4,1,5.9997945301126,0.0,1.0,251.0,0.0,0.0,999527.0
KARAULI(DISTRICT COLLECTOR KARAULI_IDA),2025Q3,10,5.812866249840519,0.7,0.2,111.5,0.0,0.0,9169337.0
KARAULI(DISTRICT COLLECTOR KARAULI_IDA),2025Q4,3,5.903089986991944,1.0,0.0,345.0,0.0,0.0,2600000.0
KARAULI(DISTRICT COLLECTOR KARAULI_IDA),2026Q1,19,5.698970004336019,0.6842105263157895,0.15789473684210525,57.0,0.0,0.0,10522608.0
KARBI ANGLONG(DEPUTY COMMISSIONER KARBI ANGLONG_IDA),2023Q4,10,6.3979400086720375,1.0,0.0,345.0,0.0,0.0,27500000.0
KARBI ANGLONG(DEPUTY COMMISSIONER KARBI ANGLONG_IDA),2024Q1,12,6.301029995663981,1.0,0.16666666666666666,167.0,0.0,0.0,48000000.0
KARBI ANGLONG(DEPUTY COMMISSIONER KARBI ANGLONG_IDA),2024Q3,26,5.698970004336019,0.9230769230769231,0.07692307692307693,105.0,0.0,0.0,25382540.0
KARBI ANGLONG(DEPUTY COMMISSIONER KARBI ANGLONG_IDA),2024Q4,11,5.698970004336019,1.0,0.0,345.0,0.0,0.0,11000000.0
KARBI ANGLONG(DEPUTY COMMISSIONER KARBI ANGLONG_IDA),2025Q1,4,5.477121254719663,1.0,0.0,345.0,0.0,0.0,2200000.0
KARBI ANGLONG(DEPUTY COMMISSIONER KARBI ANGLONG_IDA),2025Q2,8,6.176091259055681,1.0,0.0,345.0,0.0,0.0,16300000.0
KARBI ANGLONG(DEPUTY COMMISSIONER KARBI ANGLONG_IDA),2025Q3,10,5.954242509439325,1.0,0.0,345.0,0.0,0.0,10600000.0
KARBI ANGLONG(DEPUTY COMMISSIONER KARBI ANGLONG_IDA),2025Q4,8,5.698970004336019,1.0,0.0,345.0,0.25,0.0,6400000.0
KARBI ANGLONG(DEPUTY COMMISSIONER KARBI ANGLONG_IDA),2026Q1,4,5.544068044350276,1.0,0.0,345.0,0.0,0.0,2200000.0
KARGIL(Deputy CommissionerKargil),2025Q4,23,5.698970004336019,0.9130434782608695,0.0,345.0,0.0,0.0,15258000.0
KARGIL(Deputy CommissionerKargil),2026Q1,33,5.6020599913279625,0.9696969696969697,0.0,345.0,0.0,0.0,20214000.0
"KARIMGANJ(Deputy Commissioner , Karimganj)",2023Q3,17,6.206491259481252,0.17647058823529413,0.0,345.0,0.4117647058823529,0.0,28133808.0
"KARIMGANJ(Deputy Commissioner , Karimganj)",2023Q4,29,6.0,0.5862068965517241,0.0,345.0,0.41379310344827586,0.0,34894550.0
"KARIMGANJ(Deputy Commissioner , Karimganj)",2025Q3,35,6.299942900022767,0.6857142857142857,0.0,345.0,0.0,0.0,62910000.0
"KARIMGANJ(Deputy Commissioner , Karimganj)",2025Q4,3,6.176091259055681,1.0,0.0,345.0,0.0,0.0,5500000.0
"KARIMGANJ(Deputy Commissioner , Karimganj)",2026Q1,17,6.0,1.0,0.0,345.0,0.0,0.0,24950000.0
KARIMNAGAR(DISTRICT COLLECTOR KARIMNAGAR_IDA),2019Q4,2,4.556784782307026,0.0,0.0,345.0,0.0,0.0,72080.0
KARIMNAGAR(DISTRICT COLLECTOR KARIMNAGAR_IDA),2022Q2,1,5.698970004336019,1.0,0.0,345.0,0.0,0.0,500000.0
KARIMNAGAR(DISTRICT COLLECTOR KARIMNAGAR_IDA),2022Q4,8,4.096910013008056,0.0,0.0,345.0,0.0,0.0,100000.0
KARIMNAGAR(DISTRICT COLLECTOR KARIMNAGAR_IDA),2023Q1,10,5.176091259055681,0.8,0.0,345.0,0.0,0.0,1824200.0
KARIMNAGAR(DISTRICT COLLECTOR KARIMNAGAR_IDA),2023Q2,1,5.0,1.0,0.0,345.0,0.0,0.0,100000.0
KARIMNAGAR(DISTRICT COLLECTOR KARIMNAGAR_IDA),2023Q3,1,5.6020599913279625,1.0,0.0,345.0,0.0,0.0,400000.0
KARIMNAGAR(DISTRICT COLLECTOR KARIMNAGAR_IDA),2024Q1,242,5.477121254719663,0.8512396694214877,0.0,345.0,0.0,0.0,88910418.0
KARIMNAGAR(DISTRICT COLLECTOR KARIMNAGAR_IDA),2025Q1,41,5.477121254719663,0.926829268292683,0.04878048780487805,376.0,0.0,0.0,19733397.0
KARIMNAGAR(DISTRICT COLLECTOR KARIMNAGAR_IDA),2025Q2,54,5.301029995663981,0.7962962962962963,0.14814814814814814,323.5,0.0,0.0,19994835.0
KARIMNAGAR(DISTRICT COLLECTOR KARIMNAGAR_IDA),2025Q3,89,5.301029995663981,0.898876404494382,0.10112359550561797,257.0,0.0,0.0,22373766.0
KARIMNAGAR(DISTRICT COLLECTOR KARIMNAGAR_IDA),2025Q4,43,5.301029995663981,0.9069767441860465,0.0,345.0,0.0,0.0,15175552.0
KARIMNAGAR(DISTRICT COLLECTOR KARIMNAGAR_IDA),2026Q1,2,5.6020599913279625,1.0,0.0,345.0,0.0,0.0,800000.0
KARNAL(DEPUTY COMMISSIONER KARNAL),2023Q4,56,5.682074644530787,0.3392857142857143,0.8035714285714286,834.0,0.0,0.0,33727420.0
KARNAL(DEPUTY COMMISSIONER KARNAL),2024Q1,30,5.99862109977898,0.26666666666666666,0.7666666666666667,785.0,0.26666666666666666,0.0,34141680.0
KARNAL(DEPUTY COMMISSIONER KARNAL),2024Q4,1,5.698970004336019,1.0,0.0,345.0,0.0,0.0,500000.0
KARNAL(DEPUTY COMMISSIONER KARNAL),2025Q1,1,6.176091259055681,1.0,0.0,345.0,0.0,0.0,1500000.0
KARNAL(DEPUTY COMMISSIONER KARNAL),2025Q4,1,6.0,1.0,0.0,345.0,0.0,0.0,1000000.0
KARNAL(DEPUTY COMMISSIONER KARNAL),2026Q1,2,5.698970004336019,1.0,0.0,345.0,0.0,0.0,1000000.0
KARUR(DISTRICT COLLECTOR KARUR_IDA),2023Q4,62,5.301029995663981,0.41935483870967744,0.5161290322580645,950.0,0.0,0.0,36026726.0
KARUR(DISTRICT COLLECTOR KARUR_IDA),2024Q1,27,5.298983999733384,0.3333333333333333,0.4444444444444444,816.0,0.0,0.0,5315549.0
KARUR(DISTRICT COLLECTOR KARUR_IDA),2024Q4,9,5.425305927670319,0.2222222222222222,0.6666666666666666,485.0,0.0,0.0,6025381.0
KARUR(DISTRICT COLLECTOR KARUR_IDA),2025Q1,19,5.298983999733384,0.3684210526315789,0.631578947368421,374.0,0.0,0.0,13862849.0
KARUR(DISTRICT COLLECTOR KARUR_IDA),2025Q2,37,5.301029995663981,0.7297297297297297,0.21621621621621623,306.0,0.0,0.0,18618261.0
KARUR(DISTRICT COLLECTOR KARUR_IDA),2025Q3,5,6.2552725051033065,0.8,0.4,198.5,0.0,0.0,8399485.0
KARUR(DISTRICT COLLECTOR KARUR_IDA),2025Q4,8,5.301029995663981,0.75,0.125,208.0,0.0,0.0,3062900.0
KARUR(DISTRICT COLLECTOR KARUR_IDA),2026Q1,7,5.845098040014257,1.0,0.0,345.0,0.0,0.0,14200000.0
KASARAGOD(DISTRICT COLLECTOR KASARAGOD_IDA),2023Q4,26,5.595885149025338,0.0,1.0,110.0,0.0,0.11538461538461539,19781079.0
KASARAGOD(DISTRICT COLLECTOR KASARAGOD_IDA),2024Q1,208,5.475894814185632,0.004807692307692308,0.9855769230769231,231.0,0.0,0.038461538461538464,67323707.0
KASARAGOD(DISTRICT COLLECTOR KASARAGOD_IDA),2024Q3,1,6.374794888156794,0.0,1.0,173.0,0.0,0.0,2370254.0
KASARAGOD(DISTRICT COLLECTOR KASARAGOD_IDA),2024Q4,22,5.475986264314268,0.4090909090909091,0.6818181818181818,437.0,0.0,0.045454545454545456,9439470.0
KASARAGOD(DISTRICT COLLECTOR KASARAGOD_IDA),2025Q1,16,5.301029995663981,0.75,0.1875,398.0,0.0625,0.0625,4592058.0
KASARAGOD(DISTRICT COLLECTOR KASARAGOD_IDA),2025Q2,2,5.46000654996647,0.0,1.0,285.5,0.0,0.0,576815.0
KASARAGOD(DISTRICT COLLECTOR KASARAGOD_IDA),2025Q3,26,5.088136088700551,0.46153846153846156,0.6153846153846154,169.0,0.0,0.0,5285000.0
KASARAGOD(DISTRICT COLLECTOR KASARAGOD_IDA),2025Q4,31,5.475918041439468,0.12903225806451613,0.2903225806451613,161.0,0.0,0.0,11908887.0
KASARAGOD(DISTRICT COLLECTOR KASARAGOD_IDA),2026Q1,34,5.311753861055754,0.17647058823529413,0.029411764705882353,20.0,0.029411764705882353,0.0,10894791.0
KATHUA(DISTRICT DEVELOPMENT COMMISSIONER KATHUA_IDA),2024Q1,46,5.157607853361668,0.10869565217391304,0.8695652173913043,654.0,0.0,0.021739130434782608,15077030.0
KATHUA(DISTRICT DEVELOPMENT COMMISSIONER KATHUA_IDA),2024Q4,77,5.165837624690128,0.0,0.948051948051948,380.0,0.0,0.0,14189055.0
KATHUA(DISTRICT DEVELOPMENT COMMISSIONER KATHUA_IDA),2025Q1,35,5.2552725051033065,0.05714285714285714,0.9714285714285714,338.0,0.0,0.0,7752195.0
KATHUA(DISTRICT DEVELOPMENT COMMISSIONER KATHUA_IDA),2025Q3,22,5.221414237842339,0.0,0.8636363636363636,168.0,0.0,0.0,4604400.0
KATHUA(DISTRICT DEVELOPMENT COMMISSIONER KATHUA_IDA),2026Q1,27,5.544068044350276,1.0,0.0,345.0,0.8148148148148148,0.0,8700000.0
KATIHAR(DISTRICT PLANNING OFFICER KATIHAR_IDA),2023Q4,25,5.936564005135266,0.0,1.0,86.0,0.0,0.0,21602500.0
KATIHAR(DISTRICT PLANNING OFFICER KATIHAR_IDA),2024Q1,52,5.916871197170001,0.019230769230769232,0.9807692307692307,91.0,0.0,0.09615384615384616,41284952.0
KATIHAR(DISTRICT PLANNING OFFICER KATIHAR_IDA),2024Q4,24,5.9977095819308675,0.0,1.0,451.5,0.9583333333333334,0.0,23675840.0
KATIHAR(DISTRICT PLANNING OFFICER KATIHAR_IDA),2025Q1,3,5.9977095819308675,0.0,1.0,405.0,0.6666666666666666,0.0,2984220.0
KATIHAR(DISTRICT PLANNING OFFICER KATIHAR_IDA),2025Q3,44,5.984527313343793,0.0,0.4318181818181818,182.0,0.6136363636363636,0.0,40337600.0
KATIHAR(DISTRICT PLANNING OFFICER KATIHAR_IDA),2025Q4,25,5.986771734266245,0.0,0.0,345.0,1.0,0.0,24250000.0
KATIHAR(DISTRICT PLANNING OFFICER KATIHAR_IDA),2026Q1,7,5.986771734266245,0.0,0.2857142857142857,63.0,0.0,0.0,6780000.0
KATNI(District Collector Katni_IDA),2023Q3,4,5.140665139976736,0.0,0.0,345.0,0.0,0.0,589592.0
KATNI(District Collector Katni_IDA),2024Q1,102,5.69877452783365,0.37254901960784315,0.6862745098039216,709.0,0.35294117647058826,0.0,47705520.99
KATNI(District Collector Katni_IDA),2025Q1,2,5.812913356642856,1.0,0.0,345.0,0.0,0.0,1300000.0
KATNI(District Collector Katni_IDA),2025Q3,3,6.0,1.0,0.0,345.0,0.0,0.0,2400000.0
KATNI(District Collector Katni_IDA),2026Q1,2,5.8750612633917,1.0,0.0,345.0,0.0,0.0,1500000.0
KAUSHAMBI(DISTRICT MAGISTRAE KAUSHAMBI_IDA),2023Q4,51,5.764792378184302,0.21568627450980393,0.7647058823529411,570.0,0.0784313725490196,0.0,31140004.0
KAUSHAMBI(DISTRICT MAGISTRAE KAUSHAMBI_IDA),2024Q1,36,5.250288230061403,0.1111111111111111,0.7777777777777778,524.0,0.0,0.0,11508917.0
KAUSHAMBI(DISTRICT MAGISTRAE KAUSHAMBI_IDA),2024Q3,221,4.868797207956958,0.004524886877828055,0.9728506787330317,496.0,0.0,0.0,17063960.0
KAUSHAMBI(DISTRICT MAGISTRAE KAUSHAMBI_IDA),2024Q4,11,4.869231719730976,0.0,0.0,345.0,0.0,0.0,814000.0
KAUSHAMBI(DISTRICT MAGISTRAE KAUSHAMBI_IDA),2025Q1,9,4.869231719730976,0.0,0.0,345.0,0.0,0.0,666000.0
KAUSHAMBI(DISTRICT MAGISTRAE KAUSHAMBI_IDA),2025Q3,296,4.869231719730976,0.006756756756756757,0.34797297297297297,264.0,0.0,0.0,31221642.0
KAUSHAMBI(DISTRICT MAGISTRAE KAUSHAMBI_IDA),2026Q1,33,4.869231719730976,0.0,0.0,345.0,0.0,0.0,3404000.0
KENDRAPARA(DISTRICT COLLECTOR KENDRAPARA_IDA),2023Q4,47,5.698970004336019,0.40425531914893614,0.9148936170212766,91.0,0.0,0.0,51281046.0
KENDRAPARA(DISTRICT COLLECTOR KENDRAPARA_IDA),2024Q1,35,5.681241237375588,0.42857142857142855,0.9142857142857143,43.5,0.0,0.0,20550492.0
KENDRAPARA(DISTRICT COLLECTOR KENDRAPARA_IDA),2024Q3,1,5.698970004336019,1.0,0.0,345.0,0.0,0.0,500000.0
KENDRAPARA(DISTRICT COLLECTOR KENDRAPARA_IDA),2024Q4,21,5.778151250383644,0.9523809523809523,0.7142857142857143,254.0,0.2857142857142857,0.0,12110000.0
KENDRAPARA(DISTRICT COLLECTOR KENDRAPARA_IDA),2025Q1,19,6.0,1.0,0.42105263157894735,224.0,0.0,0.0,16700000.0
KENDRAPARA(DISTRICT COLLECTOR KENDRAPARA_IDA),2025Q2,7,6.301029995663981,1.0,0.0,345.0,0.0,0.0,14700000.0
KENDRAPARA(DISTRICT COLLECTOR KENDRAPARA_IDA),2025Q3,36,5.740362689494244,0.6944444444444444,0.3888888888888889,250.5,0.0,0.0,32640000.0
KENDRAPARA(DISTRICT COLLECTOR KENDRAPARA_IDA),2025Q4,10,5.903089986991944,1.0,0.2,75.0,0.0,0.0,9650000.0
KENDRAPARA(DISTRICT COLLECTOR KENDRAPARA_IDA),2026Q1,3,6.60422605308447,0.6666666666666666,0.0,345.0,0.0,0.0,11420000.0
KENDUJHAR(DISTRICT COLLECTOR KEONJHAR_IDA),2023Q4,27,5.3979400086720375,1.0,0.37037037037037035,707.0,0.0,0.0,9100000.0
KENDUJHAR(DISTRICT COLLECTOR KEONJHAR_IDA),2024Q1,189,5.5910646070264995,0.6931216931216931,0.5026455026455027,635.0,0.0,0.0,78262317.0
KENDUJHAR(DISTRICT COLLECTOR KEONJHAR_IDA),2025Q1,92,5.477121254719663,0.967391304347826,0.043478260869565216,326.5,0.0,0.0,29055000.0
KENDUJHAR(DISTRICT COLLECTOR KEONJHAR_IDA),2025Q2,1,5.544068044350276,1.0,0.0,345.0,0.0,0.0,350000.0
KENDUJHAR(DISTRICT COLLECTOR KEONJHAR_IDA),2025Q3,28,5.477121254719663,0.9285714285714286,0.0,345.0,0.0,0.0,9180000.0
KENDUJHAR(DISTRICT COLLECTOR KEONJHAR_IDA),2025Q4,76,5.6020599913279625,0.9868421052631579,0.0,345.0,0.0,0.0,35260000.0
KENDUJHAR(DISTRICT COLLECTOR KEONJHAR_IDA),2026Q1,22,5.6020599913279625,0.9545454545454546,0.0,345.0,0.0,0.0,9540000.0
KHAGARIA(DISTRICT PLANNING OFFICER KHAGARIA_IDA),2023Q3,62,5.3161591281079685,0.0,1.0,704.0,0.8870967741935484,0.0,20999133.0
KHAGARIA(DISTRICT PLANNING OFFICER KHAGARIA_IDA),2023Q4,23,5.351995248564828,0.0,1.0,592.0,0.0,0.0,7590897.0
KHAGARIA(DISTRICT PLANNING OFFICER KHAGARIA_IDA),2024Q1,46,5.317147846763587,0.0,0.9565217391304348,493.0,0.0,0.0,10745708.0
KHAGARIA(DISTRICT PLANNING OFFICER KHAGARIA_IDA),2024Q3,1,5.724275869600789,0.0,0.0,345.0,0.0,0.0,530000.0
KHAGARIA(DISTRICT PLANNING OFFICER KHAGARIA_IDA),2024Q4,21,5.998695158311656,0.0,1.0,261.0,0.5238095238095238,0.0,20045029.0
KHAGARIA(DISTRICT PLANNING OFFICER KHAGARIA_IDA),2025Q1,14,5.999348069206722,0.0,1.0,197.0,0.35714285714285715,0.0,15184133.0
KHAGARIA(DISTRICT PLANNING OFFICER KHAGARIA_IDA),2025Q2,18,5.999770197430934,0.05555555555555555,0.8333333333333334,241.0,0.2777777777777778,0.0,19370600.0
KHAGARIA(DISTRICT PLANNING OFFICER KHAGARIA_IDA),2025Q3,1,5.6020599913279625,1.0,0.0,345.0,0.0,0.0,400000.0
KHAGARIA(DISTRICT PLANNING OFFICER KHAGARIA_IDA),2026Q1,1,6.078180130025427,0.0,1.0,7.0,0.0,0.0,1197237.0
KHAMMAM(DISTRICT COLLECTOR KHAMMAM_IDA),2022Q3,8,5.601663516694151,0.5,0.5,1326.0,0.0,0.0,2949199.0
KHAMMAM(DISTRICT COLLECTOR KHAMMAM_IDA),2023Q1,19,5.698970004336019,0.5789473684210527,0.42105263157894735,1155.0,0.0,0.0,7968736.0
KHAMMAM(DISTRICT COLLECTOR KHAMMAM_IDA),2024Q1,172,5.696743760394957,0.36046511627906974,0.6918604651162791,798.0,0.0,0.0,75503398.0
KHAMMAM(DISTRICT COLLECTOR KHAMMAM_IDA),2025Q1,4,5.146128035678238,0.25,0.0,345.0,0.0,0.0,660000.0
KHAMMAM(DISTRICT COLLECTOR KHAMMAM_IDA),2025Q2,62,5.697229342759718,0.5483870967741935,0.08064516129032258,305.0,0.03225806451612903,0.0,24989367.0
KHAMMAM(DISTRICT COLLECTOR KHAMMAM_IDA),2025Q3,17,5.6020599913279625,0.5882352941176471,0.0,345.0,0.0,0.0,7104111.0
KHAMMAM(DISTRICT COLLECTOR KHAMMAM_IDA),2025Q4,22,5.544068044350276,0.5909090909090909,0.0,345.0,0.0,0.0,7770000.0
KHAMMAM(DISTRICT COLLECTOR KHAMMAM_IDA),2026Q1,123,5.653212513775344,0.8699186991869918,0.0,345.0,0.0,0.0,83495741.0
"KHAWZAWL(Office of the Deputy Commissioner, Khawzawl)",2024Q1,1,6.3979400086720375,1.0,1.0,672.0,0.0,0.0,2500000.0
"KHAWZAWL(Office of the Deputy Commissioner, Khawzawl)",2025Q3,7,5.6020599913279625,1.0,0.0,345.0,0.0,0.0,3850000.0
"KHAWZAWL(Office of the Deputy Commissioner, Khawzawl)",2025Q4,3,5.698970004336019,1.0,0.0,345.0,0.0,0.0,1800000.0
"KHAWZAWL(Office of the Deputy Commissioner, Khawzawl)",2026Q1,1,5.3979400086720375,1.0,0.0,345.0,0.0,0.0,250000.0
KHEDA(DISTRICT COLLECTOR KHEDA_IDA),2023Q3,195,5.176091259055681,0.48717948717948717,0.8307692307692308,404.0,0.0,0.3384615384615385,32836934.0
KHEDA(DISTRICT COLLECTOR KHEDA_IDA),2023Q4,269,5.176091259055681,0.34572490706319703,0.8921933085501859,272.0,0.0,0.011152416356877323,49414634.0
KHEDA(DISTRICT COLLECTOR KHEDA_IDA),2024Q1,148,5.094572440556444,0.42567567567567566,0.8175675675675675,231.5,0.0,0.006756756756756757,27750034.0
KHEDA(DISTRICT COLLECTOR KHEDA_IDA),2024Q3,27,5.4756174428724504,0.037037037037037035,0.9629629629629629,105.0,0.0,0.0,8453047.0
KHEDA(DISTRICT COLLECTOR KHEDA_IDA),2024Q4,33,5.298739577594849,0.15151515151515152,0.8787878787878788,73.5,0.0,0.030303030303030304,7423751.0
KHEDA(DISTRICT COLLECTOR KHEDA_IDA),2025Q1,158,5.301029995663981,0.6012658227848101,0.7088607594936709,267.0,0.012658227848101266,0.0,33254357.0
KHEDA(DISTRICT COLLECTOR KHEDA_IDA),2025Q2,69,5.176091259055681,0.5652173913043478,0.5072463768115942,282.0,0.0,0.0,11810030.0
KHEDA(DISTRICT COLLECTOR KHEDA_IDA),2025Q3,114,5.301029995663981,0.7368421052631579,0.3333333333333333,203.5,0.10526315789473684,0.0,32408115.0
KHEDA(DISTRICT COLLECTOR KHEDA_IDA),2025Q4,20,5.301029995663981,0.8,0.25,122.0,0.0,0.0,4948379.0
KHEDA(DISTRICT COLLECTOR KHEDA_IDA),2026Q1,51,5.301029995663981,0.9019607843137255,0.0,345.0,0.0,0.0,13668000.0
KHERI(DISTRICT MAGISTRAE KHERI_IDA),2023Q4,34,5.96360085165134,0.0,1.0,341.0,0.0,0.0,36807013.52
KHERI(DISTRICT MAGISTRAE KHERI_IDA),2024Q1,27,5.991007987387077,0.0,1.0,242.0,0.0,0.0,24586889.0
KHERI(DISTRICT MAGISTRAE KHERI_IDA),2024Q4,82,5.220152561703745,0.0,1.0,385.0,0.6829268292682927,0.0,28577991.0
KHERI(DISTRICT MAGISTRAE KHERI_IDA),2025Q1,196,5.2201944151096535,0.0,1.0,361.0,0.0,0.0,39176777.0
KHERI(DISTRICT MAGISTRAE KHERI_IDA),2025Q2,83,4.186504298493139,0.0,0.024096385542168676,370.0,0.0,0.0,3228369.0
KHERI(DISTRICT MAGISTRAE KHERI_IDA),2025Q3,79,5.198106998873402,0.0,0.012658227848101266,273.0,0.0,0.0,14605155.0
KHERI(DISTRICT MAGISTRAE KHERI_IDA),2025Q4,68,5.198106998873402,0.0,0.0,345.0,0.0,0.0,10730400.0
KHERI(DISTRICT MAGISTRAE KHERI_IDA),2026Q1,34,6.077622229244519,0.0,0.0,345.0,0.0,0.0,49453976.0
KHORDHA(DISTRICT COLLECTOR KHORDHA_IDA),2023Q2,504,5.0,0.6805555555555556,0.10317460317460317,722.5,0.017857142857142856,0.0,66450000.0
KHORDHA(DISTRICT COLLECTOR KHORDHA_IDA),2023Q3,3,5.0,1.0,0.3333333333333333,352.0,0.0,0.0,1200000.0
KHORDHA(DISTRICT COLLECTOR KHORDHA_IDA),2023Q4,12,5.477121254719663,1.0,0.0,345.0,0.0,0.0,10000000.0
KHORDHA(DISTRICT COLLECTOR KHORDHA_IDA),2024Q1,67,5.477121254719663,1.0,0.029850746268656716,706.5,0.0,0.0,23650000.0
KHORDHA(DISTRICT COLLECTOR KHORDHA_IDA),2024Q3,6,6.0,1.0,0.0,345.0,0.0,0.0,4800000.0
KHORDHA(DISTRICT COLLECTOR KHORDHA_IDA),2024Q4,154,5.3979400086720375,0.9935064935064936,0.11688311688311688,471.0,0.0,0.0,47725000.0
KHORDHA(DISTRICT COLLECTOR KHORDHA_IDA),2025Q1,40,5.0,0.975,0.0,345.0,0.0,0.0,12940000.0
KHORDHA(DISTRICT COLLECTOR KHORDHA_IDA),2025Q2,50,6.0,1.0,0.04,330.0,0.0,0.0,33650000.0
KHORDHA(DISTRICT COLLECTOR KHORDHA_IDA),2025Q3,46,5.698970004336019,0.8478260869565217,0.0,345.0,0.0,0.0,21952500.0
KHORDHA(DISTRICT COLLECTOR KHORDHA_IDA),2025Q4,10,5.698970004336019,1.0,0.0,345.0,0.0,0.0,53650000.0
KHORDHA(DISTRICT COLLECTOR KHORDHA_IDA),2026Q1,53,5.301029995663981,0.9811320754716981,0.0,345.0,0.0,0.0,14790000.0
KHUNTI(DEPUTY COMMISSIONER KHUNTI_IDA),2023Q2,29,5.477121254719663,0.896551724137931,0.4827586206896552,345.0,0.0,0.4827586206896552,10025000.0
KHUNTI(DEPUTY COMMISSIONER KHUNTI_IDA),2023Q3,3,5.6020599913279625,1.0,0.3333333333333333,345.0,0.0,0.3333333333333333,2050000.0
KHUNTI(DEPUTY COMMISSIONER KHUNTI_IDA),2024Q1,30,5.6020599913279625,0.9666666666666667,0.7333333333333333,612.0,0.0,0.0,13468000.0
KHUNTI(DEPUTY COMMISSIONER KHUNTI_IDA),2024Q3,40,5.698970004336019,1.0,0.175,453.0,0.0,0.0,24900000.0
KHUNTI(DEPUTY COMMISSIONER KHUNTI_IDA),2024Q4,1,5.812913356642856,1.0,0.0,345.0,0.0,0.0,650000.0
KHUNTI(DEPUTY COMMISSIONER KHUNTI_IDA),2025Q2,30,5.6020599913279625,0.9666666666666667,0.0,345.0,0.0,0.0,15306000.0
KHUNTI(DEPUTY COMMISSIONER KHUNTI_IDA),2025Q3,2,5.826690157228338,0.5,0.0,345.0,0.0,0.0,1341900.0
KHUNTI(DEPUTY COMMISSIONER KHUNTI_IDA),2025Q4,5,5.3979400086720375,1.0,0.0,345.0,0.0,0.0,2600000.0
KINNAUR(DEPUTY COMMISSIONER KINNAUR_IDA),2023Q4,11,5.301029995663981,1.0,0.09090909090909091,785.0,0.0,0.0,1900000.0
KINNAUR(DEPUTY COMMISSIONER KINNAUR_IDA),2024Q1,4,5.301029995663981,1.0,0.0,345.0,0.0,0.0,750000.0
KINNAUR(DEPUTY COMMISSIONER KINNAUR_IDA),2024Q3,1,6.30099807384642,0.0,1.0,311.0,0.0,0.0,1999853.0
KINNAUR(DEPUTY COMMISSIONER KINNAUR_IDA),2024Q4,1,5.477121254719663,1.0,0.0,345.0,0.0,0.0,300000.0
KINNAUR(DEPUTY COMMISSIONER KINNAUR_IDA),2025Q2,1,6.3979400086720375,1.0,0.0,345.0,0.0,0.0,2500000.0
KINNAUR(DEPUTY COMMISSIONER KINNAUR_IDA),2025Q4,9,5.698970004336019,1.0,0.0,345.0,0.0,0.0,6200000.0
KINNAUR(DEPUTY COMMISSIONER KINNAUR_IDA),2026Q1,2,6.010617926988539,0.5,0.0,345.0,0.0,0.0,2049500.0
KIPHIRE(Deputy Commissioner Kiphire_IDA),2023Q4,1,6.3979400086720375,1.0,1.0,230.0,0.0,0.0,2500000.0
KISHANGANJ(DISTRICT PLANNING OFFICER KISHANGANJ_IDA),2023Q3,45,5.9237619608287,0.0,1.0,175.0,0.0,0.0,37896453.0
KISHANGANJ(DISTRICT PLANNING OFFICER KISHANGANJ_IDA),2023Q4,14,5.923812685946393,0.0,1.0,310.0,0.0,0.7857142857142857,11367278.0
KISHANGANJ(DISTRICT PLANNING OFFICER KISHANGANJ_IDA),2024Q1,22,5.8123116091311235,0.0,1.0,244.0,0.0,0.0,15985997.0
KISHANGANJ(DISTRICT PLANNING OFFICER KISHANGANJ_IDA),2024Q4,51,5.8123116091311235,0.0,0.9803921568627451,388.0,0.0,0.0,33104100.0
KISHANGANJ(DISTRICT PLANNING OFFICER KISHANGANJ_IDA),2025Q3,46,5.8123116091311235,0.0,0.9565217391304348,263.0,0.0,0.0,29858600.0
KISHTWAR(Deputy Commissioner Kishtwar_IDA),2024Q1,16,5.227629649571009,0.0625,0.875,762.0,0.0,0.0,7526639.0
KISHTWAR(Deputy Commissioner Kishtwar_IDA),2025Q3,2,6.138302698166282,1.0,0.0,345.0,0.0,0.0,2750000.0
KISHTWAR(Deputy Commissioner Kishtwar_IDA),2026Q1,3,5.698970004336019,1.0,0.0,345.0,0.0,0.0,1300000.0
KODAGU(Deputy Commsioner Kodagu_ida),2024Q1,69,5.698970004336019,1.0,0.0,345.0,0.0,0.0,28800000.0
KODAGU(Deputy Commsioner Kodagu_ida),2024Q3,5,5.698970004336019,1.0,0.0,345.0,0.0,0.0,3000000.0
KODAGU(Deputy Commsioner Kodagu_ida),2024Q4,19,5.698970004336019,1.0,0.0,345.0,0.0,0.0,8150000.0
KODAGU(Deputy Commsioner Kodagu_ida),2025Q1,6,5.698970004336019,1.0,0.0,345.0,0.0,0.0,3000000.0
KODAGU(Deputy Commsioner Kodagu_ida),2025Q3,8,5.698970004336019,1.0,0.0,345.0,0.0,0.0,3800000.0
KODAGU(Deputy Commsioner Kodagu_ida),2025Q4,25,5.795880017344075,0.84,0.0,345.0,0.0,0.0,39250000.0
KODAGU(Deputy Commsioner Kodagu_ida),2026Q1,3,6.176091259055681,1.0,0.0,345.0,0.0,0.0,3900000.0
KODERMA(DEPUTY COMMISSIONER KODARMA_IDA),2023Q3,19,5.3979400086720375,0.6842105263157895,0.7894736842105263,447.0,0.0,0.0,4231520.0
KODERMA(DEPUTY COMMISSIONER KODARMA_IDA),2023Q4,26,5.3979400086720375,0.7692307692307693,0.8076923076923077,362.0,0.0,0.0,7393029.0
KODERMA(DEPUTY COMMISSIONER KODARMA_IDA),2024Q1,34,5.3979400086720375,0.5588235294117647,0.6764705882352942,394.0,0.0,0.0,13320449.0
KODERMA(DEPUTY COMMISSIONER KODARMA_IDA),2025Q1,67,5.477121254719663,0.8059701492537313,0.6567164179104478,384.0,0.0,0.0,21075638.0
KODERMA(DEPUTY COMMISSIONER KODARMA_IDA),2025Q2,4,5.574031267727719,0.75,0.25,280.0,0.0,0.0,1460000.0
KODERMA(DEPUTY COMMISSIONER KODARMA_IDA),2025Q3,19,5.477121254719663,0.8947368421052632,0.15789473684210525,223.0,0.0,0.0,6399903.0
KODERMA(DEPUTY COMMISSIONER KODARMA_IDA),2025Q4,11,5.3979400086720375,0.6363636363636364,0.09090909090909091,98.0,0.0,0.0,3304966.0
KODERMA(DEPUTY COMMISSIONER KODARMA_IDA),2026Q1,4,5.477121254719663,1.0,0.0,345.0,0.0,0.0,1250000.0
KOHIMA(DEPUTY COMMISIONER_7),2024Q3,6,6.096910013008056,1.0,1.0,327.5,0.3333333333333333,0.0,15600000.0
KOHIMA(DEPUTY COMMISIONER_7),2025Q2,2,6.685741738602264,1.0,0.0,345.0,0.0,0.0,9700000.0
KOHIMA(DEPUTY COMMISIONER_7),2025Q3,3,6.0,1.0,0.3333333333333333,202.0,0.0,0.0,3300000.0
KOKRAJHAR(DEPUTY COMMISSIONER KOKRAJHAR_IDA),2024Q2,9,5.998947733597284,0.1111111111111111,0.8888888888888888,396.0,0.0,0.0,8486374.0
KOKRAJHAR(DEPUTY COMMISSIONER KOKRAJHAR_IDA),2024Q3,1,5.999565488225982,0.0,1.0,335.0,0.0,0.0,999000.0
KOKRAJHAR(DEPUTY COMMISSIONER KOKRAJHAR_IDA),2024Q4,2,6.176011775892562,0.5,0.5,456.0,0.0,0.0,2999451.0
KOKRAJHAR(DEPUTY COMMISSIONER KOKRAJHAR_IDA),2025Q1,1,5.698970004336019,1.0,0.0,345.0,0.0,0.0,500000.0
KOKRAJHAR(DEPUTY COMMISSIONER KOKRAJHAR_IDA),2025Q2,18,5.998845850209898,0.16666666666666666,0.8333333333333334,230.0,0.0,0.0,16115620.0
KOKRAJHAR(DEPUTY COMMISSIONER KOKRAJHAR_IDA),2025Q3,5,6.175871450431565,0.2,0.8,184.0,0.0,0.0,7794190.0
KOKRAJHAR(DEPUTY COMMISSIONER KOKRAJHAR_IDA),2025Q4,14,6.176091259055681,1.0,0.0,345.0,0.0,0.0,19250000.0
KOKRAJHAR(DEPUTY COMMISSIONER KOKRAJHAR_IDA),2026Q1,1,6.176091259055681,1.0,0.0,345.0,0.0,0.0,1500000.0
KOLAR(DEPUTY COMMISSIONER KOLAR_IDA),2023Q4,50,5.690196080028514,0.16,0.04,237.0,0.0,0.0,27166000.0
KOLAR(DEPUTY COMMISSIONER KOLAR_IDA),2024Q1,106,5.690196080028514,0.2169811320754717,0.04716981132075472,191.0,0.10377358490566038,0.0,49832000.0
KOLAR(DEPUTY COMMISSIONER KOLAR_IDA),2024Q4,21,5.694605198933568,0.38095238095238093,0.0,345.0,0.0,0.0,8535000.0
KOLAR(DEPUTY COMMISSIONER KOLAR_IDA),2025Q1,13,5.694605198933568,0.46153846153846156,0.15384615384615385,358.5,0.0,0.0,7365000.0
KOLAR(DEPUTY COMMISSIONER KOLAR_IDA),2025Q2,18,5.694605198933568,0.4444444444444444,0.0,345.0,0.0,0.0,11263000.0
KOLAR(DEPUTY COMMISSIONER KOLAR_IDA),2025Q3,1,6.477121254719663,1.0,0.0,345.0,0.0,0.0,3000000.0
KOLAR(DEPUTY COMMISSIONER KOLAR_IDA),2025Q4,2,5.986771734266245,0.5,0.0,345.0,0.0,0.0,1940000.0
KOLAR(DEPUTY COMMISSIONER KOLAR_IDA),2026Q1,10,5.694605198933568,0.2,0.0,345.0,0.0,0.0,4264000.0
KOLASIB(Deputy Commissioner Kolasib),2023Q4,9,6.0,1.0,1.0,790.0,0.0,0.0,10800000.0
KOLASIB(Deputy Commissioner Kolasib),2024Q3,8,5.698970004336019,1.0,1.0,509.0,0.0,0.0,5250000.0
KOLASIB(Deputy Commissioner Kolasib),2024Q4,5,6.0,1.0,1.0,479.0,0.0,0.0,4250000.0
KOLASIB(Deputy Commissioner Kolasib),2025Q1,4,6.301029995663981,1.0,1.0,393.0,0.0,0.0,7300000.0
KOLASIB(Deputy Commissioner Kolasib),2025Q3,2,6.243038048686294,1.0,0.5,185.0,0.0,0.0,3500000.0
KOLHAPUR(DISTRICT COLLECTOR KOLHAPUR_IDA),2020Q4,4,5.82202743413641,0.0,0.25,1950.0,0.0,0.0,2460570.0
KOLHAPUR(DISTRICT COLLECTOR KOLHAPUR_IDA),2022Q3,17,5.698970004336019,0.47058823529411764,0.7647058823529411,1288.0,0.0,0.0,9480732.0
KOLHAPUR(DISTRICT COLLECTOR KOLHAPUR_IDA),2023Q1,15,5.77789928650755,0.26666666666666666,0.8666666666666667,831.0,0.0,0.0,9518048.0
KOLHAPUR(DISTRICT COLLECTOR KOLHAPUR_IDA),2023Q3,44,5.995799668934643,0.25,0.6136363636363636,682.0,0.0,0.0,38690178.0
KOLHAPUR(DISTRICT COLLECTOR KOLHAPUR_IDA),2023Q4,39,5.999565488225982,0.2564102564102564,0.6666666666666666,798.0,0.0,0.0,33456142.0
KOLHAPUR(DISTRICT COLLECTOR KOLHAPUR_IDA),2024Q1,127,5.999565488225982,0.08661417322834646,0.7086614173228346,159.0,0.0,0.11023622047244094,93353546.62
KOLHAPUR(DISTRICT COLLECTOR KOLHAPUR_IDA),2024Q3,8,5.999999782852705,0.625,0.75,544.0,0.0,0.125,8147969.0
KOLHAPUR(DISTRICT COLLECTOR KOLHAPUR_IDA),2024Q4,10,6.0,0.9,0.1,489.0,0.2,0.0,12499999.0
KOLHAPUR(DISTRICT COLLECTOR KOLHAPUR_IDA),2025Q1,18,5.999961780403906,0.6666666666666666,0.6111111111111112,357.0,0.2777777777777778,0.0,16339286.0
KOLHAPUR(DISTRICT COLLECTOR KOLHAPUR_IDA),2025Q2,11,6.0,0.9090909090909091,0.18181818181818182,276.5,0.18181818181818182,0.0,11730000.0
KOLHAPUR(DISTRICT COLLECTOR KOLHAPUR_IDA),2025Q3,50,6.0,0.82,0.12,198.0,0.28,0.0,45527133.0
KOLHAPUR(DISTRICT COLLECTOR KOLHAPUR_IDA),2025Q4,34,6.0,0.7058823529411765,0.058823529411764705,164.0,0.3235294117647059,0.0,26814574.0
KOLHAPUR(DISTRICT COLLECTOR KOLHAPUR_IDA),2026Q1,25,6.0,0.96,0.04,33.0,0.16,0.0,19049298.0
KOLKATA(COMMISSIONER KOLKATA MUNICIPAL CORPORATION_IDA),2023Q3,17,5.903089986991944,0.47058823529411764,0.47058823529411764,866.0,0.0,0.0,19538595.0
KOLKATA(COMMISSIONER KOLKATA MUNICIPAL CORPORATION_IDA),2023Q4,69,5.992641869878398,0.3333333333333333,0.5072463768115942,807.0,0.0,0.0,78225043.0
KOLKATA(COMMISSIONER KOLKATA MUNICIPAL CORPORATION_IDA),2024Q1,56,6.043262241210435,0.5892857142857143,0.30357142857142855,724.0,0.0,0.0,79155874.0
KOLKATA(COMMISSIONER KOLKATA MUNICIPAL CORPORATION_IDA),2024Q3,6,5.688174572174621,0.3333333333333333,0.6666666666666666,520.0,0.0,0.0,2475420.0
KOLKATA(COMMISSIONER KOLKATA MUNICIPAL CORPORATION_IDA),2024Q4,41,5.99256014485912,0.4146341463414634,0.34146341463414637,467.5,0.0,0.0,59154993.0
KOLKATA(COMMISSIONER KOLKATA MUNICIPAL CORPORATION_IDA),2025Q1,38,5.929418925714293,0.6052631578947368,0.2894736842105263,343.0,0.18421052631578946,0.0,427198400.0
KOLKATA(COMMISSIONER KOLKATA MUNICIPAL CORPORATION_IDA),2025Q2,31,5.954242509439325,0.5483870967741935,0.12903225806451613,278.5,0.03225806451612903,0.0,47871600.0
KOLKATA(COMMISSIONER KOLKATA MUNICIPAL CORPORATION_IDA),2025Q3,32,5.999973072907373,0.75,0.0625,212.0,0.0,0.0,49450971.0
KOLKATA(COMMISSIONER KOLKATA MUNICIPAL CORPORATION_IDA),2025Q4,16,5.994252685735575,0.6875,0.0,345.0,0.0,0.0,18307707.0
KOLKATA(COMMISSIONER KOLKATA MUNICIPAL CORPORATION_IDA),2026Q1,43,5.8512583487190755,0.7441860465116279,0.0,345.0,0.11627906976744186,0.0,43009407.0
KOLLAM(DISTRICT COLLECTOR KOLLAM_IDA),2022Q1,1,5.734799829588847,0.0,1.0,1438.0,0.0,0.0,543000.0
KOLLAM(DISTRICT COLLECTOR KOLLAM_IDA),2022Q2,2,6.072999061792436,0.0,1.0,1210.5,0.5,0.0,2366078.0
KOLLAM(DISTRICT COLLECTOR KOLLAM_IDA),2022Q4,1,6.0,1.0,0.0,345.0,0.0,0.0,1000000.0
KOLLAM(DISTRICT COLLECTOR KOLLAM_IDA),2023Q1,4,6.095923740351463,0.25,0.5,1072.0,0.0,0.0,6027272.0
KOLLAM(DISTRICT COLLECTOR KOLLAM_IDA),2023Q4,1,6.138302698166282,0.0,0.0,345.0,0.0,0.0,1375000.0
KOLLAM(DISTRICT COLLECTOR KOLLAM_IDA),2024Q1,104,5.779732457529729,0.33653846153846156,0.625,667.0,0.0,0.0,82813042.0
KOLLAM(DISTRICT COLLECTOR KOLLAM_IDA),2024Q3,27,6.096910013008056,0.4074074074074074,0.4444444444444444,90.0,0.037037037037037035,0.07407407407407407,38155028.34
KOLLAM(DISTRICT COLLECTOR KOLLAM_IDA),2024Q4,11,5.791341810481366,0.36363636363636365,0.6363636363636364,382.0,0.0,0.0,8512021.0
KOLLAM(DISTRICT COLLECTOR KOLLAM_IDA),2025Q1,65,5.477121254719663,0.5384615384615384,0.3384615384615385,358.0,0.0,0.0,30846314.0
KOLLAM(DISTRICT COLLECTOR KOLLAM_IDA),2025Q2,41,5.698970004336019,0.6585365853658537,0.07317073170731707,263.0,0.0,0.0,35295219.0
KOLLAM(DISTRICT COLLECTOR KOLLAM_IDA),2025Q3,76,5.531478917042255,0.5657894736842105,0.0,345.0,0.0,0.0,44615710.0
KOLLAM(DISTRICT COLLECTOR KOLLAM_IDA),2025Q4,68,5.5298151966446305,0.5588235294117647,0.0,345.0,0.0,0.0,34413073.0
KOLLAM(DISTRICT COLLECTOR KOLLAM_IDA),2026Q1,16,6.062055435609746,0.75,0.0,345.0,0.0,0.0,20030201.0
KONDAGAON(DISTRICT COLLECTOR KONDAGAON_IDA),2023Q3,17,5.477121254719663,0.35294117647058826,0.7647058823529411,886.0,0.8235294117647058,0.0,6468660.0
KONDAGAON(DISTRICT COLLECTOR KONDAGAON_IDA),2023Q4,2,5.477121254719663,1.0,0.0,345.0,0.5,0.0,600000.0
KONDAGAON(DISTRICT COLLECTOR KONDAGAON_IDA),2024Q1,2,5.410027745283311,0.0,1.0,695.5,0.0,0.0,514112.0
KONDAGAON(DISTRICT COLLECTOR KONDAGAON_IDA),2024Q3,4,6.0,0.75,0.25,475.0,0.0,0.0,3985000.0
KONDAGAON(DISTRICT COLLECTOR KONDAGAON_IDA),2024Q4,5,5.954242509439325,1.0,0.0,345.0,0.0,0.0,3700000.0
KONDAGAON(DISTRICT COLLECTOR KONDAGAON_IDA),2025Q1,7,5.698970004336019,0.8571428571428571,0.0,345.0,0.0,0.0,4999000.0
KONDAGAON(DISTRICT COLLECTOR KONDAGAON_IDA),2025Q2,3,5.414973347970818,0.0,0.0,345.0,0.0,0.0,780000.0
KONDAGAON(DISTRICT COLLECTOR KONDAGAON_IDA),2025Q3,7,5.698970004336019,0.5714285714285714,0.0,345.0,0.0,0.0,5194000.0
KONDAGAON(DISTRICT COLLECTOR KONDAGAON_IDA),2025Q4,2,6.060508975605297,0.0,0.0,345.0,0.0,0.0,2299000.0
KOPPAL(DEPUTY COMMISSIONER KOPPAL_IDA),2023Q4,151,5.477121254719663,0.6357615894039735,0.36423841059602646,834.0,0.1390728476821192,0.0,52927954.0
KOPPAL(DEPUTY COMMISSIONER KOPPAL_IDA),2024Q1,56,5.477121254719663,0.48214285714285715,0.30357142857142855,754.0,0.0,0.0,15279378.0
KOPPAL(DEPUTY COMMISSIONER KOPPAL_IDA),2024Q4,13,5.696727608616273,0.46153846153846156,0.5384615384615384,440.0,0.0,0.0,10679803.0
KOPPAL(DEPUTY COMMISSIONER KOPPAL_IDA),2025Q1,52,5.696695739831628,0.7307692307692307,0.2692307692307692,380.0,0.0,0.0,27417504.0
KOPPAL(DEPUTY COMMISSIONER KOPPAL_IDA),2025Q2,32,5.696514960280562,0.34375,0.3125,314.0,0.0,0.0,14290075.0
KOPPAL(DEPUTY COMMISSIONER KOPPAL_IDA),2025Q3,56,5.698970004336019,0.7321428571428571,0.17857142857142858,214.0,0.0,0.0,29022717.0
KOPPAL(DEPUTY COMMISSIONER KOPPAL_IDA),2025Q4,7,6.0,1.0,0.0,345.0,0.0,0.0,9500000.0
KOPPAL(DEPUTY COMMISSIONER KOPPAL_IDA),2026Q1,8,5.698970004336019,1.0,0.0,345.0,0.0,0.0,4000000.0
KORAPUT(District Collector Koraput_IDA),2023Q2,93,5.3979400086720375,0.989247311827957,0.8279569892473119,979.0,0.0,0.0,29043677.0
KORAPUT(District Collector Koraput_IDA),2024Q1,87,5.3979400086720375,1.0,0.3448275862068966,745.0,0.0,0.0,25800000.0
KORAPUT(District Collector Koraput_IDA),2024Q4,18,5.477121254719663,1.0,0.1111111111111111,455.0,0.0,0.0,6600000.0
KORAPUT(District Collector Koraput_IDA),2025Q1,4,5.477121254719663,1.0,0.0,345.0,0.0,0.0,1800000.0
KORAPUT(District Collector Koraput_IDA),2025Q2,63,5.3979400086720375,0.9841269841269841,0.4444444444444444,251.0,0.0,0.0,21647405.0
KORAPUT(District Collector Koraput_IDA),2025Q3,85,5.3979400086720375,0.9058823529411765,0.5882352941176471,149.0,0.0,0.0,29950000.0
KORAPUT(District Collector Koraput_IDA),2025Q4,1,6.176091259055681,1.0,0.0,345.0,0.0,0.0,1500000.0
KORAPUT(District Collector Koraput_IDA),2026Q1,49,5.477121254719663,0.9795918367346939,0.0,345.0,0.0,0.0,14910000.0
KORBA(Collector-Korba),2023Q3,18,5.679859704940001,0.6666666666666666,0.6666666666666666,670.5,0.0,0.0,8597992.0
KORBA(Collector-Korba),2023Q4,26,5.477121254719663,0.7307692307692307,0.8076923076923077,407.0,0.0,0.0,10104715.0
KORBA(Collector-Korba),2024Q1,37,5.6411557095034235,0.5135135135135135,0.8918918918918919,159.0,0.0,0.0,19538355.0
KORBA(Collector-Korba),2024Q3,22,5.574031267727719,0.9090909090909091,0.3181818181818182,198.0,0.0,0.0,8094206.0
KORBA(Collector-Korba),2024Q4,55,5.477121254719663,0.7272727272727273,0.5272727272727272,292.0,0.0,0.0,19116366.0
KORBA(Collector-Korba),2025Q2,56,5.43915578150395,0.9464285714285714,0.17857142857142858,119.5,0.39285714285714285,0.0,18999460.0
KORBA(Collector-Korba),2025Q3,13,5.3979400086720375,0.8461538461538461,0.15384615384615385,128.5,0.07692307692307693,0.0,3969236.0
KORBA(Collector-Korba),2025Q4,14,5.544068044350276,1.0,0.0,345.0,0.5,0.0,5850000.0
KORBA(Collector-Korba),2026Q1,9,5.477121254719663,0.8888888888888888,0.0,345.0,0.0,0.0,3270000.0
KOREA(Collector Korea_IDA),2024Q1,8,5.69865546125278,0.375,0.875,714.0,0.0,0.0,3976197.0
KOREA(Collector Korea_IDA),2024Q4,1,5.477121254719663,1.0,1.0,465.0,0.0,0.0,300000.0
KOREA(Collector Korea_IDA),2025Q2,2,5.628388930050312,1.0,0.0,345.0,0.0,0.0,850000.0
KOREA(Collector Korea_IDA),2025Q3,5,5.653060001381288,0.8,0.2,135.0,0.0,0.0,2349842.0
KOREA(Collector Korea_IDA),2025Q4,6,5.6020599913279625,0.8333333333333334,0.0,345.0,0.0,0.0,2370000.0
KOREA(Collector Korea_IDA),2026Q1,11,6.0,1.0,0.0,345.0,0.0,0.0,9100000.0
KOTA(DISTRICT COLLECTOR KOTA_IDA),2023Q3,139,5.473965525094663,0.1510791366906475,0.6762589928057554,906.0,0.0,0.0,51969109.51
KOTA(DISTRICT COLLECTOR KOTA_IDA),2023Q4,10,5.944606033742222,0.3,0.6,874.0,0.0,0.0,12216869.0
KOTA(DISTRICT COLLECTOR KOTA_IDA),2024Q1,41,5.698970004336019,0.2926829268292683,0.6341463414634146,726.5,0.0,0.0,24609357.0
KOTA(DISTRICT COLLECTOR KOTA_IDA),2024Q3,6,6.096784570646934,0.5,0.6666666666666666,567.0,0.0,0.0,8698095.0
KOTA(DISTRICT COLLECTOR KOTA_IDA),2024Q4,6,5.8750612633917,0.6666666666666666,0.5,539.0,0.0,0.0,4453439.0
KOTA(DISTRICT COLLECTOR KOTA_IDA),2025Q2,8,6.0,0.625,0.25,339.0,0.0,0.0,7050459.0
KOTA(DISTRICT COLLECTOR KOTA_IDA),2025Q3,1,5.47567118832443,0.0,0.0,345.0,0.0,0.0,299000.0
KOTA(DISTRICT COLLECTOR KOTA_IDA),2025Q4,8,5.740362689494244,0.75,0.25,133.5,0.0,0.0,8695500.0
KOTA(DISTRICT COLLECTOR KOTA_IDA),2026Q1,2,5.638489256954637,0.0,0.0,345.0,0.0,0.0,870000.0
KOTTAYAM(DISTRICT COLLECTOR KOTTAYAM_IDA),2022Q3,2,5.258049126672487,0.0,1.0,773.5,0.0,0.0,362309.0
KOTTAYAM(DISTRICT COLLECTOR KOTTAYAM_IDA),2022Q4,2,5.335176972770027,0.0,0.5,410.0,0.0,0.0,432720.0
KOTTAYAM(DISTRICT COLLECTOR KOTTAYAM_IDA),2023Q2,3,5.344201613900402,0.0,1.0,841.0,0.0,0.0,912234.0
KOTTAYAM(DISTRICT COLLECTOR KOTTAYAM_IDA),2023Q3,49,5.556321802315341,0.02040816326530612,0.9387755102040817,138.5,0.0,0.40816326530612246,27895433.0
KOTTAYAM(DISTRICT COLLECTOR KOTTAYAM_IDA),2023Q4,124,5.3762958520244295,0.21774193548387097,0.5645161290322581,359.0,0.0,0.04838709677419355,49296981.0
KOTTAYAM(DISTRICT COLLECTOR KOTTAYAM_IDA),2024Q1,50,5.6450826598045385,0.24,0.74,164.0,0.0,0.56,28519459.0
KOTTAYAM(DISTRICT COLLECTOR KOTTAYAM_IDA),2024Q2,1,6.99643724031062,0.0,1.0,372.0,0.0,0.0,9918300.0
KOTTAYAM(DISTRICT COLLECTOR KOTTAYAM_IDA),2024Q3,43,5.340033423191539,0.3488372093023256,0.6744186046511628,513.5,0.0,0.023255813953488372,19938099.0
KOTTAYAM(DISTRICT COLLECTOR KOTTAYAM_IDA),2024Q4,111,5.525046103436349,0.6846846846846847,0.26126126126126126,448.0,0.0,0.0,58819871.0
KOTTAYAM(DISTRICT COLLECTOR KOTTAYAM_IDA),2025Q1,24,5.3979400086720375,0.7083333333333334,0.08333333333333333,448.5,0.20833333333333334,0.0,13695832.0
KOTTAYAM(DISTRICT COLLECTOR KOTTAYAM_IDA),2025Q2,128,5.477121254719663,0.9140625,0.0390625,347.0,0.0,0.0,67001963.0
KOTTAYAM(DISTRICT COLLECTOR KOTTAYAM_IDA),2025Q3,79,5.3979400086720375,0.9240506329113924,0.0379746835443038,299.0,0.0,0.0,32231243.0
KOTTAYAM(DISTRICT COLLECTOR KOTTAYAM_IDA),2025Q4,17,5.845098040014257,0.9411764705882353,0.0,345.0,0.0,0.0,23040000.0
KOTTAYAM(DISTRICT COLLECTOR KOTTAYAM_IDA),2026Q1,24,5.574031267727719,0.9166666666666666,0.0,345.0,0.16666666666666666,0.0,11330000.0
KOZHIKODE(DISTRICT COLLECTOR KOZHIKODE_IDA),2021Q3,1,5.477121254719663,1.0,0.0,345.0,0.0,0.0,300000.0
KOZHIKODE(DISTRICT COLLECTOR KOZHIKODE_IDA),2022Q2,1,5.845646765523654,0.0,1.0,1380.0,0.0,0.0,700885.0
KOZHIKODE(DISTRICT COLLECTOR KOZHIKODE_IDA),2022Q3,2,5.680158223430247,0.5,0.5,1254.0,0.0,0.0,957609.0
KOZHIKODE(DISTRICT COLLECTOR KOZHIKODE_IDA),2022Q4,4,5.6574717727942865,0.0,1.0,935.0,0.0,0.0,2014111.0
KOZHIKODE(DISTRICT COLLECTOR KOZHIKODE_IDA),2023Q1,5,5.576754712360347,0.2,0.8,1138.0,0.0,0.0,1734136.0
KOZHIKODE(DISTRICT COLLECTOR KOZHIKODE_IDA),2023Q2,10,6.032390474680293,0.3,0.6,765.0,0.0,0.0,14157537.0
KOZHIKODE(DISTRICT COLLECTOR KOZHIKODE_IDA),2023Q3,19,5.12890306820006,0.0,1.0,913.0,0.0,0.0,2841183.0
KOZHIKODE(DISTRICT COLLECTOR KOZHIKODE_IDA),2023Q4,40,5.497688999177952,0.125,0.875,737.0,0.0,0.0,15799910.0
KOZHIKODE(DISTRICT COLLECTOR KOZHIKODE_IDA),2024Q1,174,5.508576175896118,0.09195402298850575,0.8908045977011494,720.0,0.0,0.06321839080459771,123855123.0
KOZHIKODE(DISTRICT COLLECTOR KOZHIKODE_IDA),2024Q2,3,5.136359032986744,0.0,1.0,361.5,0.0,0.3333333333333333,755288.0
KOZHIKODE(DISTRICT COLLECTOR KOZHIKODE_IDA),2024Q3,16,6.0,0.6875,0.3125,339.0,0.0,0.0,16257361.0
KOZHIKODE(DISTRICT COLLECTOR KOZHIKODE_IDA),2024Q4,11,5.653212513775344,0.7272727272727273,0.09090909090909091,493.0,0.0,0.0,5270703.0
KOZHIKODE(DISTRICT COLLECTOR KOZHIKODE_IDA),2025Q1,241,5.380211241711606,0.5850622406639004,0.0995850622406639,383.0,0.17012448132780084,0.008298755186721992,108046466.0
KOZHIKODE(DISTRICT COLLECTOR KOZHIKODE_IDA),2025Q2,26,5.544068044350276,1.0,0.0,345.0,0.07692307692307693,0.0,14550000.0
KOZHIKODE(DISTRICT COLLECTOR KOZHIKODE_IDA),2025Q3,65,5.778151250383644,1.0,0.0,345.0,0.0,0.0,45350000.0
KOZHIKODE(DISTRICT COLLECTOR KOZHIKODE_IDA),2025Q4,116,5.477121254719663,0.5431034482758621,0.0,345.0,0.0,0.0,37245600.0
KOZHIKODE(DISTRICT COLLECTOR KOZHIKODE_IDA),2026Q1,79,5.698970004336019,0.9873417721518988,0.0,345.0,0.0,0.0,53995000.0
KRA DAADI(DC KRADAADI_IDA),2023Q4,8,5.477121254719663,1.0,1.0,594.0,0.0,0.0,3100000.0
KRA DAADI(DC KRADAADI_IDA),2024Q1,1,5.477121254719663,1.0,1.0,582.0,0.0,0.0,300000.0
KRA DAADI(DC KRADAADI_IDA),2024Q3,1,6.0,1.0,1.0,552.0,0.0,0.0,1000000.0
KRA DAADI(DC KRADAADI_IDA),2025Q3,3,6.0,1.0,0.0,345.0,0.0,0.0,3000000.0
KRISHNA(DISTRICT COLLECTOR KRISHNA_IDA),2023Q3,4,6.3979400086720375,1.0,0.0,345.0,0.0,0.0,12500000.0
KRISHNA(DISTRICT COLLECTOR KRISHNA_IDA),2023Q4,90,5.697408081814524,0.26666666666666666,0.6888888888888889,846.0,0.0,0.0,69760457.0
KRISHNA(DISTRICT COLLECTOR KRISHNA_IDA),2024Q1,18,5.698826663504453,0.5,0.2222222222222222,798.0,0.0,0.0,15191984.0
KRISHNA(DISTRICT COLLECTOR KRISHNA_IDA),2024Q3,6,5.643939011305323,0.3333333333333333,0.16666666666666666,580.0,0.0,0.0,3873986.0
KRISHNA(DISTRICT COLLECTOR KRISHNA_IDA),2024Q4,6,5.542532272594429,0.0,1.0,532.0,0.0,0.0,2260276.0
KRISHNA(DISTRICT COLLECTOR KRISHNA_IDA),2025Q1,5,6.176091259055681,1.0,0.0,345.0,0.0,0.0,9900000.0
KRISHNA(DISTRICT COLLECTOR KRISHNA_IDA),2025Q2,8,5.958669457935903,0.625,0.375,384.0,0.0,0.0,9348869.0
KRISHNA(DISTRICT COLLECTOR KRISHNA_IDA),2025Q3,5,6.0,1.0,0.0,345.0,0.0,0.0,7500000.0
KRISHNA(DISTRICT COLLECTOR KRISHNA_IDA),2025Q4,10,5.698970004336019,0.9,0.0,345.0,0.0,0.0,8042000.0
KRISHNA(DISTRICT COLLECTOR KRISHNA_IDA),2026Q1,10,5.698970004336019,1.0,0.0,345.0,0.0,0.0,4500000.0
KRISHNAGIRI(DISTRICT COLLECTOR KRISHNAGIRI_IDA),2023Q4,71,5.954242509439325,0.29577464788732394,0.19718309859154928,888.0,0.0,0.028169014084507043,62742457.0
KRISHNAGIRI(DISTRICT COLLECTOR KRISHNAGIRI_IDA),2024Q1,44,5.816241299991783,0.4090909090909091,0.20454545454545456,788.0,0.0,0.045454545454545456,33483037.0
KRISHNAGIRI(DISTRICT COLLECTOR KRISHNAGIRI_IDA),2025Q1,30,5.984765547397128,0.43333333333333335,0.1,433.0,0.0,0.0,26754861.0
KRISHNAGIRI(DISTRICT COLLECTOR KRISHNAGIRI_IDA),2025Q2,13,6.0,0.8461538461538461,0.15384615384615385,403.0,0.0,0.0,11983769.0
KRISHNAGIRI(DISTRICT COLLECTOR KRISHNAGIRI_IDA),2025Q3,7,6.0,1.0,0.0,345.0,0.0,0.0,6250000.0
KRISHNAGIRI(DISTRICT COLLECTOR KRISHNAGIRI_IDA),2025Q4,20,5.7923916894982534,0.4,0.0,345.0,0.0,0.0,12115000.0
KRISHNAGIRI(DISTRICT COLLECTOR KRISHNAGIRI_IDA),2026Q1,37,5.7923916894982534,0.5945945945945946,0.0,345.0,0.0,0.0,30006000.0
KULGAM(Deputy Commissioner Kulgam_IDA),2023Q4,22,5.482890726473643,0.3181818181818182,0.09090909090909091,108.5,0.0,0.0,8988388.0
KULGAM(Deputy Commissioner Kulgam_IDA),2024Q1,4,4.921686475483602,0.25,0.75,714.0,0.5,0.0,459000.0
KULGAM(Deputy Commissioner Kulgam_IDA),2025Q3,2,6.3979400086720375,1.0,0.0,345.0,0.0,0.0,5000000.0
KULLU(DEPUTY COMMISSIONER KULLU_IDA),2023Q4,23,5.301029995663981,1.0,0.0,345.0,0.0,0.0,5000000.0
KULLU(DEPUTY COMMISSIONER KULLU_IDA),2024Q1,79,5.301029995663981,1.0,0.012658227848101266,717.0,0.02531645569620253,0.0,23450000.0
KULLU(DEPUTY COMMISSIONER KULLU_IDA),2024Q3,4,5.86717275117865,0.75,0.0,345.0,0.0,0.0,3673000.0
KULLU(DEPUTY COMMISSIONER KULLU_IDA),2024Q4,11,5.698970004336019,0.9090909090909091,0.0,345.0,0.0,0.0,6230000.0
KULLU(DEPUTY COMMISSIONER KULLU_IDA),2025Q1,1,5.6020599913279625,1.0,0.0,345.0,0.0,0.0,400000.0
KULLU(DEPUTY COMMISSIONER KULLU_IDA),2025Q3,1,4.698970004336019,1.0,0.0,345.0,0.0,0.0,50000.0
KULLU(DEPUTY COMMISSIONER KULLU_IDA),2025Q4,5,5.698970004336019,1.0,0.0,345.0,0.0,0.0,2800000.0
KULLU(DEPUTY COMMISSIONER KULLU_IDA),2026Q1,4,5.477121254719663,1.0,0.0,345.0,0.0,0.0,1700000.0
KUMURAM BHEEM ASIFABAD(District Collector KB Asifabad_IDA),2022Q2,2,5.477121254719663,1.0,0.0,345.0,0.0,0.0,600000.0
KUMURAM BHEEM ASIFABAD(District Collector KB Asifabad_IDA),2023Q3,2,5.574031267727719,1.0,0.0,345.0,0.0,0.0,750000.0
KUMURAM BHEEM ASIFABAD(District Collector KB Asifabad_IDA),2024Q1,32,5.3979400086720375,0.96875,0.0,345.0,0.0,0.0,10590000.0
KUMURAM BHEEM ASIFABAD(District Collector KB Asifabad_IDA),2025Q2,59,5.0,1.0,0.0,345.0,0.0,0.0,9550000.0
KUMURAM BHEEM ASIFABAD(District Collector KB Asifabad_IDA),2025Q3,4,5.698970004336019,1.0,0.0,345.0,0.0,0.0,1800000.0
KUMURAM BHEEM ASIFABAD(District Collector KB Asifabad_IDA),2026Q1,3,5.698970004336019,1.0,0.0,345.0,0.0,0.0,6000000.0
KUPWARA(Deputy Commissioner Kupwara_IDA),2023Q4,19,5.47567118832443,0.21052631578947367,0.42105263157894735,784.0,0.0,0.0,6655338.0
KUPWARA(Deputy Commissioner Kupwara_IDA),2024Q1,5,5.231212097781996,0.8,0.2,716.0,0.0,0.0,970299.0
KUPWARA(Deputy Commissioner Kupwara_IDA),2024Q4,1,6.301029995663981,1.0,0.0,345.0,0.0,0.0,2000000.0
KUPWARA(Deputy Commissioner Kupwara_IDA),2025Q2,12,5.392477112970536,0.25,0.5833333333333334,258.0,0.0,0.0,7839234.0
KUPWARA(Deputy Commissioner Kupwara_IDA),2025Q3,1,6.478277831919605,0.0,0.0,345.0,0.0,0.0,3008000.0
KUPWARA(Deputy Commissioner Kupwara_IDA),2025Q4,20,5.443919801103023,0.45,0.05,93.0,0.0,0.0,8449440.0
KUPWARA(Deputy Commissioner Kupwara_IDA),2026Q1,5,5.925827574624742,0.4,0.0,345.0,0.0,0.0,6062000.0
KURNOOL(DISTRICT COLLECTOR KURNOOL_IDA),2023Q3,295,5.301029995663981,0.3864406779661017,0.9220338983050848,44.0,0.006779661016949152,0.13220338983050847,91662520.0
KURNOOL(DISTRICT COLLECTOR KURNOOL_IDA),2023Q4,1,6.431363764158987,1.0,0.0,345.0,0.0,0.0,2700000.0
KURNOOL(DISTRICT COLLECTOR KURNOOL_IDA),2024Q1,80,5.301029995663981,0.775,0.9,565.0,0.025,0.0,20198102.0
KURNOOL(DISTRICT COLLECTOR KURNOOL_IDA),2024Q3,1,6.476901880609675,0.0,1.0,530.0,0.0,0.0,2998485.0
KURNOOL(DISTRICT COLLECTOR KURNOOL_IDA),2024Q4,4,5.698970004336019,1.0,0.0,345.0,0.0,0.0,2000000.0
KURNOOL(DISTRICT COLLECTOR KURNOOL_IDA),2025Q1,57,5.300932268410825,0.21052631578947367,1.0,295.0,0.0,0.0,11397869.0
KURNOOL(DISTRICT COLLECTOR KURNOOL_IDA),2025Q2,83,5.300932268410825,0.13253012048192772,0.963855421686747,216.0,0.0,0.0,31382542.0
KURNOOL(DISTRICT COLLECTOR KURNOOL_IDA),2025Q3,13,5.698970004336019,0.8461538461538461,0.23076923076923078,147.0,0.0,0.0,10031051.0
KURNOOL(DISTRICT COLLECTOR KURNOOL_IDA),2025Q4,4,6.041381235425501,0.25,0.5,104.5,0.0,0.0,6014128.0
KURNOOL(DISTRICT COLLECTOR KURNOOL_IDA),2026Q1,10,5.698970004336019,1.0,0.0,345.0,0.0,0.0,13500000.0
KURUKSHETRA(DEPUTY COMMISSIONER KURUKSHETRA_IDA),2023Q4,23,5.686944383915644,0.08695652173913043,0.782608695652174,755.0,0.0,0.0,12918977.76
KURUKSHETRA(DEPUTY COMMISSIONER KURUKSHETRA_IDA),2024Q1,25,5.6575682857586225,0.08,0.92,538.0,0.0,0.0,12055515.62
KURUKSHETRA(DEPUTY COMMISSIONER KURUKSHETRA_IDA),2024Q4,42,5.285792394454678,0.11904761904761904,0.9285714285714286,258.0,0.047619047619047616,0.0,11785630.0
KURUKSHETRA(DEPUTY COMMISSIONER KURUKSHETRA_IDA),2025Q1,24,5.3330137713740235,0.125,0.7083333333333334,292.0,0.0,0.0,7482834.0
KURUKSHETRA(DEPUTY COMMISSIONER KURUKSHETRA_IDA),2025Q2,19,5.903089986991944,0.5263157894736842,0.2631578947368421,289.0,0.0,0.0,15711438.0
KURUKSHETRA(DEPUTY COMMISSIONER KURUKSHETRA_IDA),2025Q3,12,5.436004331371773,0.08333333333333333,0.6666666666666666,194.0,0.0,0.0,4519685.0
KURUKSHETRA(DEPUTY COMMISSIONER KURUKSHETRA_IDA),2025Q4,6,5.732393759822968,0.3333333333333333,0.0,345.0,0.0,0.0,3960698.0
KURUKSHETRA(DEPUTY COMMISSIONER KURUKSHETRA_IDA),2026Q1,3,5.653212513775344,0.6666666666666666,0.0,345.0,0.0,0.0,1790000.0
KURUNG KUMEY(Deputy Commissioner Kurung Kumey_IDA),2023Q4,2,5.544068044350276,1.0,0.0,345.0,0.0,0.0,700000.0
KURUNG KUMEY(Deputy Commissioner Kurung Kumey_IDA),2025Q2,1,6.0,1.0,0.0,345.0,0.0,0.0,1000000.0
KURUNG KUMEY(Deputy Commissioner Kurung Kumey_IDA),2025Q3,4,6.146128035678238,1.0,0.0,345.0,0.0,0.0,5200000.0
Kabeerdham(District Collector Kabirdham_IDA),2023Q3,37,5.476241642042731,0.24324324324324326,0.918918918918919,693.5,0.05405405405405406,0.0,14508659.0
Kabeerdham(District Collector Kabirdham_IDA),2023Q4,2,5.874406142976092,0.0,1.0,31.5,0.0,0.0,1497739.0
Kabeerdham(District Collector Kabirdham_IDA),2024Q1,24,5.301029995663981,0.375,0.8333333333333334,528.5,0.0,0.0,5724051.0
Kabeerdham(District Collector Kabirdham_IDA),2024Q4,5,5.999999565705301,0.0,1.0,402.0,1.0,0.0,4999993.0
Kabeerdham(District Collector Kabirdham_IDA),2025Q3,24,5.6987206477312125,0.2916666666666667,0.5416666666666666,153.0,0.0,0.0,11667450.0
Kabeerdham(District Collector Kabirdham_IDA),2026Q1,52,5.6989265727162115,0.6730769230769231,0.0,345.0,0.0,0.0,23694400.0
Kakinada(DISTRICT COLLECTOR KAKINADA_IDA),2023Q3,2,5.695734211839664,0.5,0.0,345.0,0.0,0.0,992577.0
Kakinada(DISTRICT COLLECTOR KAKINADA_IDA),2023Q4,39,5.697158698755312,0.05128205128205128,0.9487179487179487,606.0,0.0,0.48717948717948717,36820771.0
Kakinada(DISTRICT COLLECTOR KAKINADA_IDA),2024Q1,97,5.679374287917723,0.0,1.0,126.0,0.0,0.0,43132637.35
Kakinada(DISTRICT COLLECTOR KAKINADA_IDA),2024Q3,1,6.3979400086720375,1.0,0.0,345.0,0.0,0.0,2500000.0
Kakinada(DISTRICT COLLECTOR KAKINADA_IDA),2025Q1,12,5.819597889989489,0.9166666666666666,0.08333333333333333,303.0,0.0,0.0,18720164.0
Kakinada(DISTRICT COLLECTOR KAKINADA_IDA),2025Q2,19,5.698970004336019,0.7894736842105263,0.21052631578947367,303.0,0.0,0.0,16098890.0
Kakinada(DISTRICT COLLECTOR KAKINADA_IDA),2025Q3,8,6.213916009644023,0.5,0.5,200.0,0.0,0.0,18365822.0
Kakinada(DISTRICT COLLECTOR KAKINADA_IDA),2025Q4,5,6.0,0.8,0.0,345.0,0.0,0.0,56623000.0
Kakinada(DISTRICT COLLECTOR KAKINADA_IDA),2026Q1,13,5.531478917042255,0.6153846153846154,0.0,345.0,0.0,0.0,3900000.0
Kasganj(DISTRICT MAGISTRATE KASGANJ KANSHIRAMNAGAR_IDA),2023Q3,71,5.731162318814843,0.0,0.8450704225352113,289.0,0.0,0.0,51296792.0
Kasganj(DISTRICT MAGISTRATE KASGANJ KANSHIRAMNAGAR_IDA),2023Q4,4,5.999782798454135,0.5,0.0,345.0,0.0,0.0,3213000.0
Kasganj(DISTRICT MAGISTRATE KASGANJ KANSHIRAMNAGAR_IDA),2024Q1,8,5.731163125346818,0.0,1.0,512.0,0.0,0.0,4307776.0
Kasganj(DISTRICT MAGISTRATE KASGANJ KANSHIRAMNAGAR_IDA),2024Q4,65,5.381863841154101,0.0,1.0,209.0,0.0,0.0,15659475.0
Kasganj(DISTRICT MAGISTRATE KASGANJ KANSHIRAMNAGAR_IDA),2025Q2,50,5.382017042574868,0.0,0.08,286.0,0.0,0.0,12047548.0
Kasganj(DISTRICT MAGISTRATE KASGANJ KANSHIRAMNAGAR_IDA),2025Q4,60,5.382017042574868,0.0,0.0,345.0,0.0,0.0,14460000.0
Kasganj(DISTRICT MAGISTRATE KASGANJ KANSHIRAMNAGAR_IDA),2026Q1,19,5.954242509439325,0.21052631578947367,0.0,345.0,0.0,0.0,16127000.0
Kekri(DISTRICT COLLECTOR Kekri_IDA),2023Q3,1,5.698970004336019,1.0,0.0,345.0,0.0,0.0,500000.0
Kekri(DISTRICT COLLECTOR Kekri_IDA),2024Q1,15,5.698970004336019,1.0,0.0,345.0,0.0,0.0,7850000.0
Kekri(DISTRICT COLLECTOR Kekri_IDA),2024Q3,1,5.999920951210636,0.0,1.0,84.0,0.0,0.0,999818.0
Kekri(DISTRICT COLLECTOR Kekri_IDA),2024Q4,9,5.6954212563212545,0.0,0.5555555555555556,369.0,0.0,0.0,4185144.0
Kekri(DISTRICT COLLECTOR Kekri_IDA),2025Q1,2,5.777188946587547,0.0,0.5,56.0,0.0,0.0,1197344.0
Kekri(DISTRICT COLLECTOR Kekri_IDA),2025Q2,4,5.698850556928724,0.25,0.0,345.0,0.0,0.0,2499102.0
Kekri(DISTRICT COLLECTOR Kekri_IDA),2025Q3,4,5.698952197897226,0.25,0.0,345.0,0.0,0.0,1999901.0
Khairagarh Chhuikhadan Gandai(District Collector Khairagarh_IDA),2023Q3,8,5.698970004336019,0.375,0.75,130.0,0.0,0.0,6397551.0
Khairagarh Chhuikhadan Gandai(District Collector Khairagarh_IDA),2023Q4,1,5.431363764158987,0.0,1.0,640.0,0.0,0.0,270000.0
Khairagarh Chhuikhadan Gandai(District Collector Khairagarh_IDA),2025Q2,1,6.397900920409668,0.0,1.0,220.0,0.0,0.0,2499775.0
Khairagarh Chhuikhadan Gandai(District Collector Khairagarh_IDA),2026Q1,4,5.698970004336019,0.75,0.0,345.0,0.0,0.0,3999600.0
Khairthal-Tijara(DISTRICT COLLECTOR KHAIRTHAL TIJARA_IDA),2025Q1,4,5.953917149282807,0.5,0.25,309.0,0.0,0.0,4213652.0
Khairthal-Tijara(DISTRICT COLLECTOR KHAIRTHAL TIJARA_IDA),2025Q2,4,6.0,0.75,0.25,178.0,0.0,0.0,5498749.0
Khairthal-Tijara(DISTRICT COLLECTOR KHAIRTHAL TIJARA_IDA),2025Q3,1,6.176091259055681,1.0,0.0,345.0,0.0,0.0,1500000.0
Khairthal-Tijara(DISTRICT COLLECTOR KHAIRTHAL TIJARA_IDA),2025Q4,1,6.301029995663981,1.0,0.0,345.0,0.0,0.0,2000000.0
Khairthal-Tijara(DISTRICT COLLECTOR KHAIRTHAL TIJARA_IDA),2026Q1,13,6.0,1.0,0.0,345.0,0.0,0.0,17000000.0
Khandwa (East Nimar)(DISTRICT COLLECTOR EAST NIMAR_IDA),2023Q3,44,5.685741738602264,0.22727272727272727,0.7954545454545454,269.0,0.0,0.0,16903300.0
Khandwa (East Nimar)(DISTRICT COLLECTOR EAST NIMAR_IDA),2024Q1,43,5.64855515566267,0.18604651162790697,0.8372093023255814,191.0,0.0,0.0,15826160.0
Khandwa (East Nimar)(DISTRICT COLLECTOR EAST NIMAR_IDA),2024Q3,15,5.0,1.0,1.0,514.0,1.0,0.0,1500000.0
Khandwa (East Nimar)(DISTRICT COLLECTOR EAST NIMAR_IDA),2024Q4,25,5.279999836361079,0.56,0.52,513.0,0.12,0.0,8096006.0
Khandwa (East Nimar)(DISTRICT COLLECTOR EAST NIMAR_IDA),2025Q1,48,5.56139598353383,0.3125,0.8125,381.0,0.7291666666666666,0.0,17819361.0
Khandwa (East Nimar)(DISTRICT COLLECTOR EAST NIMAR_IDA),2025Q2,51,5.56139598353383,0.058823529411764705,0.9411764705882353,234.0,0.9019607843137255,0.0,22333984.0
Khandwa (East Nimar)(DISTRICT COLLECTOR EAST NIMAR_IDA),2025Q3,4,5.439332693830263,1.0,0.0,345.0,0.0,0.0,1300000.0
Khandwa (East Nimar)(DISTRICT COLLECTOR EAST NIMAR_IDA),2026Q1,4,5.439332693830263,0.75,0.0,345.0,0.0,0.0,1114247.0
Khargone (West Nimar)(DISTRICT COLLECTOR KHARGONE_IDA),2019Q3,1,5.3979400086720375,1.0,0.0,345.0,0.0,0.0,250000.0
Khargone (West Nimar)(DISTRICT COLLECTOR KHARGONE_IDA),2020Q1,1,4.698970004336019,1.0,0.0,345.0,0.0,0.0,50000.0
Khargone (West Nimar)(DISTRICT COLLECTOR KHARGONE_IDA),2021Q4,1,5.698970004336019,1.0,0.0,345.0,0.0,0.0,500000.0
Khargone (West Nimar)(DISTRICT COLLECTOR KHARGONE_IDA),2022Q1,2,5.301029995663981,1.0,0.0,345.0,0.0,0.0,400000.0
Khargone (West Nimar)(DISTRICT COLLECTOR KHARGONE_IDA),2022Q3,1,4.698970004336019,1.0,0.0,345.0,0.0,0.0,50000.0
Khargone (West Nimar)(DISTRICT COLLECTOR KHARGONE_IDA),2022Q4,2,5.439332693830263,1.0,0.0,345.0,0.0,0.0,550000.0
Khargone (West Nimar)(DISTRICT COLLECTOR KHARGONE_IDA),2023Q1,1,4.698970004336019,1.0,0.0,345.0,0.0,0.0,50000.0
Khargone (West Nimar)(DISTRICT COLLECTOR KHARGONE_IDA),2023Q3,80,5.477121254719663,0.6375,0.0,345.0,0.0875,0.0,24534056.0
Khargone (West Nimar)(DISTRICT COLLECTOR KHARGONE_IDA),2023Q4,28,5.698970004336019,0.7857142857142857,0.03571428571428571,877.0,0.0,0.0,12179056.0
Khargone (West Nimar)(DISTRICT COLLECTOR KHARGONE_IDA),2024Q1,37,5.698970004336019,0.972972972972973,0.0,345.0,0.0,0.0,18035000.0
Khargone (West Nimar)(DISTRICT COLLECTOR KHARGONE_IDA),2024Q3,60,5.541079767776629,0.2,0.15,582.0,0.7833333333333333,0.0,28643747.0
Khargone (West Nimar)(DISTRICT COLLECTOR KHARGONE_IDA),2024Q4,40,5.144225386688041,0.4,0.5,533.0,0.025,0.0,14351864.0
Khargone (West Nimar)(DISTRICT COLLECTOR KHARGONE_IDA),2025Q1,10,5.6020599913279625,0.6,0.0,345.0,0.4,0.0,7062184.0
Khargone (West Nimar)(DISTRICT COLLECTOR KHARGONE_IDA),2025Q2,30,5.389989576334774,0.16666666666666666,0.0,345.0,0.8,0.0,10106420.0
Khargone (West Nimar)(DISTRICT COLLECTOR KHARGONE_IDA),2025Q3,24,5.698970004336019,1.0,0.0,345.0,0.0,0.0,12200000.0
Khargone (West Nimar)(DISTRICT COLLECTOR KHARGONE_IDA),2025Q4,9,5.271841606536499,0.3333333333333333,0.0,345.0,0.0,0.0,2575000.0
Khargone (West Nimar)(DISTRICT COLLECTOR KHARGONE_IDA),2026Q1,6,5.698970004336019,1.0,0.0,345.0,0.0,0.0,2700000.0
Khowai(DISTRICT MAGISTRATE and COLLECTOR  KHOWAI_IDA),2025Q2,1,6.3979400086720375,1.0,0.0,345.0,0.0,0.0,2500000.0
Khowai(DISTRICT MAGISTRATE and COLLECTOR  KHOWAI_IDA),2025Q3,13,5.698970004336019,1.0,0.0,345.0,0.8461538461538461,0.0,17500000.0
Khowai(DISTRICT MAGISTRATE and COLLECTOR  KHOWAI_IDA),2025Q4,6,6.301029995663981,1.0,0.0,345.0,0.8333333333333334,0.0,13000000.0
Kotputli-Behror(DISTRICT COLLECTOR Kotputli Behror_IDA),2024Q1,1,5.903089986991944,1.0,0.0,345.0,0.0,0.0,800000.0
Kotputli-Behror(DISTRICT COLLECTOR Kotputli Behror_IDA),2024Q3,3,6.0,0.6666666666666666,0.6666666666666666,451.0,0.0,0.0,2998419.0
Kotputli-Behror(DISTRICT COLLECTOR Kotputli Behror_IDA),2024Q4,2,6.301029995663981,1.0,0.0,345.0,0.0,0.0,4000000.0
Kotputli-Behror(DISTRICT COLLECTOR Kotputli Behror_IDA),2025Q1,9,6.0,1.0,0.0,345.0,0.0,0.0,9500000.0
Kotputli-Behror(DISTRICT COLLECTOR Kotputli Behror_IDA),2025Q2,4,6.176091259055681,0.75,0.0,345.0,0.0,0.0,7597559.0
Kotputli-Behror(DISTRICT COLLECTOR Kotputli Behror_IDA),2025Q3,6,6.176091259055681,1.0,0.0,345.0,0.0,0.0,8500000.0
Kotputli-Behror(DISTRICT COLLECTOR Kotputli Behror_IDA),2025Q4,2,6.301029995663981,1.0,0.0,345.0,0.0,0.0,4000000.0
Kotputli-Behror(DISTRICT COLLECTOR Kotputli Behror_IDA),2026Q1,11,4.954242509439325,0.18181818181818182,0.0,345.0,0.7272727272727273,0.0,2560000.0
Kushinagar(DISTRICT MAGISTRATE KUSHINAGAR PADRAUNA_IDA),2023Q3,93,5.3747483460101035,0.06451612903225806,0.010752688172043012,847.0,0.043010752688172046,0.0,25680969.0
Kushinagar(DISTRICT MAGISTRATE KUSHINAGAR PADRAUNA_IDA),2023Q4,97,5.698970004336019,0.1958762886597938,0.030927835051546393,834.0,0.0,0.0,47486876.0
Kushinagar(DISTRICT MAGISTRATE KUSHINAGAR PADRAUNA_IDA),2024Q1,22,5.689664408716486,0.22727272727272727,0.09090909090909091,677.5,0.0,0.0,13559701.0
Kushinagar(DISTRICT MAGISTRATE KUSHINAGAR PADRAUNA_IDA),2024Q3,64,5.373342403648935,0.0,0.953125,514.0,0.0,0.0,21904212.0
Kushinagar(DISTRICT MAGISTRATE KUSHINAGAR PADRAUNA_IDA),2024Q4,65,5.477121254719663,0.2,0.6461538461538462,458.5,0.0,0.0,35682495.0
Kushinagar(DISTRICT MAGISTRATE KUSHINAGAR PADRAUNA_IDA),2025Q1,35,5.931338855660715,0.45714285714285713,0.5142857142857142,294.0,0.0,0.0,24528585.0
Kushinagar(DISTRICT MAGISTRATE KUSHINAGAR PADRAUNA_IDA),2025Q2,93,5.845098040014257,0.5591397849462365,0.26881720430107525,248.0,0.0,0.0,66538653.0
Kushinagar(DISTRICT MAGISTRATE KUSHINAGAR PADRAUNA_IDA),2025Q3,59,5.9525793589255,0.2033898305084746,0.711864406779661,169.0,0.1694915254237288,0.0,62065089.0
Kushinagar(DISTRICT MAGISTRATE KUSHINAGAR PADRAUNA_IDA),2025Q4,7,5.954242509439325,0.42857142857142855,0.5714285714285714,71.0,0.0,0.0,9435822.0
Kushinagar(DISTRICT MAGISTRATE KUSHINAGAR PADRAUNA_IDA),2026Q1,33,5.954242509439325,0.5454545454545454,0.0,345.0,0.0,0.0,27781000.0
LAHUL AND SPITI(DEPUTY COMMISSIONER L and S_IDA),2023Q3,1,6.231384711208073,0.0,1.0,704.0,0.0,0.0,1703667.0
LAHUL AND SPITI(DEPUTY COMMISSIONER L and S_IDA),2023Q4,5,5.176091259055681,0.8,1.0,617.0,0.0,0.0,1665511.0
LAHUL AND SPITI(DEPUTY COMMISSIONER L and S_IDA),2024Q1,1,5.544068044350276,1.0,0.0,345.0,0.0,0.0,350000.0
LAHUL AND SPITI(DEPUTY COMMISSIONER L and S_IDA),2024Q3,1,6.2552407570162725,0.0,1.0,311.0,0.0,0.0,1799868.42
LAHUL AND SPITI(DEPUTY COMMISSIONER L and S_IDA),2024Q4,3,6.300912720320984,0.3333333333333333,1.0,238.0,0.0,0.0,4563041.2
LAHUL AND SPITI(DEPUTY COMMISSIONER L and S_IDA),2025Q1,1,6.300834519161612,0.0,1.0,165.0,0.0,0.0,1999100.0
LAHUL AND SPITI(DEPUTY COMMISSIONER L and S_IDA),2025Q2,1,6.695794588488136,0.0,1.0,247.0,0.0,0.0,4963575.0
LAHUL AND SPITI(DEPUTY COMMISSIONER L and S_IDA),2025Q3,1,5.698970004336019,1.0,0.0,345.0,0.0,0.0,500000.0
LAHUL AND SPITI(DEPUTY COMMISSIONER L and S_IDA),2025Q4,10,5.8750612633917,0.9,0.1,135.0,0.0,0.0,7377000.0
LAHUL AND SPITI(DEPUTY COMMISSIONER L and S_IDA),2026Q1,1,6.301029995663981,1.0,0.0,345.0,0.0,0.0,2000000.0
LAKHIMPUR(DEPUTY COMMISSIONER LAKHIMPUR_IDA),2023Q3,41,5.3979400086720375,0.8292682926829268,0.0975609756097561,813.5,0.04878048780487805,0.0,15174510.0
LAKHIMPUR(DEPUTY COMMISSIONER LAKHIMPUR_IDA),2023Q4,16,5.3979400086720375,0.8125,0.25,688.0,0.0,0.0,5599741.0
LAKHIMPUR(DEPUTY COMMISSIONER LAKHIMPUR_IDA),2024Q1,18,5.698970004336019,0.9444444444444444,0.05555555555555555,600.0,0.0,0.0,9945909.0
LAKHIMPUR(DEPUTY COMMISSIONER LAKHIMPUR_IDA),2024Q4,15,5.698970004336019,1.0,0.06666666666666667,410.0,0.0,0.0,9300000.0
LAKHIMPUR(DEPUTY COMMISSIONER LAKHIMPUR_IDA),2025Q1,7,5.778151250383644,1.0,0.0,345.0,0.0,0.0,5050000.0
LAKHIMPUR(DEPUTY COMMISSIONER LAKHIMPUR_IDA),2025Q2,3,5.778129535116662,0.6666666666666666,0.3333333333333333,251.0,0.0,0.0,2099970.0
LAKHIMPUR(DEPUTY COMMISSIONER LAKHIMPUR_IDA),2025Q3,1,5.698970004336019,1.0,0.0,345.0,0.0,0.0,500000.0
LAKHIMPUR(DEPUTY COMMISSIONER LAKHIMPUR_IDA),2025Q4,21,5.698970004336019,1.0,0.0,345.0,0.0,0.0,10800000.0
LAKHIMPUR(DEPUTY COMMISSIONER LAKHIMPUR_IDA),2026Q1,3,5.477121254719663,1.0,0.0,345.0,0.0,0.0,1600000.0
LAKHISARAI(District Planning Officer Lakhisarai_IDA),2023Q2,32,5.833680883069478,0.0625,0.875,343.5,0.0,0.0,20578185.0
LAKHISARAI(District Planning Officer Lakhisarai_IDA),2023Q3,26,5.947932922545121,0.038461538461538464,0.9230769230769231,247.5,0.0,0.0,20804874.0
LAKHISARAI(District Planning Officer Lakhisarai_IDA),2023Q4,2,5.765276171645581,0.0,1.0,105.0,0.0,0.0,1164947.0
LAKHISARAI(District Planning Officer Lakhisarai_IDA),2024Q1,41,5.595835588436677,0.07317073170731707,0.8780487804878049,232.0,0.0,0.0,16611292.0
LAKHISARAI(District Planning Officer Lakhisarai_IDA),2025Q3,1,5.723619835515463,0.0,0.0,345.0,0.0,0.0,529200.0
LAKHISARAI(District Planning Officer Lakhisarai_IDA),2026Q1,1,6.0,1.0,0.0,345.0,0.0,0.0,1000000.0
LAKSHADWEEP DISTRICT(COLLECTOR CUM DEV COMMISSIONER LAKSHADWEEP_IDA),2022Q2,2,6.239424618007431,0.5,0.0,345.0,0.0,0.0,3471000.0
LAKSHADWEEP DISTRICT(COLLECTOR CUM DEV COMMISSIONER LAKSHADWEEP_IDA),2022Q3,2,5.563062608418227,0.0,0.0,345.0,0.0,0.0,731295.0
LAKSHADWEEP DISTRICT(COLLECTOR CUM DEV COMMISSIONER LAKSHADWEEP_IDA),2023Q2,1,6.135196597724329,0.0,0.0,345.0,0.0,0.0,1365201.0
LAKSHADWEEP DISTRICT(COLLECTOR CUM DEV COMMISSIONER LAKSHADWEEP_IDA),2023Q3,35,5.913283901760418,0.22857142857142856,0.6571428571428571,913.0,0.0,0.0,107646954.0
LAKSHADWEEP DISTRICT(COLLECTOR CUM DEV COMMISSIONER LAKSHADWEEP_IDA),2024Q1,5,6.399986439313822,0.2,0.2,655.0,0.0,0.0,86627356.0
LAKSHADWEEP DISTRICT(COLLECTOR CUM DEV COMMISSIONER LAKSHADWEEP_IDA),2025Q3,16,5.88570038012833,0.375,0.0625,217.0,0.0,0.0,58212269.0
LAKSHADWEEP DISTRICT(COLLECTOR CUM DEV COMMISSIONER LAKSHADWEEP_IDA),2025Q4,1,6.0,1.0,0.0,345.0,0.0,0.0,1000000.0
LAKSHADWEEP DISTRICT(COLLECTOR CUM DEV COMMISSIONER LAKSHADWEEP_IDA),2026Q1,10,4.688419822002711,0.0,0.0,345.0,0.0,0.0,31280081.0
LALITPUR(DISTRICT MAGISTRATE LALITPUR_IDA),2023Q3,6,5.773726487732339,0.0,1.0,170.0,0.0,0.0,4515635.0
LALITPUR(DISTRICT MAGISTRATE LALITPUR_IDA),2023Q4,32,5.874202248508971,0.03125,0.96875,215.0,0.0,0.0,24763639.0
LALITPUR(DISTRICT MAGISTRATE LALITPUR_IDA),2024Q1,14,5.698239776042761,0.0,1.0,147.0,0.0,0.0,9560554.0
LALITPUR(DISTRICT MAGISTRATE LALITPUR_IDA),2025Q1,16,5.979173098719754,0.0,1.0,289.0,0.0,0.0,15027048.0
LALITPUR(DISTRICT MAGISTRATE LALITPUR_IDA),2025Q2,20,5.395761343506789,0.0,1.0,220.0,0.0,0.0,4974980.0
LALITPUR(DISTRICT MAGISTRATE LALITPUR_IDA),2025Q3,29,5.698970004336019,1.0,0.0,345.0,0.0,0.0,16650000.0
LALITPUR(DISTRICT MAGISTRATE LALITPUR_IDA),2026Q1,9,5.778151250383644,1.0,0.0,345.0,0.0,0.0,5300000.0
LATEHAR(Deputy Commissioner latehar_IDA),2024Q1,24,5.477121254719663,0.7083333333333334,0.4583333333333333,615.0,0.0,0.0,6995077.0
LATEHAR(Deputy Commissioner latehar_IDA),2025Q2,5,5.476132834667175,0.8,0.2,364.0,0.0,0.0,1599318.0
LATEHAR(Deputy Commissioner latehar_IDA),2025Q3,8,5.301029995663981,1.0,0.0,345.0,0.0,0.0,1750000.0
LATEHAR(Deputy Commissioner latehar_IDA),2025Q4,70,5.3979400086720375,1.0,0.0,345.0,0.0,0.0,17550000.0
LATEHAR(Deputy Commissioner latehar_IDA),2026Q1,4,5.3979400086720375,1.0,0.0,345.0,0.0,0.0,1000000.0
LATUR(DISTRICT COLLECTOR LATUR_IDA),2023Q1,10,5.992680959923089,0.0,1.0,910.0,0.0,0.0,8241104.0
LATUR(DISTRICT COLLECTOR LATUR_IDA),2023Q2,5,5.734990941089815,0.0,1.0,802.0,0.0,0.0,3464835.0
LATUR(DISTRICT COLLECTOR LATUR_IDA),2023Q3,28,5.697840239070672,0.0,1.0,398.0,0.0,0.9285714285714286,16626409.0
LATUR(DISTRICT COLLECTOR LATUR_IDA),2023Q4,34,5.76890510656013,0.0,1.0,623.0,0.0,0.38235294117647056,22192939.0
LATUR(DISTRICT COLLECTOR LATUR_IDA),2024Q1,46,5.836735424393361,0.043478260869565216,0.9782608695652174,88.0,0.0,0.4782608695652174,30833452.0
LATUR(DISTRICT COLLECTOR LATUR_IDA),2024Q3,16,6.0,0.4375,0.375,418.0,0.0,0.0,17941706.0
LATUR(DISTRICT COLLECTOR LATUR_IDA),2024Q4,4,5.903089986991944,0.5,0.25,213.0,0.0,0.0,3389264.0
LATUR(DISTRICT COLLECTOR LATUR_IDA),2025Q1,34,5.975852341980218,0.47058823529411764,0.4411764705882353,343.0,0.0,0.0,27532081.0
LATUR(DISTRICT COLLECTOR LATUR_IDA),2025Q2,7,5.845098040014257,1.0,0.0,345.0,0.0,0.0,5500000.0
LATUR(DISTRICT COLLECTOR LATUR_IDA),2025Q3,4,5.778151250383644,0.75,0.0,345.0,0.0,0.0,2499000.0
LATUR(DISTRICT COLLECTOR LATUR_IDA),2025Q4,4,6.041392685158225,0.75,0.0,345.0,0.0,0.0,4699000.0
LATUR(DISTRICT COLLECTOR LATUR_IDA),2026Q1,42,5.903089986991944,0.9761904761904762,0.0,345.0,0.0,0.0,28849000.0
LAWNGTLAI(DSC Lawngtlai),2023Q4,2,5.812913356642856,1.0,0.5,790.0,0.0,0.0,1300000.0
LAWNGTLAI(DSC Lawngtlai),2024Q1,3,5.845098040014257,1.0,0.3333333333333333,749.0,0.0,0.0,2100000.0
LAWNGTLAI(DSC Lawngtlai),2025Q1,6,5.8750612633917,1.0,0.3333333333333333,312.0,0.0,0.0,4950000.0
LAWNGTLAI(DSC Lawngtlai),2025Q3,3,5.698970004336019,1.0,0.0,345.0,0.0,0.0,1500000.0
LEH LADAKH(DEPUTY COMMISSIONER LEH_IDA),2024Q3,1,6.0,1.0,0.0,345.0,0.0,0.0,1000000.0
LEH LADAKH(DEPUTY COMMISSIONER LEH_IDA),2025Q4,113,5.301029995663981,0.9203539823008849,0.0,345.0,0.0,0.0,63346200.0
LEH LADAKH(DEPUTY COMMISSIONER LEH_IDA),2026Q1,15,5.477121254719663,1.0,0.0,345.0,0.0,0.0,4350000.0
LEPARADA(Deputy Commisioner Leparada_IDA),2023Q4,13,5.477121254719663,1.0,1.0,24.0,0.0,0.0,3300000.0
LEPARADA(Deputy Commisioner Leparada_IDA),2024Q1,8,5.3979400086720375,1.0,0.875,34.0,0.0,0.0,2350000.0
LEPARADA(Deputy Commisioner Leparada_IDA),2025Q2,1,6.176091259055681,1.0,1.0,101.0,0.0,0.0,1500000.0
LEPARADA(Deputy Commisioner Leparada_IDA),2025Q3,6,5.698970004336019,1.0,0.0,345.0,0.0,0.0,2850000.0
LEPARADA(Deputy Commisioner Leparada_IDA),2026Q1,4,5.301029995663981,1.0,0.75,120.0,0.0,0.0,1100000.0
LOHARDAGA(DEPUTY COMMISSIONER LOHARDAGA_IDA),2023Q3,3,6.146128035678238,1.0,0.0,345.0,0.0,0.0,4000000.0
LOHARDAGA(DEPUTY COMMISSIONER LOHARDAGA_IDA),2024Q1,2,5.6674529528899535,0.5,0.0,345.0,0.0,0.0,930000.0
LOHARDAGA(DEPUTY COMMISSIONER LOHARDAGA_IDA),2025Q1,42,5.615897470449012,0.023809523809523808,0.0,345.0,0.0,0.0,18972600.0
LOHARDAGA(DEPUTY COMMISSIONER LOHARDAGA_IDA),2025Q3,22,5.6020599913279625,0.9090909090909091,0.0,345.0,0.0,0.0,11776572.0
LOHARDAGA(DEPUTY COMMISSIONER LOHARDAGA_IDA),2025Q4,4,5.867496950528708,0.0,0.0,345.0,0.0,0.0,3167100.0
LOHARDAGA(DEPUTY COMMISSIONER LOHARDAGA_IDA),2026Q1,56,5.301029995663981,0.9285714285714286,0.5178571428571429,113.0,0.9285714285714286,0.0,14305200.0
LOHIT(DEPUTY COMMISSIONER LOHIT_IDA),2023Q4,13,5.903089986991944,0.6923076923076923,0.7692307692307693,551.0,0.0,0.0,10292897.0
LOHIT(DEPUTY COMMISSIONER LOHIT_IDA),2024Q3,3,6.0,1.0,0.3333333333333333,278.0,0.0,0.0,2600000.0
LOHIT(DEPUTY COMMISSIONER LOHIT_IDA),2025Q3,3,6.0,0.6666666666666666,0.3333333333333333,121.0,0.0,0.0,3499867.0
LONGDING(Deputy Commisioner Longding_IDA),2023Q4,6,5.874968024834955,0.8333333333333334,1.0,95.5,0.0,0.0,4499678.0
LONGDING(Deputy Commisioner Longding_IDA),2024Q3,3,6.0,1.0,1.0,158.0,0.0,0.0,3000000.0
LONGDING(Deputy Commisioner Longding_IDA),2025Q3,6,5.698970004336019,1.0,0.6666666666666666,134.0,0.0,0.0,3500000.0
LONGLENG(Deputy Commissioner Longleng_IDA),2023Q4,1,6.0,1.0,1.0,80.0,0.0,0.0,1000000.0
LOWER DIBANG VALLEY(Deputy Commisioner Lower Dibang Valley_IDA),2023Q4,17,5.903089986991944,1.0,1.0,63.0,0.0,0.058823529411764705,17100000.0
LOWER DIBANG VALLEY(Deputy Commisioner Lower Dibang Valley_IDA),2024Q1,3,5.477121254719663,1.0,1.0,42.0,0.0,0.0,800000.0
LOWER DIBANG VALLEY(Deputy Commisioner Lower Dibang Valley_IDA),2024Q3,5,6.0,1.0,1.0,115.0,0.0,0.0,6600000.0
LOWER DIBANG VALLEY(Deputy Commisioner Lower Dibang Valley_IDA),2024Q4,1,5.698970004336019,1.0,1.0,63.0,0.0,0.0,500000.0
LOWER DIBANG VALLEY(Deputy Commisioner Lower Dibang Valley_IDA),2025Q3,12,5.954242509439325,1.0,1.0,107.5,0.0,0.0,10600000.0
LOWER SIANG(Deputy Commisioner Lower Siang_IDA),2023Q4,12,5.477121254719663,1.0,1.0,87.0,0.0,0.0,4550000.0
LOWER SIANG(Deputy Commisioner Lower Siang_IDA),2024Q3,1,5.903089986991944,1.0,0.0,345.0,0.0,0.0,800000.0
LOWER SIANG(Deputy Commisioner Lower Siang_IDA),2024Q4,1,6.0,1.0,0.0,345.0,0.0,0.0,1000000.0
LOWER SIANG(Deputy Commisioner Lower Siang_IDA),2025Q3,9,5.698970004336019,1.0,0.7777777777777778,205.0,0.0,0.0,4500000.0
LOWER SIANG(Deputy Commisioner Lower Siang_IDA),2026Q1,1,5.698970004336019,1.0,1.0,79.0,0.0,0.0,500000.0
LOWER SUBANSIRI(Deputy Commissioner Lower Subansir_IDA),2023Q4,8,5.698970004336019,1.0,0.0,345.0,0.0,0.0,3750000.0
LOWER SUBANSIRI(Deputy Commissioner Lower Subansir_IDA),2024Q1,3,5.845098040014257,1.0,0.0,345.0,0.0,0.0,3000000.0
LOWER SUBANSIRI(Deputy Commissioner Lower Subansir_IDA),2025Q2,3,6.0,0.6666666666666666,0.0,345.0,0.0,0.0,3563000.0
LOWER SUBANSIRI(Deputy Commissioner Lower Subansir_IDA),2025Q3,5,5.698970004336019,1.0,0.0,345.0,0.0,0.0,5300000.0
LOWER SUBANSIRI(Deputy Commissioner Lower Subansir_IDA),2026Q1,5,5.698970004336019,1.0,0.0,345.0,0.0,0.0,2800000.0
LUCKNOW(DISTRICT MAGISTRAE LUCKNOW_IDA),2023Q3,36,5.8205610325708035,0.0,0.9722222222222222,177.0,0.0,0.0,26380901.0
LUCKNOW(DISTRICT MAGISTRAE LUCKNOW_IDA),2023Q4,23,5.999604612092673,0.08695652173913043,0.9130434782608695,286.0,0.0,0.0,29802756.0
LUCKNOW(DISTRICT MAGISTRAE LUCKNOW_IDA),2024Q1,33,6.060475726908153,0.030303030303030304,0.8484848484848485,343.5,0.0,0.0,42517184.0
LUCKNOW(DISTRICT MAGISTRAE LUCKNOW_IDA),2024Q3,4,6.493109360103793,0.5,0.0,345.0,0.25,0.0,9839000.0
LUCKNOW(DISTRICT MAGISTRAE LUCKNOW_IDA),2024Q4,140,5.693726948923647,0.02142857142857143,0.2571428571428571,414.0,0.0,0.0,89398741.0
LUCKNOW(DISTRICT MAGISTRAE LUCKNOW_IDA),2025Q1,23,6.061597973523961,0.043478260869565216,0.6521739130434783,346.0,0.6521739130434783,0.0,36966308.0
LUCKNOW(DISTRICT MAGISTRAE LUCKNOW_IDA),2025Q2,14,6.3277505424907305,0.14285714285714285,0.14285714285714285,237.0,0.0,0.0,34591811.0
LUCKNOW(DISTRICT MAGISTRAE LUCKNOW_IDA),2025Q3,49,6.100715086573081,0.061224489795918366,0.0,345.0,0.0,0.0,63471000.0
LUCKNOW(DISTRICT MAGISTRAE LUCKNOW_IDA),2025Q4,39,5.999565488225982,0.3076923076923077,0.0,345.0,0.23076923076923078,0.0,45732621.0
LUCKNOW(DISTRICT MAGISTRAE LUCKNOW_IDA),2026Q1,55,5.999130541287371,0.2545454545454545,0.0,345.0,0.03636363636363636,0.0,71332424.0
LUDHIANA(DEPUTY COMMISSIONER LUDHIANA_IDA),2023Q3,117,5.301029995663981,0.7863247863247863,0.8376068376068376,800.0,0.6153846153846154,0.0,25347752.0
LUDHIANA(DEPUTY COMMISSIONER LUDHIANA_IDA),2023Q4,28,5.301029995663981,0.8928571428571429,0.5714285714285714,589.5,0.17857142857142858,0.0,8672797.0
LUDHIANA(DEPUTY COMMISSIONER LUDHIANA_IDA),2024Q1,327,5.363107830583799,0.0672782874617737,0.9755351681957186,374.0,0.8562691131498471,0.0,92045725.0
LUDHIANA(DEPUTY COMMISSIONER LUDHIANA_IDA),2024Q3,1,5.526726867314635,0.0,1.0,526.0,1.0,0.0,336300.0
LUDHIANA(DEPUTY COMMISSIONER LUDHIANA_IDA),2024Q4,14,5.594558280002282,0.21428571428571427,0.14285714285714285,213.5,0.0,0.0,8548500.0
LUDHIANA(DEPUTY COMMISSIONER LUDHIANA_IDA),2025Q1,73,5.574031267727719,0.4383561643835616,0.4794520547945205,283.0,0.1232876712328767,0.0,32999290.0
LUDHIANA(DEPUTY COMMISSIONER LUDHIANA_IDA),2025Q2,121,5.477121254719663,0.7933884297520661,0.38016528925619836,243.5,0.2892561983471074,0.0,44293601.0
LUDHIANA(DEPUTY COMMISSIONER LUDHIANA_IDA),2025Q3,36,5.301029995663981,0.6111111111111112,0.25,175.0,0.5277777777777778,0.0,7126243.0
LUDHIANA(DEPUTY COMMISSIONER LUDHIANA_IDA),2025Q4,57,5.698970004336019,0.6842105263157895,0.07017543859649122,157.0,0.15789473684210525,0.0,26915994.0
LUDHIANA(DEPUTY COMMISSIONER LUDHIANA_IDA),2026Q1,87,5.477121254719663,0.7701149425287356,0.0,345.0,0.09195402298850575,0.0,31634932.0
"LUNGLEI(Deputy Commissioner, Lunglei)",2023Q4,1,5.698970004336019,1.0,0.0,345.0,0.0,0.0,500000.0
"LUNGLEI(Deputy Commissioner, Lunglei)",2024Q1,1,6.176091259055681,1.0,0.0,345.0,0.0,0.0,1500000.0
"LUNGLEI(Deputy Commissioner, Lunglei)",2024Q4,9,5.3979400086720375,1.0,0.4444444444444444,358.0,0.0,0.0,2500000.0
"LUNGLEI(Deputy Commissioner, Lunglei)",2025Q3,10,5.698970004336019,1.0,0.1,198.0,0.0,0.0,6700000.0
"LUNGLEI(Deputy Commissioner, Lunglei)",2025Q4,3,5.477121254719663,1.0,0.0,345.0,0.0,0.0,1000000.0
MADHEPURA(DISTRICT PLANNING OFFICER MADHEPURA_IDA),2023Q4,43,5.964259630196849,0.0,1.0,104.0,0.0,0.0,39688550.0
MADHEPURA(DISTRICT PLANNING OFFICER MADHEPURA_IDA),2024Q1,6,5.964259630196849,0.0,1.0,198.0,0.0,0.0,5362548.0
MADHEPURA(DISTRICT PLANNING OFFICER MADHEPURA_IDA),2025Q1,1,6.137228742974982,0.0,1.0,364.0,0.0,0.0,1371604.0
MADHEPURA(DISTRICT PLANNING OFFICER MADHEPURA_IDA),2025Q2,2,6.065396884204113,0.5,0.5,256.0,0.0,0.0,2325021.0
MADHEPURA(DISTRICT PLANNING OFFICER MADHEPURA_IDA),2025Q3,8,5.929418925714293,0.875,0.0,345.0,0.25,0.0,7721000.0
MADHEPURA(DISTRICT PLANNING OFFICER MADHEPURA_IDA),2026Q1,8,5.929418925714293,0.625,0.0,345.0,0.0,0.0,6419440.0
MADHUBANI(DISTRICT PLANNING OFFICER MADHUBANI_IDA),2023Q2,35,5.911157608739977,0.0,1.0,271.0,0.6857142857142857,0.0,26274506.0
MADHUBANI(DISTRICT PLANNING OFFICER MADHUBANI_IDA),2023Q3,54,5.94782568444245,0.0,1.0,226.0,0.0,0.0,48539001.0
MADHUBANI(DISTRICT PLANNING OFFICER MADHUBANI_IDA),2023Q4,22,5.999130541287371,0.0,1.0,327.0,0.5454545454545454,0.0,19945533.0
MADHUBANI(DISTRICT PLANNING OFFICER MADHUBANI_IDA),2024Q1,33,5.978820754730946,0.0,0.9696969696969697,115.5,0.0,0.0,28452138.0
MADHUBANI(DISTRICT PLANNING OFFICER MADHUBANI_IDA),2024Q3,40,6.03981055414835,0.025,0.925,339.0,0.0,0.0,41327733.0
MADHUBANI(DISTRICT PLANNING OFFICER MADHUBANI_IDA),2024Q4,45,5.998261518611408,0.022222222222222223,0.9777777777777777,255.0,0.3111111111111111,0.0,43872636.0
MADHUBANI(DISTRICT PLANNING OFFICER MADHUBANI_IDA),2025Q1,19,5.790988475088816,0.0,0.9473684210526315,156.5,0.0,0.0,11720160.0
MADHUBANI(DISTRICT PLANNING OFFICER MADHUBANI_IDA),2025Q2,128,5.915654638014092,0.0625,0.9140625,180.0,0.015625,0.0,106447446.0
MADHUBANI(DISTRICT PLANNING OFFICER MADHUBANI_IDA),2025Q3,14,5.995825540560267,0.14285714285714285,0.42857142857142855,117.5,0.0,0.0,13461083.0
MADHUBANI(DISTRICT PLANNING OFFICER MADHUBANI_IDA),2025Q4,1,5.985579595399112,0.0,1.0,142.0,0.0,0.0,967341.0
MADHUBANI(DISTRICT PLANNING OFFICER MADHUBANI_IDA),2026Q1,152,5.699837725867246,0.19078947368421054,0.19078947368421054,81.0,0.0,0.0,73747840.0
MADURAI(DISTRICT COLLECTOR MADURAI_IDA),2023Q3,30,5.999213649813856,0.0,1.0,70.0,0.0,0.0,29947225.0
MADURAI(DISTRICT COLLECTOR MADURAI_IDA),2023Q4,205,5.90243914356456,0.11707317073170732,0.926829268292683,84.0,0.0,0.03414634146341464,165491089.0
MADURAI(DISTRICT COLLECTOR MADURAI_IDA),2024Q1,108,5.844511656985887,0.18518518518518517,0.6944444444444444,100.5,0.018518518518518517,0.027777777777777776,98491207.0
MADURAI(DISTRICT COLLECTOR MADURAI_IDA),2024Q3,119,5.998292912100944,0.03361344537815126,0.8907563025210085,236.0,0.0,0.0,121792311.0
MADURAI(DISTRICT COLLECTOR MADURAI_IDA),2024Q4,1,6.3979400086720375,1.0,1.0,27.0,0.0,0.0,2500000.0
MADURAI(DISTRICT COLLECTOR MADURAI_IDA),2025Q1,33,5.997715257576135,0.6666666666666666,0.3333333333333333,440.0,0.12121212121212122,0.0,28038795.0
MADURAI(DISTRICT COLLECTOR MADURAI_IDA),2025Q2,123,5.96715890251334,0.35772357723577236,0.6341463414634146,163.0,0.016260162601626018,0.0,107026015.0
MADURAI(DISTRICT COLLECTOR MADURAI_IDA),2025Q3,74,5.908137980839701,0.7702702702702703,0.05405405405405406,262.0,0.0,0.0,64611256.0
MADURAI(DISTRICT COLLECTOR MADURAI_IDA),2025Q4,16,5.6020599913279625,1.0,0.0,345.0,0.0,0.0,7650000.0
MADURAI(DISTRICT COLLECTOR MADURAI_IDA),2026Q1,20,5.6020599913279625,1.0,0.0,345.0,0.1,0.0,8300000.0
MAHABUBABAD(DISTRICT COLLECTOR MAHABUBABAD_IDA),2023Q3,30,5.69810054562339,0.03333333333333333,0.0,345.0,0.06666666666666667,0.0,15971000.0
MAHABUBABAD(DISTRICT COLLECTOR MAHABUBABAD_IDA),2023Q4,106,5.544068044350276,0.4056603773584906,0.0,345.0,0.0,0.0,37244000.0
MAHABUBABAD(DISTRICT COLLECTOR MAHABUBABAD_IDA),2024Q1,30,5.69810054562339,0.43333333333333335,0.0,345.0,0.0,0.0,12506000.0
MAHABUBABAD(DISTRICT COLLECTOR MAHABUBABAD_IDA),2024Q3,2,6.096562438374136,0.5,0.0,345.0,0.0,0.0,2498000.0
MAHABUBABAD(DISTRICT COLLECTOR MAHABUBABAD_IDA),2024Q4,32,5.544068044350276,0.4375,0.0,345.0,0.0625,0.0,11093000.0
MAHABUBABAD(DISTRICT COLLECTOR MAHABUBABAD_IDA),2025Q1,28,5.676236216763312,0.2857142857142857,0.0,345.0,0.0,0.0,11450000.0
MAHABUBABAD(DISTRICT COLLECTOR MAHABUBABAD_IDA),2025Q2,99,5.243038048686294,0.020202020202020204,0.0,345.0,0.050505050505050504,0.0,34730222.0
MAHABUBABAD(DISTRICT COLLECTOR MAHABUBABAD_IDA),2025Q3,28,5.69810054562339,0.0,0.0,345.0,0.0,0.0,14541476.0
MAHABUBABAD(DISTRICT COLLECTOR MAHABUBABAD_IDA),2025Q4,1,5.69810054562339,0.0,0.0,345.0,0.0,0.0,499000.0
MAHABUBABAD(DISTRICT COLLECTOR MAHABUBABAD_IDA),2026Q1,3,5.698970004336019,0.6666666666666666,0.0,345.0,0.0,0.0,1498000.0
MAHABUBNAGAR(DISTRICT COLLECTOR MAHABUBNAGAR_3),2020Q1,2,5.6020599913279625,1.0,0.0,345.0,0.0,0.0,800000.0
MAHABUBNAGAR(DISTRICT COLLECTOR MAHABUBNAGAR_3),2020Q3,1,5.52070226250271,0.0,0.0,345.0,0.0,0.0,331667.0
MAHABUBNAGAR(DISTRICT COLLECTOR MAHABUBNAGAR_3),2022Q1,1,5.046085259177423,0.0,0.0,345.0,0.0,0.0,111195.0
MAHABUBNAGAR(DISTRICT COLLECTOR MAHABUBNAGAR_3),2022Q2,3,5.698970004336019,1.0,0.0,345.0,0.0,0.0,1800000.0
MAHABUBNAGAR(DISTRICT COLLECTOR MAHABUBNAGAR_3),2022Q4,1,5.698970004336019,1.0,0.0,345.0,0.0,0.0,500000.0
MAHABUBNAGAR(DISTRICT COLLECTOR MAHABUBNAGAR_3),2023Q1,2,5.528494407052186,0.5,0.0,345.0,0.0,0.0,675343.0
MAHABUBNAGAR(DISTRICT COLLECTOR MAHABUBNAGAR_3),2023Q2,1,5.6020599913279625,1.0,0.0,345.0,0.0,0.0,400000.0
MAHABUBNAGAR(DISTRICT COLLECTOR MAHABUBNAGAR_3),2023Q3,2,5.8750612633917,1.0,0.0,345.0,0.0,0.0,1500000.0
MAHABUBNAGAR(DISTRICT COLLECTOR MAHABUBNAGAR_3),2023Q4,75,5.698970004336019,0.9866666666666667,0.0,345.0,0.0,0.0,40649795.0
MAHABUBNAGAR(DISTRICT COLLECTOR MAHABUBNAGAR_3),2024Q1,117,5.698970004336019,0.9658119658119658,0.0,345.0,0.017094017094017096,0.0,54460000.0
MAHABUBNAGAR(DISTRICT COLLECTOR MAHABUBNAGAR_3),2024Q4,6,5.489370589489066,0.0,0.5,306.0,0.0,0.0,1865023.0
MAHABUBNAGAR(DISTRICT COLLECTOR MAHABUBNAGAR_3),2025Q1,23,5.3979400086720375,0.43478260869565216,0.5217391304347826,235.0,0.13043478260869565,0.0,9543528.0
MAHABUBNAGAR(DISTRICT COLLECTOR MAHABUBNAGAR_3),2025Q2,33,5.39774192522183,0.6060606060606061,0.3333333333333333,149.0,0.0,0.0,10488626.0
MAHABUBNAGAR(DISTRICT COLLECTOR MAHABUBNAGAR_3),2025Q3,13,5.698970004336019,0.8461538461538461,0.15384615384615385,227.5,0.0,0.0,7499742.0
MAHABUBNAGAR(DISTRICT COLLECTOR MAHABUBNAGAR_3),2025Q4,2,5.795880017344075,1.0,0.0,345.0,0.0,0.0,1250000.0
MAHABUBNAGAR(DISTRICT COLLECTOR MAHABUBNAGAR_3),2026Q1,34,5.3979400086720375,0.7058823529411765,0.0,345.0,0.029411764705882353,0.0,8800000.0
MAHASAMUND(DISTRICT COLLECTOR MAHASAMUND_IDA),2023Q3,5,5.698970004336019,0.8,0.6,683.0,0.0,0.0,3362752.0
MAHASAMUND(DISTRICT COLLECTOR MAHASAMUND_IDA),2023Q4,31,5.698970004336019,0.6774193548387096,0.967741935483871,633.0,0.0,0.0,16688940.0
MAHASAMUND(DISTRICT COLLECTOR MAHASAMUND_IDA),2024Q1,16,5.698970004336019,0.75,0.875,563.5,0.0,0.0,8767806.0
MAHASAMUND(DISTRICT COLLECTOR MAHASAMUND_IDA),2024Q3,1,5.698970004336019,1.0,0.0,345.0,0.0,0.0,500000.0
MAHASAMUND(DISTRICT COLLECTOR MAHASAMUND_IDA),2024Q4,40,5.698752802790154,0.45,0.8,300.0,0.425,0.0,22220024.0
MAHASAMUND(DISTRICT COLLECTOR MAHASAMUND_IDA),2025Q1,2,5.474880314139734,0.5,1.0,284.0,0.0,0.0,596912.0
MAHASAMUND(DISTRICT COLLECTOR MAHASAMUND_IDA),2025Q2,33,6.0,0.8181818181818182,0.21212121212121213,240.0,0.3939393939393939,0.0,29495000.0
MAHASAMUND(DISTRICT COLLECTOR MAHASAMUND_IDA),2025Q3,15,5.698970004336019,0.9333333333333333,0.2,202.0,0.6,0.0,9249600.0
MAHASAMUND(DISTRICT COLLECTOR MAHASAMUND_IDA),2025Q4,1,5.929418925714293,1.0,0.0,345.0,1.0,0.0,850000.0
MAHASAMUND(DISTRICT COLLECTOR MAHASAMUND_IDA),2026Q1,10,5.698970004336019,1.0,0.0,345.0,0.6,0.0,7000000.0
MAHENDRAGARH(DEPUTY COMMISSIONER MAHENDRAGARH_IDA),2023Q3,3,5.698970004336019,0.6666666666666666,0.6666666666666666,288.5,0.0,0.0,1866098.0
MAHENDRAGARH(DEPUTY COMMISSIONER MAHENDRAGARH_IDA),2023Q4,26,5.525767597240939,0.11538461538461539,1.0,80.0,0.5384615384615384,0.0,9417379.0
MAHENDRAGARH(DEPUTY COMMISSIONER MAHENDRAGARH_IDA),2024Q1,10,5.5219770831777275,0.3,0.6,475.0,0.3,0.0,4836434.0
MAHENDRAGARH(DEPUTY COMMISSIONER MAHENDRAGARH_IDA),2024Q4,3,5.6020599913279625,0.6666666666666666,0.6666666666666666,420.0,0.0,0.0,1687970.0
MAHENDRAGARH(DEPUTY COMMISSIONER MAHENDRAGARH_IDA),2025Q1,5,6.0,0.8,0.4,220.0,0.0,0.0,4680000.0
MAHENDRAGARH(DEPUTY COMMISSIONER MAHENDRAGARH_IDA),2025Q2,1,6.0,1.0,0.0,345.0,0.0,0.0,1000000.0
MAHENDRAGARH(DEPUTY COMMISSIONER MAHENDRAGARH_IDA),2025Q3,18,5.57978359661681,0.2222222222222222,0.8333333333333334,177.0,0.5555555555555556,0.0,7945646.0
MAHENDRAGARH(DEPUTY COMMISSIONER MAHENDRAGARH_IDA),2025Q4,16,5.57978359661681,0.4375,0.625,118.0,0.625,0.0,6007113.0
MAHENDRAGARH(DEPUTY COMMISSIONER MAHENDRAGARH_IDA),2026Q1,17,5.698970004336019,0.7647058823529411,0.23529411764705882,60.5,0.23529411764705882,0.0,9332637.0
MAHESANA(DISTRICT COLLECTOR MAHESANA_IDA),2023Q3,66,5.176091259055681,0.7121212121212122,0.8181818181818182,303.5,0.0,0.06060606060606061,12057240.0
MAHESANA(DISTRICT COLLECTOR MAHESANA_IDA),2023Q4,210,5.176091259055681,0.5666666666666667,0.8809523809523809,357.5,0.19047619047619047,0.03333333333333333,40568331.6
MAHESANA(DISTRICT COLLECTOR MAHESANA_IDA),2024Q1,178,5.301029995663981,0.7752808988764045,0.7584269662921348,506.0,0.07303370786516854,0.011235955056179775,43641756.0
MAHESANA(DISTRICT COLLECTOR MAHESANA_IDA),2024Q2,1,6.176091259055681,1.0,0.0,345.0,0.0,0.0,1500000.0
MAHESANA(DISTRICT COLLECTOR MAHESANA_IDA),2024Q3,3,5.477121254719663,1.0,0.3333333333333333,472.0,0.0,0.0,1600000.0
MAHESANA(DISTRICT COLLECTOR MAHESANA_IDA),2024Q4,38,5.301029995663981,0.8947368421052632,0.5,323.0,0.10526315789473684,0.0,13190000.0
MAHESANA(DISTRICT COLLECTOR MAHESANA_IDA),2025Q1,163,5.176091259055681,0.8098159509202454,0.5644171779141104,231.0,0.06748466257668712,0.0,33703978.0
MAHESANA(DISTRICT COLLECTOR MAHESANA_IDA),2025Q2,87,5.301029995663981,0.8390804597701149,0.2413793103448276,178.0,0.08045977011494253,0.0,25754671.0
MAHESANA(DISTRICT COLLECTOR MAHESANA_IDA),2025Q3,109,5.262894650398479,0.5412844036697247,0.1834862385321101,176.0,0.0,0.0,29804686.0
MAHESANA(DISTRICT COLLECTOR MAHESANA_IDA),2025Q4,106,5.301029995663981,0.8301886792452831,0.11320754716981132,129.5,0.0,0.0,26811087.0
MAHESANA(DISTRICT COLLECTOR MAHESANA_IDA),2026Q1,75,5.301029995663981,0.8933333333333333,0.013333333333333334,98.0,0.013333333333333334,0.0,18388820.0
MAHOBA(DISTRICT MAGISTRAE MAHOBA_IDA),2023Q4,33,5.698970004336019,0.9696969696969697,0.030303030303030304,793.0,0.0,0.0,14248664.0
MAHOBA(DISTRICT MAGISTRAE MAHOBA_IDA),2024Q1,26,5.778151250383644,0.9615384615384616,0.0,345.0,0.0,0.0,32540000.0
MAHOBA(DISTRICT MAGISTRAE MAHOBA_IDA),2024Q3,107,5.3836394590413885,0.1308411214953271,0.7570093457943925,526.0,0.8037383177570093,0.0,28910062.0
MAHOBA(DISTRICT MAGISTRAE MAHOBA_IDA),2024Q4,20,5.845098040014257,0.85,0.05,421.0,0.15,0.0,13410000.0
MAHOBA(DISTRICT MAGISTRAE MAHOBA_IDA),2025Q2,1,6.300812794118117,0.0,0.0,345.0,0.0,0.0,1999000.0
MAHOBA(DISTRICT MAGISTRAE MAHOBA_IDA),2025Q3,1,6.186673867499745,0.0,0.0,345.0,0.0,0.0,1537000.0
MAHOBA(DISTRICT MAGISTRAE MAHOBA_IDA),2025Q4,6,5.807027378119873,0.6666666666666666,0.0,345.0,0.0,0.0,3982500.0
MAHOBA(DISTRICT MAGISTRAE MAHOBA_IDA),2026Q1,12,5.948901760970213,0.4166666666666667,0.0,345.0,0.0,0.0,11116000.0
MAINPURI(DISTRICT MAGISTRATE MAINPURI_IDA),2023Q3,1,5.845098040014257,1.0,0.0,345.0,0.0,0.0,700000.0
MAINPURI(DISTRICT MAGISTRATE MAINPURI_IDA),2023Q4,44,5.863205346743545,0.0,0.7272727272727273,216.5,0.0,0.0,33445779.0
MAINPURI(DISTRICT MAGISTRATE MAINPURI_IDA),2024Q1,11,4.1419198739138805,0.0,0.18181818181818182,553.0,0.0,0.0,2739955.0
MAINPURI(DISTRICT MAGISTRATE MAINPURI_IDA),2024Q3,1,5.698970004336019,1.0,0.0,345.0,0.0,0.0,500000.0
MAINPURI(DISTRICT MAGISTRATE MAINPURI_IDA),2024Q4,11,5.8774427624321754,0.0,0.9090909090909091,387.0,0.0,0.0,9127339.0
MAINPURI(DISTRICT MAGISTRATE MAINPURI_IDA),2025Q1,37,5.905256048748451,0.08108108108108109,0.24324324324324326,327.0,0.0,0.0,39854998.0
MAINPURI(DISTRICT MAGISTRATE MAINPURI_IDA),2025Q2,18,6.146128035678238,0.3333333333333333,0.0,345.0,0.0,0.0,21651400.0
MAINPURI(DISTRICT MAGISTRATE MAINPURI_IDA),2025Q3,24,5.881612872478349,0.5,0.0,345.0,0.0,0.0,26520100.0
MAINPURI(DISTRICT MAGISTRATE MAINPURI_IDA),2025Q4,43,5.385606273598312,0.32558139534883723,0.0,345.0,0.0,0.0,19148500.0
MAINPURI(DISTRICT MAGISTRATE MAINPURI_IDA),2026Q1,3,6.062581984228163,0.3333333333333333,0.0,345.0,0.0,0.0,3037000.0
"MAJULI(District Commissioner, Majuli)",2024Q4,22,5.301029995663981,1.0,0.0,345.0,0.0,0.0,6850000.0
"MAJULI(District Commissioner, Majuli)",2025Q1,1,6.301029995663981,1.0,0.0,345.0,0.0,0.0,2000000.0
"MAJULI(District Commissioner, Majuli)",2025Q2,22,5.301029995663981,1.0,0.0,345.0,0.0,0.0,4650000.0
"MAJULI(District Commissioner, Majuli)",2025Q3,2,5.720159303405957,1.0,0.0,345.0,0.0,0.0,1050000.0
"MAJULI(District Commissioner, Majuli)",2025Q4,1,5.301029995663981,1.0,0.0,345.0,0.0,0.0,200000.0
MALAPPURAM(DISTRICT COLLECTOR MALAPPURAM_IDA),2022Q4,1,6.3979400086720375,1.0,0.0,345.0,0.0,0.0,2500000.0
MALAPPURAM(DISTRICT COLLECTOR MALAPPURAM_IDA),2023Q1,4,5.554012810349129,0.0,1.0,1097.5,0.0,0.0,1773211.0
MALAPPURAM(DISTRICT COLLECTOR MALAPPURAM_IDA),2023Q2,35,5.485211611943616,0.11428571428571428,0.8571428571428571,964.0,0.0,0.0,11650165.0
MALAPPURAM(DISTRICT COLLECTOR MALAPPURAM_IDA),2023Q3,2,5.810795525621413,0.0,1.0,910.0,0.0,0.0,1293676.0
MALAPPURAM(DISTRICT COLLECTOR MALAPPURAM_IDA),2023Q4,3,5.640052893977508,0.3333333333333333,1.0,761.0,0.0,0.3333333333333333,1193316.0
MALAPPURAM(DISTRICT COLLECTOR MALAPPURAM_IDA),2024Q1,263,5.513148320575995,0.1596958174904943,0.8212927756653993,677.0,0.0,0.06463878326996197,189451309.0
MALAPPURAM(DISTRICT COLLECTOR MALAPPURAM_IDA),2024Q2,7,5.565179340671987,0.0,1.0,585.0,0.0,0.5714285714285714,2878972.0
MALAPPURAM(DISTRICT COLLECTOR MALAPPURAM_IDA),2024Q3,14,5.636540048679291,0.14285714285714285,0.8571428571428571,520.5,0.0,0.2857142857142857,8867830.0
MALAPPURAM(DISTRICT COLLECTOR MALAPPURAM_IDA),2024Q4,38,5.679158877813927,0.39473684210526316,0.5,469.0,0.0,0.0,29497829.0
MALAPPURAM(DISTRICT COLLECTOR MALAPPURAM_IDA),2025Q1,251,5.477121254719663,0.8605577689243028,0.09561752988047809,381.0,0.0,0.0,119175319.0
MALAPPURAM(DISTRICT COLLECTOR MALAPPURAM_IDA),2025Q2,25,5.845098040014257,0.92,0.0,345.0,0.0,0.0,29187500.0
MALAPPURAM(DISTRICT COLLECTOR MALAPPURAM_IDA),2025Q3,81,5.698970004336019,0.8395061728395061,0.09876543209876543,213.5,0.0,0.0,62485520.0
MALAPPURAM(DISTRICT COLLECTOR MALAPPURAM_IDA),2025Q4,28,5.544068044350276,0.9642857142857143,0.0,345.0,0.0,0.0,15170000.0
MALAPPURAM(DISTRICT COLLECTOR MALAPPURAM_IDA),2026Q1,142,5.698970004336019,0.8661971830985915,0.007042253521126761,54.0,0.11267605633802817,0.0,118738641.0
MALERKOTLA(Deputy Commissioner Malerkotla_IDA),2023Q3,109,5.176091259055681,0.23853211009174313,1.0,193.0,0.3119266055045872,0.0,17426942.0
MALERKOTLA(Deputy Commissioner Malerkotla_IDA),2023Q4,24,5.268782669147739,0.125,1.0,121.0,0.08333333333333333,0.0,4804318.0
MALERKOTLA(Deputy Commissioner Malerkotla_IDA),2024Q1,3,5.449677373096169,0.0,1.0,713.0,0.0,0.0,1310650.0
MALERKOTLA(Deputy Commissioner Malerkotla_IDA),2025Q1,2,6.113310659123536,0.5,0.5,367.0,0.0,0.0,2596215.0
MALERKOTLA(Deputy Commissioner Malerkotla_IDA),2025Q2,5,5.477121254719663,1.0,0.4,316.5,0.2,0.0,1800000.0
MALERKOTLA(Deputy Commissioner Malerkotla_IDA),2025Q3,8,4.942008053022313,0.25,0.875,205.0,0.0,0.0,1550000.0
MALERKOTLA(Deputy Commissioner Malerkotla_IDA),2025Q4,7,5.477121254719663,0.8571428571428571,0.14285714285714285,169.0,0.14285714285714285,0.0,1880000.0
MALKANGIRI(District Collector Malkangiri_IDA),2023Q4,1,6.0,1.0,0.0,345.0,0.0,0.0,1000000.0
MALKANGIRI(District Collector Malkangiri_IDA),2024Q1,63,5.301029995663981,1.0,0.0,345.0,0.031746031746031744,0.0,16600000.0
MALKANGIRI(District Collector Malkangiri_IDA),2024Q3,1,6.0,1.0,0.0,345.0,0.0,0.0,1000000.0
MALKANGIRI(District Collector Malkangiri_IDA),2025Q2,27,5.698970004336019,1.0,0.0,345.0,0.0,0.0,13300000.0
MALKANGIRI(District Collector Malkangiri_IDA),2025Q3,33,5.477121254719663,1.0,0.0,345.0,0.0,0.0,12250000.0
MALKANGIRI(District Collector Malkangiri_IDA),2025Q4,1,6.176091259055681,1.0,0.0,345.0,0.0,0.0,1500000.0
MALKANGIRI(District Collector Malkangiri_IDA),2026Q1,19,5.698970004336019,1.0,0.0,345.0,0.0,0.0,9400000.0
MAMIT(DEPUTY COMMISSIONER MAMIT),2023Q4,8,5.845098040014257,1.0,0.0,345.0,0.0,0.0,8100000.0
MAMIT(DEPUTY COMMISSIONER MAMIT),2024Q1,4,6.0,1.0,0.0,345.0,0.0,0.0,4000000.0
MAMIT(DEPUTY COMMISSIONER MAMIT),2024Q4,30,5.3979400086720375,0.9666666666666667,0.0,345.0,0.06666666666666667,0.0,13490000.0
MAMIT(DEPUTY COMMISSIONER MAMIT),2025Q1,14,5.778151250383644,1.0,0.0,345.0,0.0,0.0,9550000.0
MAMIT(DEPUTY COMMISSIONER MAMIT),2025Q3,7,5.99563519459755,0.8571428571428571,0.0,345.0,0.0,0.0,7490000.0
MANCHERIAL(District Collector Mancherial_IDA),2022Q1,2,5.698970004336019,1.0,0.0,345.0,0.0,0.0,1000000.0
MANCHERIAL(District Collector Mancherial_IDA),2022Q3,1,6.0813473078041325,0.0,0.0,345.0,0.0,0.0,1206000.0
MANCHERIAL(District Collector Mancherial_IDA),2023Q3,4,5.0,1.0,0.0,345.0,0.0,0.0,1300000.0
MANCHERIAL(District Collector Mancherial_IDA),2023Q4,10,5.6020599913279625,1.0,0.0,345.0,0.0,0.0,4000000.0
MANCHERIAL(District Collector Mancherial_IDA),2024Q1,244,5.301029995663981,0.6967213114754098,0.0,345.0,0.0,0.0,64275000.0
MANCHERIAL(District Collector Mancherial_IDA),2025Q1,1,6.698970004336019,1.0,0.0,345.0,0.0,0.0,5000000.0
MANCHERIAL(District Collector Mancherial_IDA),2025Q2,3,5.477121254719663,1.0,0.0,345.0,0.0,0.0,850000.0
MANCHERIAL(District Collector Mancherial_IDA),2025Q3,1,5.698970004336019,1.0,0.0,345.0,0.0,0.0,500000.0
MANCHERIAL(District Collector Mancherial_IDA),2025Q4,1,6.903089986991944,1.0,0.0,345.0,0.0,0.0,8000000.0
MANCHERIAL(District Collector Mancherial_IDA),2026Q1,2,6.409933123331294,0.5,0.0,345.0,0.0,0.0,5140000.0
MANDI(DEPUTY COMMISSIONER MANDI_IDA),2023Q3,7,5.477121254719663,0.8571428571428571,0.14285714285714285,632.0,0.0,0.0,4774025.0
MANDI(DEPUTY COMMISSIONER MANDI_IDA),2023Q4,60,5.301029995663981,0.9333333333333333,0.08333333333333333,841.0,0.0,0.0,11519566.0
MANDI(DEPUTY COMMISSIONER MANDI_IDA),2024Q1,227,4.698970004336019,0.46255506607929514,0.14537444933920704,667.0,0.0,0.0,26178903.0
MANDI(DEPUTY COMMISSIONER MANDI_IDA),2024Q3,10,5.301029995663981,0.7,0.4,287.0,0.0,0.0,4244415.0
MANDI(DEPUTY COMMISSIONER MANDI_IDA),2024Q4,15,5.301029995663981,0.8666666666666667,0.2,240.0,0.0,0.0,3916300.0
MANDI(DEPUTY COMMISSIONER MANDI_IDA),2025Q1,4,5.544068044350276,1.0,0.0,345.0,0.0,0.0,2950000.0
MANDI(DEPUTY COMMISSIONER MANDI_IDA),2025Q2,95,5.301029995663981,0.9578947368421052,0.010526315789473684,296.0,0.0,0.0,20185649.0
MANDI(DEPUTY COMMISSIONER MANDI_IDA),2025Q3,70,5.0,0.9571428571428572,0.02857142857142857,200.0,0.014285714285714285,0.0,13475000.0
MANDI(DEPUTY COMMISSIONER MANDI_IDA),2025Q4,32,5.301029995663981,1.0,0.0,345.0,0.0,0.0,8050000.0
MANDI(DEPUTY COMMISSIONER MANDI_IDA),2026Q1,87,5.301029995663981,0.9655172413793104,0.0,345.0,0.011494252873563218,0.0,24585410.0
MANDLA(DISTRICT COLLECTOR MANDLA_IDA),2019Q3,2,4.698970004336019,1.0,0.0,345.0,0.0,0.0,100000.0
MANDLA(DISTRICT COLLECTOR MANDLA_IDA),2020Q2,1,5.301029995663981,1.0,0.0,345.0,0.0,0.0,200000.0
MANDLA(DISTRICT COLLECTOR MANDLA_IDA),2021Q1,1,5.301029995663981,1.0,0.0,345.0,0.0,0.0,200000.0
MANDLA(DISTRICT COLLECTOR MANDLA_IDA),2021Q3,1,5.290319593192473,0.0,0.0,345.0,0.0,0.0,195128.0
MANDLA(DISTRICT COLLECTOR MANDLA_IDA),2021Q4,1,4.698970004336019,1.0,0.0,345.0,0.0,0.0,50000.0
MANDLA(DISTRICT COLLECTOR MANDLA_IDA),2022Q1,8,4.903089986991944,0.25,0.0,345.0,0.0,0.0,820000.0
MANDLA(DISTRICT COLLECTOR MANDLA_IDA),2022Q3,3,5.301029995663981,1.0,0.0,345.0,0.0,0.0,600000.0
MANDLA(DISTRICT COLLECTOR MANDLA_IDA),2022Q4,2,5.113943352306837,0.5,0.0,345.0,0.0,0.0,260000.0
MANDLA(DISTRICT COLLECTOR MANDLA_IDA),2023Q3,5,5.698970004336019,0.6,0.2,906.0,0.0,0.0,2818768.0
MANDLA(DISTRICT COLLECTOR MANDLA_IDA),2023Q4,67,5.698970004336019,0.8656716417910447,0.23880597014925373,868.0,0.0,0.0,30717452.0
MANDLA(DISTRICT COLLECTOR MANDLA_IDA),2024Q1,20,5.6529021236040204,0.7,0.2,720.5,0.0,0.0,7897148.0
MANDLA(DISTRICT COLLECTOR MANDLA_IDA),2024Q3,1,5.991226075692495,0.0,0.0,345.0,0.0,0.0,980000.0
MANDLA(DISTRICT COLLECTOR MANDLA_IDA),2024Q4,7,5.698970004336019,0.7142857142857143,0.5714285714285714,435.5,0.0,0.0,3499129.0
MANDLA(DISTRICT COLLECTOR MANDLA_IDA),2025Q1,37,5.698970004336019,0.8108108108108109,0.2702702702702703,400.0,0.0,0.0,14810506.0
MANDLA(DISTRICT COLLECTOR MANDLA_IDA),2025Q2,4,5.698970004336019,1.0,0.25,235.0,0.0,0.0,2000000.0
MANDLA(DISTRICT COLLECTOR MANDLA_IDA),2025Q3,4,5.301029995663981,1.0,0.0,345.0,0.0,0.0,1100000.0
MANDLA(DISTRICT COLLECTOR MANDLA_IDA),2026Q1,43,5.698970004336019,0.7209302325581395,0.0,345.0,0.0,0.0,17296656.0
MANDSAUR(DISTRICT COLLECTOR MANDSAUR_IDA),2022Q1,1,4.996822396738934,0.0,0.0,345.0,1.0,0.0,99271.0
MANDSAUR(DISTRICT COLLECTOR MANDSAUR_IDA),2022Q4,1,5.0,1.0,0.0,345.0,1.0,0.0,100000.0
MANDSAUR(DISTRICT COLLECTOR MANDSAUR_IDA),2023Q1,1,4.8750612633917,0.0,0.0,345.0,1.0,0.0,75000.0
MANDSAUR(DISTRICT COLLECTOR MANDSAUR_IDA),2023Q2,3,4.953324696389186,0.6666666666666666,0.0,345.0,0.3333333333333333,0.0,639810.0
MANDSAUR(DISTRICT COLLECTOR MANDSAUR_IDA),2023Q3,140,4.3979400086720375,0.17857142857142858,0.9642857142857143,881.0,0.9214285714285714,0.0,10897500.0
MANDSAUR(DISTRICT COLLECTOR MANDSAUR_IDA),2023Q4,14,5.0,0.8571428571428571,0.7142857142857143,839.0,0.35714285714285715,0.0,1947500.0
MANDSAUR(DISTRICT COLLECTOR MANDSAUR_IDA),2024Q1,303,5.213315836175446,0.49174917491749176,0.7227722772277227,49.0,0.7524752475247525,0.0,53037235.0
MANDSAUR(DISTRICT COLLECTOR MANDSAUR_IDA),2024Q3,29,5.0,0.9655172413793104,0.896551724137931,518.0,0.8620689655172413,0.0,3849246.0
MANDSAUR(DISTRICT COLLECTOR MANDSAUR_IDA),2024Q4,17,5.8750612633917,1.0,0.11764705882352941,460.5,0.17647058823529413,0.0,16050000.0
MANDSAUR(DISTRICT COLLECTOR MANDSAUR_IDA),2025Q1,5,5.845098040014257,1.0,0.0,345.0,0.8,0.0,3950000.0
MANDSAUR(DISTRICT COLLECTOR MANDSAUR_IDA),2025Q2,24,5.628388930050312,0.9583333333333334,0.125,302.0,0.6666666666666666,0.0,14725000.0
MANDSAUR(DISTRICT COLLECTOR MANDSAUR_IDA),2025Q3,25,5.477121254719663,0.96,0.04,206.0,0.68,0.0,13490000.0
MANDSAUR(DISTRICT COLLECTOR MANDSAUR_IDA),2025Q4,12,5.301029995663981,0.9166666666666666,0.0,345.0,0.75,0.0,3475000.0
MANDSAUR(DISTRICT COLLECTOR MANDSAUR_IDA),2026Q1,18,5.574031267727719,0.9444444444444444,0.0,345.0,0.5555555555555556,0.0,7793000.0
MANDYA(DEPUTY COMMISSIONER MANDYA_IDA),2023Q3,1,5.698970004336019,1.0,0.0,345.0,0.0,0.0,500000.0
MANDYA(DEPUTY COMMISSIONER MANDYA_IDA),2024Q1,144,5.698970004336019,0.9861111111111112,0.08333333333333333,234.5,0.034722222222222224,0.0,76694705.0
MANDYA(DEPUTY COMMISSIONER MANDYA_IDA),2024Q3,5,5.698970004336019,0.8,0.2,168.0,0.0,0.0,2497365.0
MANDYA(DEPUTY COMMISSIONER MANDYA_IDA),2024Q4,1,5.698970004336019,1.0,0.0,345.0,0.0,0.0,500000.0
MANDYA(DEPUTY COMMISSIONER MANDYA_IDA),2025Q2,56,5.698970004336019,0.9821428571428571,0.0,345.0,0.07142857142857142,0.0,38790000.0
MANDYA(DEPUTY COMMISSIONER MANDYA_IDA),2025Q3,27,5.698970004336019,1.0,0.0,345.0,0.0,0.0,19700000.0
MANDYA(DEPUTY COMMISSIONER MANDYA_IDA),2025Q4,1,5.698970004336019,1.0,0.0,345.0,0.0,0.0,500000.0
MANDYA(DEPUTY COMMISSIONER MANDYA_IDA),2026Q1,3,5.698970004336019,1.0,0.0,345.0,0.0,0.0,1800000.0
MANSA(DEPUTY COMMISSIONER MANSA_IDA),2023Q3,52,5.190331698170292,0.34615384615384615,0.9230769230769231,689.0,0.21153846153846154,0.0,12625884.0
MANSA(DEPUTY COMMISSIONER MANSA_IDA),2023Q4,37,5.30008437643174,0.40540540540540543,0.918918918918919,136.0,0.08108108108108109,0.0,12037068.0
MANSA(DEPUTY COMMISSIONER MANSA_IDA),2024Q1,33,5.305351369446623,0.30303030303030304,0.9696969696969697,593.0,0.15151515151515152,0.0,8895363.72
MANSA(DEPUTY COMMISSIONER MANSA_IDA),2024Q3,19,5.301029995663981,0.47368421052631576,0.8421052631578947,402.5,0.2631578947368421,0.0,4827585.0
MANSA(DEPUTY COMMISSIONER MANSA_IDA),2025Q1,2,5.544046949534562,0.5,0.0,345.0,0.0,0.0,699966.0
MANSA(DEPUTY COMMISSIONER MANSA_IDA),2025Q2,72,5.401400540781544,0.4027777777777778,0.5555555555555556,272.0,0.013888888888888888,0.0,28264582.0
MANSA(DEPUTY COMMISSIONER MANSA_IDA),2025Q3,31,5.0,0.8709677419354839,0.4838709677419355,118.0,0.25806451612903225,0.0,5694974.0
MANSA(DEPUTY COMMISSIONER MANSA_IDA),2025Q4,7,4.698970004336019,0.8571428571428571,0.2857142857142857,185.0,0.0,0.0,1799652.0
MANSA(DEPUTY COMMISSIONER MANSA_IDA),2026Q1,3,4.653212513775344,0.0,0.0,345.0,0.0,0.0,161000.0
MARIGAON(District Development Commissioner Morigaon),2023Q4,54,5.477121254719663,0.9629629629629629,0.07407407407407407,829.0,0.0,0.0,16949747.0
MARIGAON(District Development Commissioner Morigaon),2024Q1,8,5.477121254719663,1.0,0.0,345.0,0.0,0.0,2500000.0
MARIGAON(District Development Commissioner Morigaon),2024Q4,36,5.698970004336019,0.8888888888888888,0.0,345.0,0.0,0.0,17382000.0
MARIGAON(District Development Commissioner Morigaon),2025Q1,17,5.6020599913279625,0.7647058823529411,0.11764705882352941,365.0,0.0,0.0,6808000.0
MARIGAON(District Development Commissioner Morigaon),2025Q2,6,5.6020599913279625,1.0,0.0,345.0,0.0,0.0,2400000.0
MARIGAON(District Development Commissioner Morigaon),2025Q3,33,5.6020599913279625,1.0,0.0,345.0,0.0,0.0,14800000.0
MARIGAON(District Development Commissioner Morigaon),2025Q4,7,5.698970004336019,0.7142857142857143,0.0,345.0,0.0,0.0,3110000.0
MARIGAON(District Development Commissioner Morigaon),2026Q1,4,5.653212513775344,1.0,0.0,345.0,0.0,0.0,1900000.0
MATHURA(DISTRICT MAGISTRAE MATHURA_IDA),2023Q4,76,5.889898097494158,0.07894736842105263,0.8947368421052632,229.0,0.0,0.0,60570793.0
MATHURA(DISTRICT MAGISTRAE MATHURA_IDA),2024Q1,36,6.041095289042507,0.05555555555555555,0.9444444444444444,212.5,0.0,0.0,40000462.0
MATHURA(DISTRICT MAGISTRAE MATHURA_IDA),2024Q4,46,6.118163831036873,0.0,0.9565217391304348,256.5,0.0,0.0,60591417.0
MATHURA(DISTRICT MAGISTRAE MATHURA_IDA),2025Q1,7,6.063114842977723,0.14285714285714285,0.8571428571428571,188.0,0.0,0.0,7230453.0
MATHURA(DISTRICT MAGISTRAE MATHURA_IDA),2025Q2,10,6.056804647278507,0.3,0.4,286.0,0.0,0.0,11732828.0
MATHURA(DISTRICT MAGISTRAE MATHURA_IDA),2025Q3,49,5.944482672150168,0.1836734693877551,0.30612244897959184,179.0,0.0,0.0,39894862.0
MATHURA(DISTRICT MAGISTRAE MATHURA_IDA),2025Q4,21,6.041392685158225,0.38095238095238093,0.0,345.0,0.0,0.0,24029800.0
MATHURA(DISTRICT MAGISTRAE MATHURA_IDA),2026Q1,14,5.9661417327390325,0.07142857142857142,0.0,345.0,0.0,0.0,13842000.0
MAU(DISTRICT MAGISTRATE MAU_IDA),2023Q3,97,5.267671466309854,0.1134020618556701,0.7216494845360825,730.0,0.0,0.0,55198359.0
MAU(DISTRICT MAGISTRATE MAU_IDA),2023Q4,9,5.998113240909499,0.2222222222222222,0.6666666666666666,762.0,0.0,0.0,9075470.0
MAU(DISTRICT MAGISTRATE MAU_IDA),2024Q1,41,5.3877527733013295,0.04878048780487805,0.9512195121951219,693.0,0.0,0.0,24834347.0
MAU(DISTRICT MAGISTRATE MAU_IDA),2024Q4,69,5.315907399666257,0.014492753623188406,0.9710144927536232,488.0,0.0,0.0,20238353.0
MAU(DISTRICT MAGISTRATE MAU_IDA),2025Q1,25,5.315907399666257,0.0,0.6,413.0,0.0,0.0,14343144.0
MAU(DISTRICT MAGISTRATE MAU_IDA),2025Q2,1,5.295778148776353,0.0,0.0,345.0,0.0,0.0,197596.0
MAU(DISTRICT MAGISTRATE MAU_IDA),2025Q3,2,5.544068044350276,1.0,0.5,139.0,0.0,0.0,700000.0
MAU(DISTRICT MAGISTRATE MAU_IDA),2025Q4,108,5.326487427834466,0.009259259259259259,0.009259259259259259,33.0,0.0,0.0,29842242.0
MAU(DISTRICT MAGISTRATE MAU_IDA),2026Q1,18,6.015692894122925,0.0,0.0,345.0,0.0,0.0,17667304.0
MAUGANJ(District Collector Mauganj_IDA),2024Q4,7,6.051278739034199,0.0,0.0,345.0,0.8571428571428571,0.0,9366469.0
MAUGANJ(District Collector Mauganj_IDA),2025Q1,6,5.6020599913279625,0.6666666666666666,0.0,345.0,0.6666666666666666,0.0,2102761.0
MAUGANJ(District Collector Mauganj_IDA),2025Q2,1,6.0,1.0,0.0,345.0,0.0,0.0,1000000.0
MAUGANJ(District Collector Mauganj_IDA),2025Q3,3,5.477121254719663,0.3333333333333333,0.0,345.0,0.3333333333333333,0.0,2171780.0
MAUGANJ(District Collector Mauganj_IDA),2025Q4,5,5.698970004336019,0.6,0.0,345.0,0.4,0.0,4542563.0
MAUGANJ(District Collector Mauganj_IDA),2026Q1,4,5.217483944213907,0.0,0.0,345.0,0.5,0.0,1495000.0
MAYURBHANJ(DISTRICT COLLECTOR MAYURBHANJ_IDA),2023Q4,81,5.6020599913279625,0.9629629629629629,0.09876543209876543,818.0,0.0,0.0,30740018.0
MAYURBHANJ(DISTRICT COLLECTOR MAYURBHANJ_IDA),2024Q1,199,5.477121254719663,0.8793969849246231,0.22110552763819097,762.0,0.0,0.0,62904703.0
MAYURBHANJ(DISTRICT COLLECTOR MAYURBHANJ_IDA),2024Q4,1,5.698970004336019,1.0,0.0,345.0,0.0,0.0,500000.0
MAYURBHANJ(DISTRICT COLLECTOR MAYURBHANJ_IDA),2025Q1,37,5.477121254719663,1.0,0.0,345.0,0.0,0.0,13500000.0
MAYURBHANJ(DISTRICT COLLECTOR MAYURBHANJ_IDA),2025Q2,106,5.544068044350276,1.0,0.39622641509433965,279.0,0.0,0.0,50950000.0
MAYURBHANJ(DISTRICT COLLECTOR MAYURBHANJ_IDA),2025Q3,25,5.698970004336019,1.0,0.48,225.5,0.0,0.0,24200000.0
MAYURBHANJ(DISTRICT COLLECTOR MAYURBHANJ_IDA),2025Q4,77,5.698970004336019,0.974025974025974,0.06493506493506493,109.0,0.0,0.0,40250000.0
MAYURBHANJ(DISTRICT COLLECTOR MAYURBHANJ_IDA),2026Q1,44,5.698970004336019,0.9772727272727273,0.045454545454545456,84.0,0.0,0.0,32165957.0
MEDAK(COLLECTOR MEDAK DISTRICT),2023Q2,3,5.698970004336019,1.0,0.0,345.0,0.0,0.0,1500000.0
MEDAK(COLLECTOR MEDAK DISTRICT),2024Q1,23,5.0,1.0,0.0,345.0,0.08695652173913043,0.0,2800000.0
MEDAK(COLLECTOR MEDAK DISTRICT),2024Q4,5,5.698970004336019,0.6,0.0,345.0,0.0,0.0,2095000.0
MEDAK(COLLECTOR MEDAK DISTRICT),2025Q1,5,6.0,0.8,0.0,345.0,0.0,0.0,5259875.0
MEDAK(COLLECTOR MEDAK DISTRICT),2025Q2,2,5.6020599913279625,1.0,0.0,345.0,0.0,0.0,800000.0
MEDAK(COLLECTOR MEDAK DISTRICT),2025Q3,34,5.698970004336019,0.9411764705882353,0.0,345.0,0.0,0.0,16966151.0
MEDAK(COLLECTOR MEDAK DISTRICT),2025Q4,2,5.517352295002061,0.5,0.0,345.0,0.0,0.0,658237.0
MEDAK(COLLECTOR MEDAK DISTRICT),2026Q1,6,6.0,1.0,0.0,345.0,0.3333333333333333,0.0,4700000.0
MEDCHAL MALKAJGIRI(DISTRICT COLLECTOR MEDCHAL MALKAJGIRI_IDA),2024Q1,1,5.698970004336019,1.0,0.0,345.0,0.0,0.0,500000.0
MEDCHAL MALKAJGIRI(DISTRICT COLLECTOR MEDCHAL MALKAJGIRI_IDA),2024Q3,1,6.176091259055681,1.0,0.0,345.0,0.0,0.0,1500000.0
MEDCHAL MALKAJGIRI(DISTRICT COLLECTOR MEDCHAL MALKAJGIRI_IDA),2024Q4,25,6.0,0.6,0.32,401.5,0.0,0.0,27627740.0
MEDCHAL MALKAJGIRI(DISTRICT COLLECTOR MEDCHAL MALKAJGIRI_IDA),2025Q1,37,5.6020599913279625,0.7297297297297297,0.2972972972972973,258.0,0.0,0.0,21418203.0
MEDCHAL MALKAJGIRI(DISTRICT COLLECTOR MEDCHAL MALKAJGIRI_IDA),2025Q2,45,6.0,0.9111111111111111,0.06666666666666667,205.0,0.0,0.0,43784364.0
MEDCHAL MALKAJGIRI(DISTRICT COLLECTOR MEDCHAL MALKAJGIRI_IDA),2025Q3,29,5.845098040014257,0.9310344827586207,0.06896551724137931,198.0,0.0,0.0,22430787.0
MEDCHAL MALKAJGIRI(DISTRICT COLLECTOR MEDCHAL MALKAJGIRI_IDA),2025Q4,43,5.653212513775344,1.0,0.0,345.0,0.0,0.0,29350000.0
MEDCHAL MALKAJGIRI(DISTRICT COLLECTOR MEDCHAL MALKAJGIRI_IDA),2026Q1,26,5.977723605288848,1.0,0.0,345.0,0.0,0.0,20850000.0
MEERUT(DISTRICT MAGISTRATE MEERUT_IDA),2023Q3,6,6.3653734995111035,0.16666666666666666,0.0,345.0,0.0,0.0,19132738.0
MEERUT(DISTRICT MAGISTRATE MEERUT_IDA),2023Q4,51,5.903089986991944,0.47058823529411764,0.13725490196078433,134.0,0.0,0.0,37248683.0
MEERUT(DISTRICT MAGISTRATE MEERUT_IDA),2024Q1,93,5.819543935541868,0.20430107526881722,0.1827956989247312,103.0,0.0,0.0,64080596.0
MEERUT(DISTRICT MAGISTRATE MEERUT_IDA),2024Q3,9,5.934971372645984,0.0,0.6666666666666666,287.0,0.0,0.0,8383188.0
MEERUT(DISTRICT MAGISTRATE MEERUT_IDA),2024Q4,53,5.755445682645445,0.018867924528301886,0.2641509433962264,379.0,0.0,0.0,29754901.0
MEERUT(DISTRICT MAGISTRATE MEERUT_IDA),2025Q1,40,5.976814292812279,0.325,0.2,359.0,0.0,0.0,34091759.0
MEERUT(DISTRICT MAGISTRATE MEERUT_IDA),2025Q2,8,5.954604270794606,0.5,0.0,345.0,0.0,0.0,7272700.0
MEERUT(DISTRICT MAGISTRATE MEERUT_IDA),2025Q3,20,5.8750612633917,0.5,0.0,345.0,0.0,0.0,17370184.0
MEERUT(DISTRICT MAGISTRATE MEERUT_IDA),2025Q4,50,5.998182152726477,0.1,0.0,345.0,0.0,0.0,58845938.0
MEERUT(DISTRICT MAGISTRATE MEERUT_IDA),2026Q1,13,6.0,0.6923076923076923,0.0,345.0,0.0,0.0,14989743.0
MIRZAPUR(DISTRICT MAGISTRATE MIRZAPUR_IDA),2023Q4,8,5.924932820898186,0.0,0.625,783.0,0.0,0.0,25483604.0
MIRZAPUR(DISTRICT MAGISTRATE MIRZAPUR_IDA),2024Q1,46,5.933993163831242,0.4782608695652174,0.34782608695652173,726.0,0.0,0.0,141487409.54
MIRZAPUR(DISTRICT MAGISTRATE MIRZAPUR_IDA),2024Q3,44,5.079090758604459,0.36363636363636365,0.5454545454545454,484.0,0.0,0.0,55378510.0
MIRZAPUR(DISTRICT MAGISTRATE MIRZAPUR_IDA),2025Q1,2,6.576514112051963,0.0,0.0,345.0,0.0,0.0,7543000.0
MIRZAPUR(DISTRICT MAGISTRATE MIRZAPUR_IDA),2025Q3,20,6.57978359661681,0.25,0.0,345.0,0.0,0.0,102957000.0
MIRZAPUR(DISTRICT MAGISTRATE MIRZAPUR_IDA),2025Q4,1,4.6020599913279625,0.0,0.0,345.0,0.0,0.0,40000.0
MIRZAPUR(DISTRICT MAGISTRATE MIRZAPUR_IDA),2026Q1,9,6.477121254719663,1.0,0.0,345.0,0.0,0.0,24500000.0
MOGA(Deputy Commissioner Moga),2023Q3,110,5.498310553789601,0.39090909090909093,1.0,130.0,0.7090909090909091,0.01818181818181818,36945964.0
MOGA(Deputy Commissioner Moga),2023Q4,26,5.176091259055681,0.8846153846153846,1.0,97.0,0.5769230769230769,0.0,5237600.0
MOGA(Deputy Commissioner Moga),2024Q1,12,5.3979400086720375,0.9166666666666666,1.0,17.5,0.6666666666666666,0.0,4468193.0
MOGA(Deputy Commissioner Moga),2024Q3,54,5.477121254719663,0.9814814814814815,0.7777777777777778,313.0,0.5740740740740741,0.0,19035000.0
MOGA(Deputy Commissioner Moga),2024Q4,14,5.301029995663981,0.8571428571428571,0.7857142857142857,290.0,0.21428571428571427,0.0,4750100.0
MOGA(Deputy Commissioner Moga),2025Q1,4,5.301029995663981,1.0,0.75,269.0,0.5,0.0,1800000.0
MOGA(Deputy Commissioner Moga),2025Q2,4,5.563243701140398,0.25,0.0,345.0,0.75,0.0,1597400.0
MOGA(Deputy Commissioner Moga),2025Q3,15,5.698970004336019,1.0,0.0,345.0,0.6666666666666666,0.0,11000000.0
MOGA(Deputy Commissioner Moga),2025Q4,49,5.176091259055681,0.9183673469387755,0.02040816326530612,153.0,0.7959183673469388,0.0,10641000.0
MOGA(Deputy Commissioner Moga),2026Q1,11,5.296665190261531,0.9090909090909091,0.0,345.0,0.8181818181818182,0.0,2198000.0
MOHLA MANPUR AMBAGARH CHOUKI(Collector MMC_IDA),2023Q3,6,5.627990729433553,0.3333333333333333,1.0,112.5,0.3333333333333333,0.0,2669221.0
MOHLA MANPUR AMBAGARH CHOUKI(Collector MMC_IDA),2024Q1,4,5.397898314400418,0.5,1.0,64.5,0.0,0.0,999683.0
MOHLA MANPUR AMBAGARH CHOUKI(Collector MMC_IDA),2024Q3,1,6.397848797253304,0.0,1.0,109.0,0.0,0.0,2499475.0
MOHLA MANPUR AMBAGARH CHOUKI(Collector MMC_IDA),2025Q2,3,5.477121254719663,1.0,0.6666666666666666,230.0,0.0,0.0,900000.0
MOHLA MANPUR AMBAGARH CHOUKI(Collector MMC_IDA),2025Q3,1,6.3979400086720375,1.0,0.0,345.0,0.0,0.0,2500000.0
MOHLA MANPUR AMBAGARH CHOUKI(Collector MMC_IDA),2025Q4,4,5.845098040014257,1.0,0.0,345.0,1.0,0.0,2800000.0
MOHLA MANPUR AMBAGARH CHOUKI(Collector MMC_IDA),2026Q1,1,5.301029995663981,1.0,0.0,345.0,0.0,0.0,200000.0
MOKOKCHUNG(Deputy Commissioner Mokokchung_IDA),2024Q3,11,5.544068044350276,0.9090909090909091,1.0,83.0,0.36363636363636365,0.0,22462380.0
MOKOKCHUNG(Deputy Commissioner Mokokchung_IDA),2025Q2,9,5.698970004336019,1.0,1.0,92.0,0.0,0.0,35600000.0
MOKOKCHUNG(Deputy Commissioner Mokokchung_IDA),2025Q3,2,6.217483944213907,1.0,1.0,161.0,0.0,0.0,3300000.0
MON(Deputy Commissioner Mon_IDA),2023Q4,7,6.176091259055681,1.0,1.0,143.0,0.0,0.0,23500000.0
MON(Deputy Commissioner Mon_IDA),2024Q3,7,6.079181246047625,0.8571428571428571,1.0,541.0,0.0,0.0,37587620.0
MON(Deputy Commissioner Mon_IDA),2025Q2,1,7.3222192947339195,1.0,1.0,244.0,0.0,0.0,21000000.0
MON(Deputy Commissioner Mon_IDA),2025Q3,9,6.0,0.8888888888888888,1.0,199.0,0.2222222222222222,0.0,22604000.0
MON(Deputy Commissioner Mon_IDA),2025Q4,11,6.0,0.8181818181818182,1.0,112.0,0.0,0.0,12959000.0
MON(Deputy Commissioner Mon_IDA),2026Q1,1,6.0,1.0,1.0,32.0,0.0,0.0,1000000.0
MORADABAD(DISTRICT MAGISTRATE MORADABAD_IDA),2023Q3,167,5.238598034264364,0.0,0.9640718562874252,281.0,0.0,0.0,40032040.84
MORADABAD(DISTRICT MAGISTRATE MORADABAD_IDA),2023Q4,54,5.170941968307549,0.0,0.8888888888888888,730.0,0.0,0.0,9794076.0
MORADABAD(DISTRICT MAGISTRATE MORADABAD_IDA),2024Q1,27,5.239317000741003,0.1111111111111111,0.8148148148148148,747.0,0.0,0.0,11377267.0
MORADABAD(DISTRICT MAGISTRATE MORADABAD_IDA),2024Q3,1,6.0,1.0,0.0,345.0,0.0,0.0,1000000.0
MORADABAD(DISTRICT MAGISTRATE MORADABAD_IDA),2024Q4,2,6.399943990007966,0.0,1.0,379.0,0.0,0.0,5023125.0
MORADABAD(DISTRICT MAGISTRATE MORADABAD_IDA),2025Q1,104,5.239549720840473,0.0,0.9903846153846154,359.0,0.08653846153846154,0.0,22445575.0
MORADABAD(DISTRICT MAGISTRATE MORADABAD_IDA),2025Q3,165,5.239296975981454,0.024242424242424242,0.3090909090909091,286.0,0.012121212121212121,0.0,42589651.0
MORADABAD(DISTRICT MAGISTRATE MORADABAD_IDA),2025Q4,8,5.230448921378274,0.0,0.0,345.0,0.0,0.0,1360000.0
MORADABAD(DISTRICT MAGISTRATE MORADABAD_IDA),2026Q1,102,5.239549720840473,0.029411764705882353,0.0,345.0,0.0,0.0,27769000.0
MORBI(District collector Morbi_IDA),2023Q3,5,5.477041626765194,0.0,1.0,680.0,0.0,0.0,1665277.0
MORBI(District collector Morbi_IDA),2023Q4,76,5.477121254719663,0.7894736842105263,0.9736842105263158,431.0,0.6973684210526315,0.10526315789473684,26534761.0
MORBI(District collector Morbi_IDA),2024Q1,58,5.477121254719663,0.7241379310344828,0.9827586206896551,511.0,0.1206896551724138,0.0,20825772.61
MORBI(District collector Morbi_IDA),2024Q3,6,5.698970004336019,0.3333333333333333,1.0,321.0,0.0,0.0,3178806.0
MORBI(District collector Morbi_IDA),2024Q4,10,5.698970004336019,0.8,0.8,381.5,0.0,0.0,6513066.0
MORBI(District collector Morbi_IDA),2025Q1,39,5.4768939144482385,0.6153846153846154,0.6153846153846154,286.0,0.0,0.0,13606397.0
MORBI(District collector Morbi_IDA),2025Q2,17,5.845098040014257,0.7058823529411765,0.11764705882352941,169.0,0.11764705882352941,0.0,17447400.0
MORBI(District collector Morbi_IDA),2025Q3,55,5.698970004336019,0.8909090909090909,0.34545454545454546,177.0,0.0,0.0,50979712.0
MORBI(District collector Morbi_IDA),2025Q4,58,5.703291378118661,0.5,0.034482758620689655,136.0,0.46551724137931033,0.0,30269832.0
MORBI(District collector Morbi_IDA),2026Q1,25,5.698970004336019,0.96,0.0,345.0,0.0,0.0,14330000.0
MORENA(DISTRICT COLLECTOR MORENA_IDA),2019Q4,12,5.0,1.0,0.0,345.0,0.0,0.0,1200000.0
MORENA(DISTRICT COLLECTOR MORENA_IDA),2021Q3,1,4.980803010140982,0.0,0.0,345.0,0.0,0.0,95676.0
MORENA(DISTRICT COLLECTOR MORENA_IDA),2023Q2,1,5.698970004336019,1.0,0.0,345.0,0.0,0.0,500000.0
MORENA(DISTRICT COLLECTOR MORENA_IDA),2023Q3,67,5.209013409745146,0.3283582089552239,0.0,345.0,0.6567164179104478,0.0,20640002.0
MORENA(DISTRICT COLLECTOR MORENA_IDA),2023Q4,79,5.845098040014257,0.9746835443037974,0.012658227848101266,502.0,0.20253164556962025,0.0,60750000.0
MORENA(DISTRICT COLLECTOR MORENA_IDA),2024Q3,2,5.795880017344075,1.0,0.0,345.0,0.0,0.0,1250000.0
MORENA(DISTRICT COLLECTOR MORENA_IDA),2024Q4,9,6.0,1.0,0.0,345.0,0.0,0.0,11000000.0
MORENA(DISTRICT COLLECTOR MORENA_IDA),2025Q1,4,5.8750612633917,1.0,0.0,345.0,0.0,0.0,2900000.0
MORENA(DISTRICT COLLECTOR MORENA_IDA),2025Q2,7,6.149527013754348,0.5714285714285714,0.0,345.0,0.0,0.0,8196000.0
MORENA(DISTRICT COLLECTOR MORENA_IDA),2025Q3,8,6.176091259055681,1.0,0.0,345.0,0.0,0.0,10000000.0
MORENA(DISTRICT COLLECTOR MORENA_IDA),2025Q4,1,6.176091259055681,1.0,0.0,345.0,0.0,0.0,1500000.0
MORENA(DISTRICT COLLECTOR MORENA_IDA),2026Q1,3,5.698970004336019,1.0,0.0,345.0,0.0,0.0,1600000.0
MUMBAI SUBURBAN(DISTRICT COLLECTOR MUMBAI SUBURBAN_IDA),2022Q2,15,6.397610514777078,0.0,0.0,345.0,0.0,0.0,39761629.0
MUMBAI SUBURBAN(DISTRICT COLLECTOR MUMBAI SUBURBAN_IDA),2022Q4,4,6.352182518111363,0.75,0.0,345.0,0.0,0.0,8988489.0
MUMBAI SUBURBAN(DISTRICT COLLECTOR MUMBAI SUBURBAN_IDA),2023Q1,5,6.3979400086720375,1.0,0.0,345.0,0.0,0.0,10100000.0
MUMBAI SUBURBAN(DISTRICT COLLECTOR MUMBAI SUBURBAN_IDA),2023Q2,33,6.1728564874902965,0.15151515151515152,0.0,345.0,0.0,0.0,50274307.0
MUMBAI SUBURBAN(DISTRICT COLLECTOR MUMBAI SUBURBAN_IDA),2023Q3,10,6.531478917042255,1.0,0.0,345.0,0.0,0.0,46500000.0
MUMBAI SUBURBAN(DISTRICT COLLECTOR MUMBAI SUBURBAN_IDA),2023Q4,36,6.477121254719663,0.8888888888888888,0.0,345.0,0.0,0.0,103398533.0
MUMBAI SUBURBAN(DISTRICT COLLECTOR MUMBAI SUBURBAN_IDA),2024Q1,49,6.176091259055681,0.6938775510204082,0.0,345.0,0.2653061224489796,0.0,90630442.0
MUMBAI SUBURBAN(DISTRICT COLLECTOR MUMBAI SUBURBAN_IDA),2024Q3,15,6.301029995663981,1.0,0.0,345.0,0.0,0.0,41500000.0
MUMBAI SUBURBAN(DISTRICT COLLECTOR MUMBAI SUBURBAN_IDA),2024Q4,18,6.301029995663981,1.0,0.0,345.0,0.0,0.0,34500000.0
MUMBAI SUBURBAN(DISTRICT COLLECTOR MUMBAI SUBURBAN_IDA),2025Q1,68,6.301029995663981,1.0,0.0,345.0,0.29411764705882354,0.0,147300000.0
MUMBAI SUBURBAN(DISTRICT COLLECTOR MUMBAI SUBURBAN_IDA),2025Q2,17,6.3979400086720375,1.0,0.0,345.0,0.0,0.0,42500000.0
MUMBAI SUBURBAN(DISTRICT COLLECTOR MUMBAI SUBURBAN_IDA),2025Q3,71,6.301029995663981,1.0,0.0,345.0,0.23943661971830985,0.0,168850000.0
MUMBAI SUBURBAN(DISTRICT COLLECTOR MUMBAI SUBURBAN_IDA),2025Q4,22,6.3979400086720375,1.0,0.0,345.0,0.0,0.0,49800000.0
MUMBAI SUBURBAN(DISTRICT COLLECTOR MUMBAI SUBURBAN_IDA),2026Q1,19,6.278753600952829,1.0,0.0,345.0,0.0,0.0,37750000.0
MUMBAI(DISTRICT COLLECTOR MUMBAI CITY_IDA),2023Q4,16,6.299413914258024,0.5,0.5,772.0,0.0,0.0,31534797.0
MUMBAI(DISTRICT COLLECTOR MUMBAI CITY_IDA),2024Q1,45,6.300274317643579,0.26666666666666666,0.7333333333333333,714.0,0.37777777777777777,0.0,89059458.0
MUMBAI(DISTRICT COLLECTOR MUMBAI CITY_IDA),2024Q3,1,6.176091259055681,1.0,0.0,345.0,0.0,0.0,1500000.0
MUMBAI(DISTRICT COLLECTOR MUMBAI CITY_IDA),2024Q4,25,6.176091259055681,0.48,0.52,462.0,0.0,0.0,39874739.0
MUMBAI(DISTRICT COLLECTOR MUMBAI CITY_IDA),2025Q1,4,6.3979400086720375,1.0,0.0,345.0,0.0,0.0,10700000.0
MUMBAI(DISTRICT COLLECTOR MUMBAI CITY_IDA),2025Q2,23,6.3979400086720375,0.9565217391304348,0.0,345.0,0.0,0.0,57080000.0
MUMBAI(DISTRICT COLLECTOR MUMBAI CITY_IDA),2025Q3,27,6.301029995663981,1.0,0.0,345.0,0.2222222222222222,0.0,52500000.0
MUMBAI(DISTRICT COLLECTOR MUMBAI CITY_IDA),2025Q4,11,6.301029995663981,1.0,0.0,345.0,0.0,0.0,23100000.0
MUMBAI(DISTRICT COLLECTOR MUMBAI CITY_IDA),2026Q1,4,6.176091259055681,1.0,0.0,345.0,0.0,0.0,5600000.0
MUNGELI(Collector Mungeli_IDA),2023Q3,52,5.698763665447748,0.2692307692307692,0.9230769230769231,294.5,0.4423076923076923,0.0,25550715.0
MUNGELI(Collector Mungeli_IDA),2024Q4,11,5.698587656934402,0.36363636363636365,0.8181818181818182,364.0,0.0,0.0,7783857.0
MUNGELI(Collector Mungeli_IDA),2025Q1,15,5.698970004336019,0.8,0.2,316.0,0.0,0.0,7410940.0
MUNGELI(Collector Mungeli_IDA),2025Q2,10,5.997621163263398,0.5,0.5,178.0,0.0,0.0,7987610.0
MUNGELI(Collector Mungeli_IDA),2025Q3,2,5.8750612633917,1.0,0.0,345.0,0.0,0.0,1500000.0
MUNGELI(Collector Mungeli_IDA),2025Q4,3,5.698970004336019,0.6666666666666666,0.0,345.0,0.0,0.0,1990000.0
MUNGELI(Collector Mungeli_IDA),2026Q1,9,5.698970004336019,1.0,0.0,345.0,0.0,0.0,7300000.0
MUNGER(DISTRICT PLANNING OFFICER MUNGER_IDA),2023Q3,18,5.602141956676185,0.1111111111111111,0.9444444444444444,706.0,0.0,0.0,7868023.0
MUNGER(DISTRICT PLANNING OFFICER MUNGER_IDA),2023Q4,93,5.597694089220891,0.053763440860215055,0.946236559139785,636.0,0.0,0.0,37031351.0
MUNGER(DISTRICT PLANNING OFFICER MUNGER_IDA),2024Q1,33,5.596799352787108,0.09090909090909091,0.9090909090909091,542.0,0.0,0.0,12267674.0
MUNGER(DISTRICT PLANNING OFFICER MUNGER_IDA),2024Q4,6,5.973127853599698,0.0,1.0,415.0,0.8333333333333334,0.0,4782887.0
MUNGER(DISTRICT PLANNING OFFICER MUNGER_IDA),2025Q2,26,5.0,1.0,0.19230769230769232,252.0,0.9615384615384616,0.0,11000000.0
MUNGER(DISTRICT PLANNING OFFICER MUNGER_IDA),2025Q4,5,5.973127853599698,0.0,0.8,108.0,1.0,0.0,4700000.0
MURSHIDABAD(DISTRICT MAGISTRATE MURSHIDABAD_IDA),2023Q3,1,5.544068044350276,1.0,0.0,345.0,0.0,0.0,350000.0
MURSHIDABAD(DISTRICT MAGISTRATE MURSHIDABAD_IDA),2023Q4,287,5.724275869600789,0.08362369337979095,0.15331010452961671,576.0,0.6480836236933798,0.0,233015632.0
MURSHIDABAD(DISTRICT MAGISTRATE MURSHIDABAD_IDA),2024Q1,420,5.523662590466708,0.06904761904761905,0.35714285714285715,547.0,0.5404761904761904,0.0,319062150.0
MURSHIDABAD(DISTRICT MAGISTRATE MURSHIDABAD_IDA),2024Q4,145,5.147793768788903,0.013793103448275862,0.9655172413793104,326.0,0.0,0.0,28991157.0
MURSHIDABAD(DISTRICT MAGISTRATE MURSHIDABAD_IDA),2025Q1,86,5.305763968146238,0.03488372093023256,0.0,345.0,0.0,0.0,24630686.0
MURSHIDABAD(DISTRICT MAGISTRATE MURSHIDABAD_IDA),2025Q2,48,5.628388930050312,0.14583333333333334,0.0,345.0,0.5416666666666666,0.0,36938000.0
MURSHIDABAD(DISTRICT MAGISTRATE MURSHIDABAD_IDA),2025Q3,199,5.196667977888325,0.1457286432160804,0.12562814070351758,199.0,0.2864321608040201,0.0,86177863.0
MURSHIDABAD(DISTRICT MAGISTRATE MURSHIDABAD_IDA),2025Q4,76,5.696793085081744,0.25,0.0,345.0,0.4868421052631579,0.0,49536123.0
MURSHIDABAD(DISTRICT MAGISTRATE MURSHIDABAD_IDA),2026Q1,47,5.903089986991944,0.5319148936170213,0.0,345.0,0.0425531914893617,0.0,68789612.0
MUZAFFARNAGAR(DISTRICT MAGISTRATE MUZAFFARNAGAR_IDA),2023Q3,5,6.0,1.0,0.0,345.0,0.0,0.0,5000000.0
MUZAFFARNAGAR(DISTRICT MAGISTRATE MUZAFFARNAGAR_IDA),2023Q4,35,5.863322860120456,0.05714285714285714,0.0,345.0,0.0,0.0,27875400.0
MUZAFFARNAGAR(DISTRICT MAGISTRATE MUZAFFARNAGAR_IDA),2024Q1,73,5.8512583487190755,0.1232876712328767,0.0,345.0,0.0,0.0,55046000.0
MUZAFFARNAGAR(DISTRICT MAGISTRATE MUZAFFARNAGAR_IDA),2024Q3,62,5.7763379096201755,0.11290322580645161,0.0,345.0,0.0,0.0,42954318.0
MUZAFFARNAGAR(DISTRICT MAGISTRATE MUZAFFARNAGAR_IDA),2024Q4,30,5.888740960682893,0.2,0.0,345.0,0.0,0.0,23608281.0
MUZAFFARNAGAR(DISTRICT MAGISTRATE MUZAFFARNAGAR_IDA),2025Q1,35,5.748188027006201,0.2571428571428571,0.0,345.0,0.0,0.0,41486190.0
MUZAFFARNAGAR(DISTRICT MAGISTRATE MUZAFFARNAGAR_IDA),2025Q2,26,5.879669205632053,0.15384615384615385,0.0,345.0,0.0,0.0,18496338.0
MUZAFFARNAGAR(DISTRICT MAGISTRATE MUZAFFARNAGAR_IDA),2025Q3,54,5.778151250383644,0.6851851851851852,0.0,345.0,0.0,0.0,37973631.0
MUZAFFARNAGAR(DISTRICT MAGISTRATE MUZAFFARNAGAR_IDA),2025Q4,32,5.477121254719663,0.625,0.0,345.0,0.0,0.0,15669990.0
MUZAFFARNAGAR(DISTRICT MAGISTRATE MUZAFFARNAGAR_IDA),2026Q1,13,5.2552725051033065,0.46153846153846156,0.0,345.0,0.0,0.0,4501201.0
MUZAFFARPUR(DISTRICT PLANNING OFFICER MUZAFFARPUR_IDA),2023Q2,60,6.144303272793735,0.08333333333333333,1.0,105.0,0.0,0.0,93439107.0
MUZAFFARPUR(DISTRICT PLANNING OFFICER MUZAFFARPUR_IDA),2023Q4,26,5.773659574443879,0.0,1.0,104.0,0.0,0.0,15789523.0
MUZAFFARPUR(DISTRICT PLANNING OFFICER MUZAFFARPUR_IDA),2024Q1,51,5.774641032143307,0.0,0.9803921568627451,94.0,0.0,0.0,37012601.0
MUZAFFARPUR(DISTRICT PLANNING OFFICER MUZAFFARPUR_IDA),2024Q3,2,6.698970004336019,1.0,1.0,30.0,0.0,0.0,10000000.0
MUZAFFARPUR(DISTRICT PLANNING OFFICER MUZAFFARPUR_IDA),2024Q4,8,6.698970004336019,0.625,1.0,30.5,0.0,0.0,36408824.0
MUZAFFARPUR(DISTRICT PLANNING OFFICER MUZAFFARPUR_IDA),2025Q1,29,5.887054378050957,0.13793103448275862,1.0,316.0,0.10344827586206896,0.0,34496372.0
MUZAFFARPUR(DISTRICT PLANNING OFFICER MUZAFFARPUR_IDA),2025Q2,51,6.1695368954909755,0.3333333333333333,0.8627450980392157,186.5,0.29411764705882354,0.0,78556702.0
MUZAFFARPUR(DISTRICT PLANNING OFFICER MUZAFFARPUR_IDA),2025Q3,25,5.997204589306278,0.32,0.96,173.0,0.24,0.0,30025125.0
MUZAFFARPUR(DISTRICT PLANNING OFFICER MUZAFFARPUR_IDA),2026Q1,3,6.168792020314182,0.3333333333333333,0.0,345.0,0.0,0.0,5950000.0
MYSURU(DEPUTY COMMISSIONER MYSORE_IDA),2023Q4,57,5.698970004336019,1.0,0.0,345.0,0.03508771929824561,0.0,36100000.0
MYSURU(DEPUTY COMMISSIONER MYSORE_IDA),2024Q1,49,5.6020599913279625,1.0,0.0,345.0,0.0,0.0,21800000.0
MYSURU(DEPUTY COMMISSIONER MYSORE_IDA),2024Q3,3,6.0,0.6666666666666666,0.3333333333333333,538.0,0.0,0.0,9875000.0
MYSURU(DEPUTY COMMISSIONER MYSORE_IDA),2025Q1,81,5.698970004336019,1.0,0.16049382716049382,388.0,0.04938271604938271,0.0,59500000.0
MYSURU(DEPUTY COMMISSIONER MYSORE_IDA),2025Q2,12,5.698970004336019,1.0,0.0,345.0,0.0,0.0,8000000.0
MYSURU(DEPUTY COMMISSIONER MYSORE_IDA),2025Q3,18,5.778151250383644,1.0,0.05555555555555555,168.0,0.0,0.0,14950000.0
MYSURU(DEPUTY COMMISSIONER MYSORE_IDA),2025Q4,32,5.698970004336019,0.8125,0.0,345.0,0.0,0.0,25300000.0
MYSURU(DEPUTY COMMISSIONER MYSORE_IDA),2026Q1,35,5.778151250383644,1.0,0.0,345.0,0.0,0.0,33950000.0
Mahisagar(COLLECTOR MAHISAGAR_IDA),2023Q3,18,5.0,0.7222222222222222,0.9444444444444444,219.0,0.0,0.0,3295000.0
Mahisagar(COLLECTOR MAHISAGAR_IDA),2023Q4,33,5.0,0.8181818181818182,0.6363636363636364,589.0,0.09090909090909091,0.0,4677000.0
Mahisagar(COLLECTOR MAHISAGAR_IDA),2024Q1,183,5.3979400086720375,0.726775956284153,0.5573770491803278,330.5,0.0,0.0,45807939.0
Mahisagar(COLLECTOR MAHISAGAR_IDA),2024Q2,3,5.698970004336019,1.0,0.0,345.0,0.0,0.0,1150000.0
Mahisagar(COLLECTOR MAHISAGAR_IDA),2024Q3,9,5.845098040014257,1.0,0.1111111111111111,586.0,0.0,0.0,7600000.0
Mahisagar(COLLECTOR MAHISAGAR_IDA),2024Q4,27,5.2966059642484975,0.2962962962962963,0.8148148148148148,399.0,0.0,0.0,5660678.0
Mahisagar(COLLECTOR MAHISAGAR_IDA),2025Q1,79,5.298525595321999,0.379746835443038,0.012658227848101266,261.0,0.02531645569620253,0.0,12854800.0
Mahisagar(COLLECTOR MAHISAGAR_IDA),2025Q2,1,5.6020599913279625,1.0,1.0,275.0,0.0,0.0,400000.0
Mahisagar(COLLECTOR MAHISAGAR_IDA),2025Q3,17,5.690196080028514,0.5294117647058824,0.0,345.0,0.0,0.0,8155000.0
Mahisagar(COLLECTOR MAHISAGAR_IDA),2025Q4,33,5.3979400086720375,0.8181818181818182,0.0,345.0,0.0,0.0,6925000.0
Mahisagar(COLLECTOR MAHISAGAR_IDA),2026Q1,72,5.698970004336019,0.7083333333333334,0.0,345.0,0.5416666666666666,0.0,27976750.0
Mahrajganj(DISTRICT MAGISTRAE MAHARAJGANJ_IDA),2023Q4,20,5.698970004336019,0.95,0.0,345.0,0.0,0.0,23592000.0
Mahrajganj(DISTRICT MAGISTRAE MAHARAJGANJ_IDA),2024Q1,35,6.240556236873205,0.14285714285714285,0.7714285714285715,726.0,0.0,0.0,77143184.0
Mahrajganj(DISTRICT MAGISTRAE MAHARAJGANJ_IDA),2024Q4,23,6.362962120269652,0.0,0.8260869565217391,421.0,0.0,0.0,49799454.0
Mahrajganj(DISTRICT MAGISTRAE MAHARAJGANJ_IDA),2025Q1,2,6.183430147073416,0.0,1.0,348.0,0.0,0.0,3051126.0
Mahrajganj(DISTRICT MAGISTRAE MAHARAJGANJ_IDA),2025Q3,2,6.279096329747602,0.5,0.0,345.0,0.0,0.0,3803000.0
Mahrajganj(DISTRICT MAGISTRAE MAHARAJGANJ_IDA),2025Q4,25,6.301029995663981,0.28,0.0,345.0,0.0,0.0,46174000.0
Mahrajganj(DISTRICT MAGISTRAE MAHARAJGANJ_IDA),2026Q1,1,6.396548037987132,0.0,0.0,345.0,0.0,0.0,2492000.0
Maihar(District Collector Maihar_IDA),2024Q1,36,5.398807730203265,0.5,0.027777777777777776,624.0,0.3055555555555556,0.0,11204844.0
Maihar(District Collector Maihar_IDA),2025Q2,58,5.058805486675907,0.1896551724137931,0.20689655172413793,330.0,0.3620689655172414,0.0,10803754.0
Maihar(District Collector Maihar_IDA),2025Q3,1,5.763427993562937,0.0,0.0,345.0,0.0,0.0,580000.0
Maihar(District Collector Maihar_IDA),2025Q4,1,5.146128035678238,0.0,0.0,345.0,0.0,0.0,140000.0
Maihar(District Collector Maihar_IDA),2026Q1,1,6.0,1.0,0.0,345.0,0.0,0.0,1000000.0
Malda(DISTRICT MAGISTRATE MALDA_IDA),2023Q3,10,5.556302500767287,0.0,0.2,425.5,0.0,0.0,4495273.0
Malda(DISTRICT MAGISTRATE MALDA_IDA),2023Q4,97,5.3979400086720375,0.38144329896907214,0.25773195876288657,810.0,0.0,0.0,39886034.0
Malda(DISTRICT MAGISTRATE MALDA_IDA),2024Q1,470,5.395883540327862,0.5595744680851064,0.24680851063829787,761.0,0.0,0.0,146976839.0
Malda(DISTRICT MAGISTRATE MALDA_IDA),2024Q4,21,5.477121254719663,1.0,0.0,345.0,0.0,0.0,18500000.0
Malda(DISTRICT MAGISTRATE MALDA_IDA),2025Q1,26,5.574031267727719,0.7692307692307693,0.23076923076923078,427.0,0.0,0.0,14254193.0
Malda(DISTRICT MAGISTRATE MALDA_IDA),2025Q2,21,5.698970004336019,0.7142857142857143,0.047619047619047616,272.0,0.0,0.0,14077041.0
Malda(DISTRICT MAGISTRATE MALDA_IDA),2025Q3,19,5.397905263723669,0.21052631578947367,0.05263157894736842,240.0,0.0,0.0,8976512.0
Malda(DISTRICT MAGISTRATE MALDA_IDA),2025Q4,8,5.698957843920279,0.5,0.0,345.0,0.0,0.0,4899952.0
Malda(DISTRICT MAGISTRATE MALDA_IDA),2026Q1,50,5.3979400086720375,0.74,0.0,345.0,0.0,0.0,23680000.0
Manendragarh Chirmiri Bharatpur Mcb(Collector MCB_IDA),2023Q4,1,5.301029995663981,1.0,1.0,834.0,0.0,0.0,200000.0
Manendragarh Chirmiri Bharatpur Mcb(Collector MCB_IDA),2024Q1,3,4.667947673318739,0.0,1.0,721.0,0.0,0.0,588716.0
Manendragarh Chirmiri Bharatpur Mcb(Collector MCB_IDA),2024Q4,3,5.477121254719663,1.0,1.0,474.0,0.0,0.0,1000000.0
Manendragarh Chirmiri Bharatpur Mcb(Collector MCB_IDA),2025Q2,7,5.477121254719663,0.8571428571428571,0.42857142857142855,296.0,0.0,0.0,2299993.0
Manendragarh Chirmiri Bharatpur Mcb(Collector MCB_IDA),2025Q4,4,5.6020599913279625,1.0,0.25,157.0,0.0,0.0,2100000.0
Manendragarh Chirmiri Bharatpur Mcb(Collector MCB_IDA),2026Q1,8,5.544068044350276,1.0,0.0,345.0,0.75,0.0,3000000.0
Mangan(DISTRICT COLLECTOR MANGAN_IDA),2023Q3,1,6.696164103141793,0.0,1.0,710.0,0.0,0.0,4967800.0
Mangan(DISTRICT COLLECTOR MANGAN_IDA),2023Q4,1,6.175935464160617,0.0,1.0,653.0,0.0,0.0,1499462.0
Mangan(DISTRICT COLLECTOR MANGAN_IDA),2024Q1,2,6.095854089666541,0.0,1.0,573.5,0.0,0.0,2493929.0
Mangan(DISTRICT COLLECTOR MANGAN_IDA),2024Q3,3,6.46711315706009,0.3333333333333333,0.6666666666666666,351.0,0.0,0.0,6632164.0
Mangan(DISTRICT COLLECTOR MANGAN_IDA),2024Q4,1,6.4765410842363,0.0,1.0,383.0,0.0,0.0,2995995.0
Mangan(DISTRICT COLLECTOR MANGAN_IDA),2025Q2,1,5.954242509439325,1.0,0.0,345.0,0.0,0.0,900000.0
Mangan(DISTRICT COLLECTOR MANGAN_IDA),2025Q3,2,6.1303337684950066,1.0,0.0,345.0,0.0,0.0,2700000.0
Mayiladuthurai(District Collector Mayiladuthurai_IDA),2023Q4,54,5.944482672150168,0.6666666666666666,0.18518518518518517,63.0,0.05555555555555555,0.037037037037037035,62703248.0
Mayiladuthurai(District Collector Mayiladuthurai_IDA),2024Q1,23,5.8750612633917,0.7391304347826086,0.0,345.0,0.0,0.0,22603000.0
Mayiladuthurai(District Collector Mayiladuthurai_IDA),2025Q1,25,5.845098040014257,0.92,0.0,345.0,0.0,0.0,19020000.0
Mayiladuthurai(District Collector Mayiladuthurai_IDA),2025Q4,29,5.929418925714293,0.896551724137931,0.0,345.0,0.0,0.0,21836000.0
Mayiladuthurai(District Collector Mayiladuthurai_IDA),2026Q1,49,5.371067862271736,0.42857142857142855,0.0,345.0,0.0,0.0,23670000.0
Mulugu(District Collector Mulugu_ida),2024Q1,5,5.69810054562339,0.4,0.0,345.0,0.0,0.0,2197000.0
Mulugu(District Collector Mulugu_ida),2025Q1,1,5.69810054562339,0.0,0.0,345.0,0.0,0.0,499000.0
Mulugu(District Collector Mulugu_ida),2025Q2,4,5.243038048686294,1.0,0.0,345.0,0.0,0.0,750000.0
Mulugu(District Collector Mulugu_ida),2025Q3,24,5.301029995663981,0.9583333333333334,0.0,345.0,0.0,0.0,6049000.0
NABARANGPUR(DISTRICT COLLECTOR NABARANGPUR_IDA),2024Q1,196,5.301029995663981,0.9948979591836735,0.5663265306122449,640.0,0.0,0.0,47699995.0
NABARANGPUR(DISTRICT COLLECTOR NABARANGPUR_IDA),2025Q2,72,5.3979400086720375,1.0,0.027777777777777776,271.0,0.0,0.0,26600000.0
NABARANGPUR(DISTRICT COLLECTOR NABARANGPUR_IDA),2025Q3,33,5.477121254719663,1.0,0.0,345.0,0.0,0.0,12450000.0
NABARANGPUR(DISTRICT COLLECTOR NABARANGPUR_IDA),2025Q4,3,6.0,1.0,0.0,345.0,0.0,0.0,3500000.0
NABARANGPUR(DISTRICT COLLECTOR NABARANGPUR_IDA),2026Q1,9,5.698970004336019,1.0,0.0,345.0,0.0,0.0,6500000.0
NADIA(DISTRICT MAGISTRATE NADIA_IDA),2023Q3,10,6.437208069291897,0.0,1.0,274.5,0.0,0.0,22328691.0
NADIA(DISTRICT MAGISTRATE NADIA_IDA),2023Q4,99,5.526125955395739,0.1111111111111111,0.8080808080808081,232.0,0.0,0.010101010101010102,58376577.0
NADIA(DISTRICT MAGISTRATE NADIA_IDA),2024Q1,117,5.542098090515184,0.08547008547008547,0.8547008547008547,199.5,0.0,0.0,68728366.0
NADIA(DISTRICT MAGISTRATE NADIA_IDA),2024Q3,22,5.928819952873659,0.09090909090909091,0.6363636363636364,348.0,0.0,0.0,37459338.0
NADIA(DISTRICT MAGISTRATE NADIA_IDA),2024Q4,102,5.474402766621138,0.029411764705882353,0.5490196078431373,445.0,0.0,0.0,45082858.0
NADIA(DISTRICT MAGISTRATE NADIA_IDA),2025Q1,26,5.620647637806028,0.3076923076923077,0.11538461538461539,356.0,0.0,0.0,18665318.0
NADIA(DISTRICT MAGISTRATE NADIA_IDA),2025Q2,39,5.596830122794796,0.05128205128205128,0.0,345.0,0.0,0.0,53894352.0
NADIA(DISTRICT MAGISTRATE NADIA_IDA),2025Q3,61,5.660708041427403,0.18032786885245902,0.0,345.0,0.0,0.0,34864226.0
NADIA(DISTRICT MAGISTRATE NADIA_IDA),2025Q4,22,5.720477255995224,0.4090909090909091,0.0,345.0,0.0,0.0,22047991.0
NADIA(DISTRICT MAGISTRATE NADIA_IDA),2026Q1,21,5.705645655399146,0.23809523809523808,0.0,345.0,0.0,0.0,12557718.0
NAGAON(DEPUTY COMMISSIONER NOWGONG_IDA),2023Q3,26,5.243038048686294,1.0,0.0,345.0,0.0,0.0,5050000.0
NAGAON(DEPUTY COMMISSIONER NOWGONG_IDA),2023Q4,71,5.477121254719663,0.9859154929577465,0.0,345.0,0.028169014084507043,0.0,22550003.0
NAGAON(DEPUTY COMMISSIONER NOWGONG_IDA),2024Q1,77,5.3979400086720375,0.935064935064935,0.03896103896103896,520.0,0.0,0.0,22848660.0
NAGAON(DEPUTY COMMISSIONER NOWGONG_IDA),2024Q3,1,5.301029995663981,1.0,0.0,345.0,0.0,0.0,200000.0
NAGAON(DEPUTY COMMISSIONER NOWGONG_IDA),2024Q4,28,5.653212513775344,0.8928571428571429,0.0,345.0,0.0,0.0,21080000.0
NAGAON(DEPUTY COMMISSIONER NOWGONG_IDA),2025Q1,18,5.698970004336019,0.9444444444444444,0.0,345.0,0.0,0.0,10138000.0
NAGAON(DEPUTY COMMISSIONER NOWGONG_IDA),2025Q2,9,5.6020599913279625,0.8888888888888888,0.0,345.0,0.0,0.0,3830000.0
NAGAON(DEPUTY COMMISSIONER NOWGONG_IDA),2025Q3,46,5.653212513775344,1.0,0.0,345.0,0.0,0.0,23400000.0
NAGAON(DEPUTY COMMISSIONER NOWGONG_IDA),2025Q4,18,5.48572142648158,0.3888888888888889,0.0,345.0,0.0,0.0,8634000.0
NAGAON(DEPUTY COMMISSIONER NOWGONG_IDA),2026Q1,10,5.698970004336019,0.9,0.0,345.0,0.0,0.0,5812000.0
NAGAPATTINAM(DISTRICT COLLECTOR NAGAPATTINAM_4),2023Q4,13,6.0,0.5384615384615384,0.0,345.0,0.0,0.0,17730000.0
NAGAPATTINAM(DISTRICT COLLECTOR NAGAPATTINAM_4),2024Q1,8,5.681241237375588,0.25,0.0,345.0,0.0,0.0,6080000.0
NAGAPATTINAM(DISTRICT COLLECTOR NAGAPATTINAM_4),2025Q1,2,6.229425847920695,0.0,0.0,345.0,0.0,0.0,3392000.0
NAGAPATTINAM(DISTRICT COLLECTOR NAGAPATTINAM_4),2025Q2,15,6.0,0.7333333333333333,0.0,345.0,0.0,0.0,26792000.0
NAGAPATTINAM(DISTRICT COLLECTOR NAGAPATTINAM_4),2025Q4,2,6.165095874754218,0.5,0.0,345.0,0.0,0.0,2925000.0
NAGARKURNOOL(DISTRICT COLLECTOR NAGARKURNOOL_IDA),2020Q1,1,4.9018777007135705,0.0,1.0,2236.0,0.0,0.0,79777.0
NAGARKURNOOL(DISTRICT COLLECTOR NAGARKURNOOL_IDA),2021Q2,1,5.097052438241659,0.0,0.0,345.0,0.0,0.0,125041.0
NAGARKURNOOL(DISTRICT COLLECTOR NAGARKURNOOL_IDA),2021Q3,1,5.307647907455876,0.0,0.0,345.0,0.0,0.0,203071.0
NAGARKURNOOL(DISTRICT COLLECTOR NAGARKURNOOL_IDA),2022Q2,1,4.841978555703691,0.0,1.0,1394.0,0.0,0.0,69499.0
NAGARKURNOOL(DISTRICT COLLECTOR NAGARKURNOOL_IDA),2023Q3,68,5.6020599913279625,0.6176470588235294,0.9264705882352942,909.0,0.0,0.0,27421708.0
NAGARKURNOOL(DISTRICT COLLECTOR NAGARKURNOOL_IDA),2023Q4,13,5.397599388257569,0.5384615384615384,0.8461538461538461,901.0,0.0,0.0,4047117.0
NAGARKURNOOL(DISTRICT COLLECTOR NAGARKURNOOL_IDA),2024Q1,62,5.690176580654847,0.3548387096774194,0.8548387096774194,751.0,0.0,0.0,24818144.0
NAGARKURNOOL(DISTRICT COLLECTOR NAGARKURNOOL_IDA),2024Q3,9,5.296355809777379,0.2222222222222222,0.8888888888888888,610.0,0.0,0.0,2281635.0
NAGARKURNOOL(DISTRICT COLLECTOR NAGARKURNOOL_IDA),2024Q4,2,5.696404883699198,0.0,1.0,540.0,0.0,0.0,994111.0
NAGARKURNOOL(DISTRICT COLLECTOR NAGARKURNOOL_IDA),2025Q1,3,5.652773171649896,0.0,1.0,426.0,0.0,0.0,1099195.0
NAGARKURNOOL(DISTRICT COLLECTOR NAGARKURNOOL_IDA),2025Q2,19,5.622905855193735,0.3684210526315789,0.5789473684210527,283.0,0.0,0.0,18721700.0
NAGARKURNOOL(DISTRICT COLLECTOR NAGARKURNOOL_IDA),2025Q3,90,5.300830174239854,0.23333333333333334,0.7333333333333333,133.0,0.044444444444444446,0.0,24980373.0
NAGARKURNOOL(DISTRICT COLLECTOR NAGARKURNOOL_IDA),2026Q1,3,5.3979400086720375,0.6666666666666666,0.0,345.0,0.0,0.0,998000.0
NAGAUR(DISTRICT COLLECTOR NAGAUR_IDA),2023Q3,65,5.419129307741976,0.26153846153846155,0.8615384615384616,757.0,0.0,0.015384615384615385,31411071.0
NAGAUR(DISTRICT COLLECTOR NAGAUR_IDA),2023Q4,106,5.874857965998868,0.3018867924528302,0.8679245283018868,671.5,0.0,0.0,80734857.0
NAGAUR(DISTRICT COLLECTOR NAGAUR_IDA),2024Q1,1,5.999289782410649,0.0,1.0,549.0,0.0,0.0,998366.0
NAGAUR(DISTRICT COLLECTOR NAGAUR_IDA),2024Q3,85,5.194564289813147,0.23529411764705882,0.7764705882352941,372.0,0.0,0.0,33009686.0
NAGAUR(DISTRICT COLLECTOR NAGAUR_IDA),2024Q4,78,5.049979309198259,0.0641025641025641,0.9102564102564102,378.0,0.0,0.0,16999734.0
NAGAUR(DISTRICT COLLECTOR NAGAUR_IDA),2025Q1,1,5.698970004336019,1.0,0.0,345.0,0.0,0.0,500000.0
NAGAUR(DISTRICT COLLECTOR NAGAUR_IDA),2025Q2,14,5.999749557034059,0.5714285714285714,0.5714285714285714,273.5,0.0,0.0,13172594.0
NAGAUR(DISTRICT COLLECTOR NAGAUR_IDA),2025Q3,2,6.0,1.0,0.0,345.0,0.0,0.0,2000000.0
NAGAUR(DISTRICT COLLECTOR NAGAUR_IDA),2025Q4,24,5.698970004336019,0.6666666666666666,0.25,158.0,0.0,0.0,12402962.0
NAGAUR(DISTRICT COLLECTOR NAGAUR_IDA),2026Q1,21,4.77814401208196,0.2857142857142857,0.7142857142857143,55.0,0.0,0.0,9999985.0
NAGPUR(DISTRICT COLLECTOR NAGPUR_IDA),2023Q1,30,5.6020599913279625,0.8,0.0,345.0,0.0,0.0,13277000.0
NAGPUR(DISTRICT COLLECTOR NAGPUR_IDA),2023Q2,46,5.39750549689802,0.8043478260869565,0.0,345.0,0.0,0.0,15542700.0
NAGPUR(DISTRICT COLLECTOR NAGPUR_IDA),2023Q3,42,5.6674529528899535,0.8095238095238095,0.0,345.0,0.0,0.0,20330100.0
NAGPUR(DISTRICT COLLECTOR NAGPUR_IDA),2023Q4,15,5.845098040014257,0.8666666666666667,0.0,345.0,0.0,0.0,15028000.0
NAGPUR(DISTRICT COLLECTOR NAGPUR_IDA),2024Q1,82,5.999348069206722,0.6341463414634146,0.0,345.0,0.06097560975609756,0.0,106547571.0
NAGPUR(DISTRICT COLLECTOR NAGPUR_IDA),2024Q3,5,5.744292983122676,0.0,0.0,345.0,0.2,0.0,2835493.0
NAGPUR(DISTRICT COLLECTOR NAGPUR_IDA),2024Q4,2,5.999674156932143,0.5,0.0,345.0,0.0,0.0,1998500.0
NAGPUR(DISTRICT COLLECTOR NAGPUR_IDA),2025Q1,8,6.218797998111738,0.625,0.0,345.0,0.0,0.0,15691000.0
NAGPUR(DISTRICT COLLECTOR NAGPUR_IDA),2025Q2,3,6.0,1.0,0.0,345.0,0.0,0.0,3000000.0
NAGPUR(DISTRICT COLLECTOR NAGPUR_IDA),2025Q3,20,6.301029995663981,0.95,0.05,284.0,0.0,0.0,44998850.0
NAGPUR(DISTRICT COLLECTOR NAGPUR_IDA),2025Q4,50,6.0,1.0,0.0,345.0,0.0,0.0,51250000.0
NAGPUR(DISTRICT COLLECTOR NAGPUR_IDA),2026Q1,18,6.1303337684950066,0.9444444444444444,0.0,345.0,0.0,0.0,29836000.0
NAINITAL(DISTRICT MAGISTRATE NAINITAL_IDA),2023Q3,23,5.3979400086720375,0.6956521739130435,0.5652173913043478,206.0,0.0,0.0,7522950.0
NAINITAL(DISTRICT MAGISTRATE NAINITAL_IDA),2023Q4,113,5.3979400086720375,0.831858407079646,0.2831858407079646,184.0,0.0,0.0,30418646.92
NAINITAL(DISTRICT MAGISTRATE NAINITAL_IDA),2024Q1,91,5.301029995663981,0.8241758241758241,0.25274725274725274,122.0,0.08791208791208792,0.0,21139872.0
NAINITAL(DISTRICT MAGISTRATE NAINITAL_IDA),2024Q3,1,6.079181246047625,1.0,0.0,345.0,0.0,0.0,1200000.0
NAINITAL(DISTRICT MAGISTRATE NAINITAL_IDA),2024Q4,1,5.698970004336019,1.0,0.0,345.0,0.0,0.0,500000.0
NAINITAL(DISTRICT MAGISTRATE NAINITAL_IDA),2025Q1,87,5.3979400086720375,0.8390804597701149,0.20689655172413793,285.5,0.21839080459770116,0.0,24195091.0
NAINITAL(DISTRICT MAGISTRATE NAINITAL_IDA),2025Q2,89,5.3979400086720375,0.8539325842696629,0.1348314606741573,180.0,0.3258426966292135,0.0,20256199.0
NAINITAL(DISTRICT MAGISTRATE NAINITAL_IDA),2025Q3,10,5.3979400086720375,0.9,0.1,133.0,0.2,0.0,4090000.0
NAINITAL(DISTRICT MAGISTRATE NAINITAL_IDA),2025Q4,48,5.395959459605596,0.8958333333333334,0.08333333333333333,186.0,0.3958333333333333,0.0,10559744.0
NAINITAL(DISTRICT MAGISTRATE NAINITAL_IDA),2026Q1,55,5.3979400086720375,0.9818181818181818,0.01818181818181818,125.0,0.16363636363636364,0.0,14458900.0
NALANDA(DISTRICT PLANNING OFFICER NALANDA_IDA),2023Q3,2,6.095668416021135,0.0,0.5,65.0,0.0,0.0,2492863.0
NALANDA(DISTRICT PLANNING OFFICER NALANDA_IDA),2023Q4,122,5.474993072647335,0.00819672131147541,0.9918032786885246,600.5,0.0,0.00819672131147541,47318391.0
NALANDA(DISTRICT PLANNING OFFICER NALANDA_IDA),2024Q1,170,5.084817485650558,0.023529411764705882,0.9705882352941176,534.0,0.0,0.0,35644335.0
NALANDA(DISTRICT PLANNING OFFICER NALANDA_IDA),2024Q3,1,5.645888737929292,0.0,1.0,355.0,1.0,0.0,442475.0
NALANDA(DISTRICT PLANNING OFFICER NALANDA_IDA),2024Q4,5,5.723603421959578,0.0,1.0,463.0,0.6,0.0,2198594.0
NALANDA(DISTRICT PLANNING OFFICER NALANDA_IDA),2025Q1,1,6.68118287513328,0.0,1.0,257.0,0.0,0.0,4799355.0
NALANDA(DISTRICT PLANNING OFFICER NALANDA_IDA),2025Q3,93,5.595803646393552,0.3870967741935484,0.6236559139784946,191.0,0.0,0.0,39508926.0
NALANDA(DISTRICT PLANNING OFFICER NALANDA_IDA),2025Q4,14,5.598500515665379,0.6428571428571429,0.35714285714285715,96.0,0.0,0.0,5376061.0
NALANDA(DISTRICT PLANNING OFFICER NALANDA_IDA),2026Q1,21,5.6020599913279625,0.9523809523809523,0.047619047619047616,26.0,0.0,0.0,7730000.0
NALBARI(DEPUTY COMMISSIONER NALBARI_IDA),2023Q3,3,5.698970004336019,1.0,0.0,345.0,0.0,0.0,1250000.0
NALBARI(DEPUTY COMMISSIONER NALBARI_IDA),2023Q4,10,5.3979400086720375,1.0,0.2,815.5,0.0,0.0,2550000.0
NALBARI(DEPUTY COMMISSIONER NALBARI_IDA),2024Q1,5,5.544068044350276,1.0,0.0,345.0,0.0,0.0,1850000.0
NALBARI(DEPUTY COMMISSIONER NALBARI_IDA),2024Q2,1,6.0,1.0,0.0,345.0,0.0,0.0,1000000.0
NALBARI(DEPUTY COMMISSIONER NALBARI_IDA),2024Q4,1,6.698970004336019,1.0,0.0,345.0,0.0,0.0,5000000.0
NALBARI(DEPUTY COMMISSIONER NALBARI_IDA),2025Q1,2,6.544068044350276,1.0,0.0,345.0,0.0,0.0,7000000.0
NALBARI(DEPUTY COMMISSIONER NALBARI_IDA),2025Q2,9,5.903089986991944,1.0,0.1111111111111111,247.0,0.0,0.0,8600000.0
NALBARI(DEPUTY COMMISSIONER NALBARI_IDA),2025Q4,13,5.698970004336019,1.0,0.0,345.0,0.0,0.0,5500000.0
NALGONDA(DISTRICT COLLECTOR NALGONDA),2023Q2,2,5.477121254719663,1.0,0.5,1036.0,0.0,0.0,600000.0
NALGONDA(DISTRICT COLLECTOR NALGONDA),2023Q3,3,5.692853085686543,0.0,1.0,965.0,0.0,0.0,1392577.0
NALGONDA(DISTRICT COLLECTOR NALGONDA),2023Q4,109,5.3979400086720375,0.3944954128440367,0.963302752293578,866.0,0.01834862385321101,0.0,30829672.1
NALGONDA(DISTRICT COLLECTOR NALGONDA),2024Q3,3,5.698970004336019,0.6666666666666666,1.0,591.0,0.0,0.0,1499529.0
NALGONDA(DISTRICT COLLECTOR NALGONDA),2024Q4,69,5.28559556124121,0.391304347826087,0.855072463768116,518.0,0.0,0.0,17489093.0
NALGONDA(DISTRICT COLLECTOR NALGONDA),2025Q1,9,5.596487133736544,0.2222222222222222,0.7777777777777778,415.0,0.0,0.0,3051820.0
NALGONDA(DISTRICT COLLECTOR NALGONDA),2025Q2,41,5.300621566859366,0.5365853658536586,0.3170731707317073,320.0,0.0,0.0,10032339.0
NALGONDA(DISTRICT COLLECTOR NALGONDA),2025Q3,37,5.698970004336019,0.8918918918918919,0.10810810810810811,265.0,0.0,0.0,16640785.0
NALGONDA(DISTRICT COLLECTOR NALGONDA),2025Q4,10,5.698970004336019,0.7,0.3,146.0,0.0,0.0,4495434.0
NALGONDA(DISTRICT COLLECTOR NALGONDA),2026Q1,24,5.698970004336019,0.75,0.0,345.0,0.0,0.0,10880000.0
NAMAKKAL(DISTRICT COLLECTOR NAMAKKAL_IDA),2023Q4,21,5.372902801718357,0.0,1.0,73.0,0.0,0.14285714285714285,6782555.0
NAMAKKAL(DISTRICT COLLECTOR NAMAKKAL_IDA),2024Q1,90,5.972905105060056,0.17777777777777778,1.0,214.0,0.0,0.2111111111111111,105734800.0
NAMAKKAL(DISTRICT COLLECTOR NAMAKKAL_IDA),2024Q3,7,5.934699392196627,0.42857142857142855,1.0,315.0,0.0,0.0,7540161.0
NAMAKKAL(DISTRICT COLLECTOR NAMAKKAL_IDA),2024Q4,56,5.899656106716988,0.30357142857142855,0.875,254.0,0.0,0.0,49854917.0
NAMAKKAL(DISTRICT COLLECTOR NAMAKKAL_IDA),2025Q1,10,5.724841313303955,0.2,1.0,237.0,0.0,0.0,28740839.0
NAMAKKAL(DISTRICT COLLECTOR NAMAKKAL_IDA),2025Q2,51,5.653173908105564,0.29411764705882354,0.7843137254901961,181.0,0.0,0.0,41642171.0
NAMAKKAL(DISTRICT COLLECTOR NAMAKKAL_IDA),2025Q3,21,5.9538920371811,0.42857142857142855,0.6190476190476191,195.0,0.0,0.0,26989683.0
NAMAKKAL(DISTRICT COLLECTOR NAMAKKAL_IDA),2025Q4,55,5.57978359661681,0.2545454545454545,0.2909090909090909,135.5,0.0,0.0,30269327.0
NAMAKKAL(DISTRICT COLLECTOR NAMAKKAL_IDA),2026Q1,21,5.301029995663981,0.7619047619047619,0.09523809523809523,114.5,0.0,0.0,7984624.0
NAMSAI(Deputy Commisioner Namsai_IDA),2023Q4,13,5.9023206046545615,0.38461538461538464,1.0,69.0,0.0,0.0,10615972.0
NAMSAI(Deputy Commisioner Namsai_IDA),2024Q3,8,5.698964792770966,0.125,1.0,277.0,0.0,0.0,6495613.0
NAMSAI(Deputy Commisioner Namsai_IDA),2025Q3,1,5.698970004336019,1.0,0.0,345.0,0.0,0.0,500000.0
NANDED(DISTRICT COLLECTOR NANDED_IDA),2022Q1,14,5.8444771757456815,0.07142857142857142,0.14285714285714285,1528.0,0.0,0.0,8606000.0
NANDED(DISTRICT COLLECTOR NANDED_IDA),2023Q4,3,5.901546043290983,0.0,1.0,149.0,0.0,0.6666666666666666,1891689.0
NANDED(DISTRICT COLLECTOR NANDED_IDA),2024Q1,189,5.843588417449501,0.37566137566137564,0.5079365079365079,492.0,0.010582010582010581,0.026455026455026454,130859717.0
NANDED(DISTRICT COLLECTOR NANDED_IDA),2024Q4,37,5.996073654485276,0.5945945945945946,0.1891891891891892,328.0,0.0,0.0,36742491.0
NANDED(DISTRICT COLLECTOR NANDED_IDA),2025Q1,45,6.0,0.6222222222222222,0.28888888888888886,406.0,0.044444444444444446,0.0,74620369.0
NANDED(DISTRICT COLLECTOR NANDED_IDA),2025Q2,23,5.9969492484953815,0.6956521739130435,0.0,345.0,0.17391304347826086,0.0,22172659.0
NANDED(DISTRICT COLLECTOR NANDED_IDA),2025Q3,46,6.0,0.6304347826086957,0.08695652173913043,246.5,0.0,0.0,49425659.0
NANDED(DISTRICT COLLECTOR NANDED_IDA),2025Q4,101,5.845098040014257,0.900990099009901,0.019801980198019802,185.5,0.0,0.0,76584246.0
NANDED(DISTRICT COLLECTOR NANDED_IDA),2026Q1,45,6.0,0.9333333333333333,0.0,345.0,0.13333333333333333,0.0,44086000.0
NANDURBAR(DISTRICT COLLECTOR NANDURBAR_IDA),2024Q1,37,6.294466226161593,0.16216216216216217,0.6216216216216216,76.0,0.0,0.0,68314074.0
NANDURBAR(DISTRICT COLLECTOR NANDURBAR_IDA),2024Q3,1,6.078819183098848,0.0,0.0,345.0,0.0,0.0,1199000.0
NANDURBAR(DISTRICT COLLECTOR NANDURBAR_IDA),2025Q1,2,5.999565488225982,0.5,0.0,345.0,0.0,0.0,1998000.0
NANDURBAR(DISTRICT COLLECTOR NANDURBAR_IDA),2025Q2,2,5.698970004336019,1.0,0.0,345.0,0.0,0.0,1000000.0
NANDURBAR(DISTRICT COLLECTOR NANDURBAR_IDA),2025Q3,82,5.230448921378274,0.0975609756097561,0.0,345.0,0.9634146341463414,0.0,17080000.0
NANDURBAR(DISTRICT COLLECTOR NANDURBAR_IDA),2025Q4,24,5.477121254719663,1.0,0.0,345.0,0.9583333333333334,0.0,7000000.0
NANDURBAR(DISTRICT COLLECTOR NANDURBAR_IDA),2026Q1,70,5.8750612633917,0.5571428571428572,0.0,345.0,0.9571428571428572,0.0,35399000.0
NARAYANPUR(Collector Narayanpur_IDA),2024Q1,1,5.463427103867604,0.0,1.0,672.0,0.0,0.0,290688.0
NARAYANPUR(Collector Narayanpur_IDA),2024Q4,2,5.773054693364263,0.5,0.5,481.0,0.0,0.0,1186000.0
NARAYANPUR(Collector Narayanpur_IDA),2025Q2,4,5.9238835876615505,0.25,0.5,278.5,0.0,0.0,4168049.0
NARMADA(DISTRICT COLLECTOR NARMADA_IDA),2023Q3,15,5.467653974128741,0.4,1.0,484.0,0.0,0.0,4093544.0
NARMADA(DISTRICT COLLECTOR NARMADA_IDA),2023Q4,45,5.301029995663981,0.7333333333333333,0.9333333333333333,595.0,0.0,0.0,10287575.0
NARMADA(DISTRICT COLLECTOR NARMADA_IDA),2024Q1,12,5.300281278400879,0.4166666666666667,0.9166666666666666,499.0,0.0,0.0,7034414.0
NARMADA(DISTRICT COLLECTOR NARMADA_IDA),2024Q3,21,5.6957013949228985,0.2857142857142857,0.5714285714285714,346.5,0.0,0.0,77481448.0
NARMADA(DISTRICT COLLECTOR NARMADA_IDA),2025Q1,13,5.301029995663981,0.7692307692307693,1.0,174.0,0.0,0.0,2343328.0
NARMADA(DISTRICT COLLECTOR NARMADA_IDA),2025Q2,34,5.694612217777569,0.14705882352941177,0.9117647058823529,211.0,0.0,0.0,35823031.0
NARMADA(DISTRICT COLLECTOR NARMADA_IDA),2025Q3,44,5.301029995663981,0.8409090909090909,0.2727272727272727,228.5,0.36363636363636365,0.0,10746586.0
NARMADA(DISTRICT COLLECTOR NARMADA_IDA),2025Q4,19,5.698970004336019,1.0,0.05263157894736842,128.0,0.0,0.0,9100000.0
NARMADA(DISTRICT COLLECTOR NARMADA_IDA),2026Q1,8,5.3979400086720375,1.0,0.0,345.0,0.0,0.0,2300000.0
NARMADAPURAM(DISTRICT COLLECTOR NARMADAPURAM_IDA),2023Q3,69,5.096910013008056,0.6666666666666666,0.21739130434782608,447.0,0.028985507246376812,0.0,10269545.0
NARMADAPURAM(DISTRICT COLLECTOR NARMADAPURAM_IDA),2024Q4,65,5.0,0.5692307692307692,0.36923076923076925,398.5,0.03076923076923077,0.0,13125000.0
NARMADAPURAM(DISTRICT COLLECTOR NARMADAPURAM_IDA),2025Q1,65,5.0,0.5692307692307692,0.26153846153846155,340.0,0.0,0.0,13035467.0
NARMADAPURAM(DISTRICT COLLECTOR NARMADAPURAM_IDA),2025Q2,39,5.301029995663981,0.717948717948718,0.07692307692307693,222.0,0.0,0.0,8781322.0
NARMADAPURAM(DISTRICT COLLECTOR NARMADAPURAM_IDA),2025Q3,35,5.0,0.7714285714285715,0.0,345.0,0.0,0.0,5868813.0
NARMADAPURAM(DISTRICT COLLECTOR NARMADAPURAM_IDA),2025Q4,36,5.176091259055681,0.8333333333333334,0.0,345.0,0.0,0.0,8510000.0
NARMADAPURAM(DISTRICT COLLECTOR NARMADAPURAM_IDA),2026Q1,23,5.2808741725572155,0.43478260869565216,0.0,345.0,0.2608695652173913,0.0,5345613.0
NASHIK(DISTRICT COLLECTOR NASHIK_IDA),2024Q1,309,5.737987326333431,0.15857605177993528,0.6472491909385113,730.0,0.006472491909385114,0.0,205048260.0
NASHIK(DISTRICT COLLECTOR NASHIK_IDA),2024Q3,1,6.0,1.0,0.0,345.0,0.0,0.0,1000000.0
NASHIK(DISTRICT COLLECTOR NASHIK_IDA),2025Q1,84,5.99563519459755,0.2857142857142857,0.21428571428571427,341.0,0.0,0.0,79173665.0
NASHIK(DISTRICT COLLECTOR NASHIK_IDA),2025Q2,1,5.698970004336019,1.0,0.0,345.0,0.0,0.0,500000.0
NASHIK(DISTRICT COLLECTOR NASHIK_IDA),2025Q4,61,5.99563519459755,0.7540983606557377,0.01639344262295082,74.0,0.0,0.0,61450372.0
NASHIK(DISTRICT COLLECTOR NASHIK_IDA),2026Q1,60,5.977723605288848,0.8166666666666667,0.0,345.0,0.0,0.0,59688000.0
NAVSARI(DISTRICT COLLECTOR NAVSARI_IDA),2023Q3,10,5.4724580435421855,0.5,1.0,189.5,0.0,0.0,3626192.0
NAVSARI(DISTRICT COLLECTOR NAVSARI_IDA),2023Q4,4,5.698970004336019,1.0,0.75,625.0,0.0,0.0,1800000.0
NAVSARI(DISTRICT COLLECTOR NAVSARI_IDA),2024Q1,201,5.6020599913279625,0.8706467661691543,0.8905472636815921,516.0,0.0,0.0,75852382.0
NAVSARI(DISTRICT COLLECTOR NAVSARI_IDA),2024Q3,1,5.698970004336019,1.0,1.0,339.0,0.0,0.0,500000.0
NAVSARI(DISTRICT COLLECTOR NAVSARI_IDA),2025Q1,104,5.3969835082752,0.5288461538461539,0.6346153846153846,264.0,0.0,0.0,35160126.0
NAVSARI(DISTRICT COLLECTOR NAVSARI_IDA),2025Q2,231,5.176091259055681,0.6060606060606061,0.6536796536796536,133.0,0.0,0.0,49148513.0
NAVSARI(DISTRICT COLLECTOR NAVSARI_IDA),2025Q3,45,5.698970004336019,0.9555555555555556,0.35555555555555557,195.0,0.0,0.0,22088981.0
NAVSARI(DISTRICT COLLECTOR NAVSARI_IDA),2025Q4,12,5.698970004336019,0.5833333333333334,0.4166666666666667,97.0,0.0,0.0,6995060.0
NAVSARI(DISTRICT COLLECTOR NAVSARI_IDA),2026Q1,23,5.698970004336019,1.0,0.0,345.0,0.0,0.0,10500000.0
NAWADA(District Planning Officer NAWADA_IDA),2023Q3,109,5.772686888706732,0.07339449541284404,0.908256880733945,681.0,0.0,0.0,62493088.0
NAWADA(District Planning Officer NAWADA_IDA),2023Q4,44,5.695384912605816,0.022727272727272728,0.9318181818181818,637.0,0.0,0.0,17639451.0
NAWADA(District Planning Officer NAWADA_IDA),2024Q1,151,5.0,0.5033112582781457,0.9470198675496688,519.0,0.0,0.0,26615008.0
NAWADA(District Planning Officer NAWADA_IDA),2024Q3,1,4.993876914941211,0.0,1.0,527.0,0.0,0.0,98600.0
NAWADA(District Planning Officer NAWADA_IDA),2024Q4,3,6.174466858886018,0.0,0.6666666666666666,445.0,0.0,0.0,3070320.0
NAWADA(District Planning Officer NAWADA_IDA),2025Q2,1,5.728028954420519,0.0,0.0,345.0,0.0,0.0,534600.0
NAWADA(District Planning Officer NAWADA_IDA),2025Q3,3,6.175511813363448,0.0,0.0,345.0,0.0,0.0,5207000.0
NAWADA(District Planning Officer NAWADA_IDA),2025Q4,1,5.724275869600789,0.0,0.0,345.0,0.0,0.0,530000.0
NAYAGARH(DISTRICT COLLECTOR  NAYAGARH_IDA),2023Q4,19,5.3979400086720375,0.7368421052631579,0.3157894736842105,328.0,0.0,0.0,5907635.0
NAYAGARH(DISTRICT COLLECTOR  NAYAGARH_IDA),2024Q1,79,5.3979400086720375,0.8607594936708861,0.5822784810126582,199.5,0.0,0.0,27563270.0
NAYAGARH(DISTRICT COLLECTOR  NAYAGARH_IDA),2024Q3,1,6.176091259055681,1.0,0.0,345.0,0.0,0.0,1500000.0
NAYAGARH(DISTRICT COLLECTOR  NAYAGARH_IDA),2025Q1,326,4.6020599913279625,0.1901840490797546,0.5674846625766872,252.0,0.2883435582822086,0.0,29815000.0
NAYAGARH(DISTRICT COLLECTOR  NAYAGARH_IDA),2025Q2,39,5.230448921378274,0.23076923076923078,0.5128205128205128,198.0,0.0,0.0,7993200.0
NAYAGARH(DISTRICT COLLECTOR  NAYAGARH_IDA),2025Q3,22,5.301029995663981,0.6818181818181818,0.0,345.0,0.0,0.0,4590000.0
NAYAGARH(DISTRICT COLLECTOR  NAYAGARH_IDA),2025Q4,20,5.230448921378274,0.4,0.0,345.0,0.0,0.0,6590000.0
NAYAGARH(DISTRICT COLLECTOR  NAYAGARH_IDA),2026Q1,30,5.371067862271736,0.5,0.0,345.0,0.0,0.0,10170000.0
NEEMUCH(District Collector Neemuch_IDA),2022Q4,1,4.795880017344075,0.0,0.0,345.0,0.0,0.0,62500.0
NEEMUCH(District Collector Neemuch_IDA),2023Q1,1,4.574031267727719,0.0,0.0,345.0,0.0,0.0,37500.0
NEEMUCH(District Collector Neemuch_IDA),2023Q2,4,4.858837851428586,0.5,0.0,345.0,0.0,0.0,344500.0
NEEMUCH(District Collector Neemuch_IDA),2023Q3,77,4.3979400086720375,0.4805194805194805,0.5584415584415584,975.0,0.7922077922077922,0.0,4850000.0
NEEMUCH(District Collector Neemuch_IDA),2023Q4,7,4.8750612633917,0.5714285714285714,0.14285714285714285,934.0,0.5714285714285714,0.0,615000.0
NEEMUCH(District Collector Neemuch_IDA),2024Q1,143,5.213315836175446,0.4405594405594406,0.6503496503496503,813.0,0.7482517482517482,0.0,24028286.0
NEEMUCH(District Collector Neemuch_IDA),2024Q3,26,5.0,0.9615384615384616,0.9615384615384616,606.0,0.9230769230769231,0.0,2794846.0
NEEMUCH(District Collector Neemuch_IDA),2024Q4,1,5.0,1.0,0.0,345.0,0.0,0.0,100000.0
NEEMUCH(District Collector Neemuch_IDA),2025Q1,1,5.176091259055681,1.0,0.0,345.0,0.0,0.0,150000.0
NEEMUCH(District Collector Neemuch_IDA),2025Q2,3,5.845098040014257,1.0,0.0,345.0,0.0,0.0,2000000.0
NEEMUCH(District Collector Neemuch_IDA),2025Q3,52,5.0,1.0,0.0,345.0,0.9615384615384616,0.0,5700000.0
NEEMUCH(District Collector Neemuch_IDA),2025Q4,5,5.301029995663981,1.0,0.0,345.0,0.8,0.0,1450000.0
NEEMUCH(District Collector Neemuch_IDA),2026Q1,1,5.477121254719663,1.0,0.0,345.0,1.0,0.0,300000.0
NEW DELHI(COMMISSIONER MCD NEW DELHI),2025Q2,3,5.984163073352569,0.0,0.0,345.0,0.0,0.0,3802976.0
NEW DELHI(COMMISSIONER MCD NEW DELHI),2025Q3,9,5.698970004336019,0.3333333333333333,0.0,345.0,0.2222222222222222,0.0,6240770.0
NICOBARS(DEPUTY COMMISSIONER NICOBAR_IDA),2025Q3,3,6.474248179175878,0.6666666666666666,0.0,345.0,0.0,0.0,8180219.0
NICOBARS(DEPUTY COMMISSIONER NICOBAR_IDA),2026Q1,1,6.176091259055681,1.0,0.0,345.0,0.0,0.0,1500000.0
NIZAMABAD(DISTRICT COLLECTOR NIZAMABAD_IDA),2024Q1,53,5.176091259055681,0.8679245283018868,0.7547169811320755,548.0,0.07547169811320754,0.0,11729573.0
NIZAMABAD(DISTRICT COLLECTOR NIZAMABAD_IDA),2024Q3,15,5.6020599913279625,0.6666666666666666,0.8666666666666667,359.0,0.0,0.0,6029050.0
NIZAMABAD(DISTRICT COLLECTOR NIZAMABAD_IDA),2024Q4,108,5.6020599913279625,0.5370370370370371,0.5648148148148148,324.0,0.027777777777777776,0.2037037037037037,43252514.0
NIZAMABAD(DISTRICT COLLECTOR NIZAMABAD_IDA),2025Q1,195,5.544068044350276,0.6256410256410256,0.558974358974359,205.0,0.07179487179487179,0.005128205128205128,63390907.0
NIZAMABAD(DISTRICT COLLECTOR NIZAMABAD_IDA),2025Q2,2,5.697229342759718,0.0,0.0,345.0,0.0,0.0,996000.0
NIZAMABAD(DISTRICT COLLECTOR NIZAMABAD_IDA),2025Q3,138,5.472080354134894,0.5579710144927537,0.4420289855072464,114.0,0.0,0.0,36722395.0
NIZAMABAD(DISTRICT COLLECTOR NIZAMABAD_IDA),2025Q4,5,5.698970004336019,0.6,1.0,106.0,0.0,0.0,2294435.0
NIZAMABAD(DISTRICT COLLECTOR NIZAMABAD_IDA),2026Q1,43,5.491361693834273,0.16279069767441862,0.09302325581395349,88.0,0.023255813953488372,0.0,12599508.0
NONEY(Deputy Commissioner Noney_ida),2024Q1,3,5.845098040014257,1.0,1.0,689.0,0.0,0.0,2300000.0
NORTH AND MIDDLE ANDAMAN(Implementing District Authority(N&MA)),2023Q4,12,6.268115000340598,0.0,0.4166666666666667,841.0,0.0,0.0,29769795.0
NORTH AND MIDDLE ANDAMAN(Implementing District Authority(N&MA)),2024Q1,5,5.428958847148537,0.2,0.4,766.0,0.0,0.0,11679135.0
NORTH AND MIDDLE ANDAMAN(Implementing District Authority(N&MA)),2025Q1,1,6.462379577432011,0.0,0.0,345.0,0.0,0.0,2899877.0
NORTH AND MIDDLE ANDAMAN(Implementing District Authority(N&MA)),2025Q2,1,6.321502945598283,0.0,0.0,345.0,0.0,0.0,2096539.0
NORTH AND MIDDLE ANDAMAN(Implementing District Authority(N&MA)),2026Q1,3,6.716253825896037,0.0,0.0,345.0,0.0,0.0,17100042.0
NORTH EAST(COMMISSIONER MCD NORTH EAST),2023Q3,3,5.915606643117219,0.0,0.6666666666666666,914.0,0.0,0.0,2783367.0
NORTH EAST(COMMISSIONER MCD NORTH EAST),2023Q4,4,6.016709376796094,0.0,0.75,836.0,0.0,0.0,4853608.0
NORTH EAST(COMMISSIONER MCD NORTH EAST),2025Q3,1,6.366181926963368,0.0,0.0,345.0,0.0,0.0,2323710.0
NORTH EAST(COMMISSIONER MCD NORTH EAST),2025Q4,1,6.135190553447643,0.0,0.0,345.0,0.0,0.0,1365182.0
NORTH GARO HILLS(DEPUTY COMMISSIONER NORTH GARO HILLS RESUBELPARA_IDA),2024Q1,15,5.3979400086720375,1.0,0.8,730.0,0.0,0.0,4900000.0
NORTH GARO HILLS(DEPUTY COMMISSIONER NORTH GARO HILLS RESUBELPARA_IDA),2024Q3,1,6.0,1.0,0.0,345.0,0.0,0.0,1000000.0
NORTH GARO HILLS(DEPUTY COMMISSIONER NORTH GARO HILLS RESUBELPARA_IDA),2024Q4,14,5.301029995663981,1.0,0.14285714285714285,472.5,0.21428571428571427,0.0,2850000.0
NORTH GARO HILLS(DEPUTY COMMISSIONER NORTH GARO HILLS RESUBELPARA_IDA),2025Q1,2,5.698970004336019,1.0,1.0,338.0,0.0,0.0,1000000.0
NORTH GARO HILLS(DEPUTY COMMISSIONER NORTH GARO HILLS RESUBELPARA_IDA),2025Q2,20,5.698970004336019,1.0,0.3,303.5,0.0,0.0,9400000.0
NORTH GARO HILLS(DEPUTY COMMISSIONER NORTH GARO HILLS RESUBELPARA_IDA),2025Q3,10,5.439332693830263,1.0,0.2,204.5,0.0,0.0,3750000.0
NORTH GARO HILLS(DEPUTY COMMISSIONER NORTH GARO HILLS RESUBELPARA_IDA),2025Q4,1,5.6020599913279625,1.0,0.0,345.0,0.0,0.0,400000.0
NORTH GOA(DISTRICT COLLECTOR NORTH GOA_IDA),2024Q1,50,6.157100650292535,0.22,0.04,504.5,0.0,0.0,114166207.31
NORTH GOA(DISTRICT COLLECTOR NORTH GOA_IDA),2024Q3,2,6.458637849025649,1.0,0.0,345.0,0.0,0.0,5750000.0
NORTH GOA(DISTRICT COLLECTOR NORTH GOA_IDA),2024Q4,37,5.765690902099065,0.08108108108108109,0.0,345.0,0.0,0.0,38596059.0
NORTH GOA(DISTRICT COLLECTOR NORTH GOA_IDA),2025Q1,19,5.845678365875749,0.3684210526315789,0.0,345.0,0.0,0.0,24310815.0
NORTH GOA(DISTRICT COLLECTOR NORTH GOA_IDA),2025Q2,29,5.771158338825718,0.1724137931034483,0.0,345.0,0.0,0.0,40318286.3
NORTH GOA(DISTRICT COLLECTOR NORTH GOA_IDA),2025Q3,11,6.245642936619377,0.18181818181818182,0.0,345.0,0.0,0.0,21650069.0
NORTH GOA(DISTRICT COLLECTOR NORTH GOA_IDA),2025Q4,7,6.301029995663981,0.2857142857142857,0.0,345.0,0.0,0.0,12915238.0
NORTH GOA(DISTRICT COLLECTOR NORTH GOA_IDA),2026Q1,9,6.282667420319751,0.2222222222222222,0.0,345.0,0.0,0.0,13324290.0
NORTH WEST(COMMISSIONER NORTH WEST),2020Q1,2,5.414477802615225,0.0,0.0,345.0,0.0,0.0,519407.0
NORTH WEST(COMMISSIONER NORTH WEST),2021Q3,1,5.746844290604291,0.0,1.0,1725.0,0.0,0.0,558270.0
NORTH WEST(COMMISSIONER NORTH WEST),2022Q3,3,6.043017456767955,0.0,0.6666666666666666,1304.0,0.0,0.0,2935122.0
NORTH WEST(COMMISSIONER NORTH WEST),2023Q1,16,5.881989736304271,0.0,0.1875,1092.0,0.0,0.0,15127737.0
NORTH WEST(COMMISSIONER NORTH WEST),2023Q3,60,5.80692205105329,0.016666666666666666,0.5333333333333333,920.0,0.0,0.0,42287465.0
NORTH WEST(COMMISSIONER NORTH WEST),2023Q4,7,5.931212175635482,0.14285714285714285,0.0,345.0,0.0,0.0,6341985.0
NORTH WEST(COMMISSIONER NORTH WEST),2024Q1,4,5.525359070654736,0.0,0.0,345.0,0.0,0.0,1419525.0
NORTH WEST(COMMISSIONER NORTH WEST),2025Q1,17,5.923042372118651,0.0,0.058823529411764705,365.0,0.0,0.0,15452911.0
NORTH WEST(COMMISSIONER NORTH WEST),2025Q2,2,5.651345382581837,0.0,0.0,345.0,0.0,0.0,896139.0
NORTH WEST(COMMISSIONER NORTH WEST),2025Q3,19,5.521143316136153,0.0,0.21052631578947367,266.5,0.0,0.0,13737097.0
NORTH WEST(COMMISSIONER NORTH WEST),2025Q4,13,6.053516360420291,0.0,0.0,345.0,0.0,0.0,25525196.0
NORTH WEST(COMMISSIONER NORTH WEST),2026Q1,25,5.7334035260666685,0.0,0.0,345.0,0.0,0.0,33280229.0
NORTH(COMMISSIONER MCD NORTH_IDA),2019Q4,1,5.343262819719487,0.0,0.0,345.0,0.0,0.0,220426.0
NORTH(COMMISSIONER MCD NORTH_IDA),2022Q3,1,6.314372900009328,0.0,0.0,345.0,0.0,0.0,2062400.0
NORTH(COMMISSIONER MCD NORTH_IDA),2023Q1,1,6.154388059402101,0.0,0.0,345.0,0.0,0.0,1426882.0
NORTH(COMMISSIONER MCD NORTH_IDA),2023Q2,11,5.721893016214957,0.0,0.09090909090909091,1147.0,0.0,0.0,6751769.0
NORTH(COMMISSIONER MCD NORTH_IDA),2023Q3,13,5.983236013453205,0.0,0.38461538461538464,958.0,0.0,0.0,11006631.0
NORTH(COMMISSIONER MCD NORTH_IDA),2023Q4,7,5.997487300262493,0.0,0.42857142857142855,827.0,0.0,0.0,7833864.0
NORTH(COMMISSIONER MCD NORTH_IDA),2024Q1,140,5.781883131756525,0.007142857142857143,0.42857142857142855,698.0,0.014285714285714285,0.0,116095671.0
NORTH(COMMISSIONER MCD NORTH_IDA),2025Q1,19,5.686743489231213,0.0,0.3157894736842105,361.0,0.0,0.0,11162373.0
NORTH(COMMISSIONER MCD NORTH_IDA),2025Q2,11,5.913788429523612,0.0,0.0,345.0,0.0,0.0,10453063.0
NORTH(COMMISSIONER MCD NORTH_IDA),2025Q3,1,6.3979400086720375,1.0,0.0,345.0,0.0,0.0,2500000.0
NORTH(COMMISSIONER MCD NORTH_IDA),2025Q4,10,6.111668214652146,0.1,0.0,345.0,0.0,0.0,12196521.629999999
NORTH(COMMISSIONER MCD NORTH_IDA),2026Q1,2,5.830963783259288,0.0,0.0,345.0,0.0,0.0,1355170.0
NTR(DISTRICT COLLECTOR NTR_IDA),2023Q4,5,5.691735536890352,0.2,0.8,829.0,0.0,0.0,4406144.0
NTR(DISTRICT COLLECTOR NTR_IDA),2024Q1,87,5.379174937776421,0.0,1.0,691.0,0.0,0.0,54126153.0
NTR(DISTRICT COLLECTOR NTR_IDA),2024Q4,4,5.698970004336019,1.0,0.25,415.0,0.0,0.0,6500000.0
NTR(DISTRICT COLLECTOR NTR_IDA),2025Q2,8,5.698524189455424,0.5,0.5,304.5,0.0,0.0,3826148.0
NTR(DISTRICT COLLECTOR NTR_IDA),2025Q3,15,5.698970004336019,0.7333333333333333,0.26666666666666666,231.0,0.0,0.0,12583158.0
NTR(DISTRICT COLLECTOR NTR_IDA),2025Q4,11,6.301029995663981,0.8181818181818182,0.0,345.0,0.0,0.0,33863000.0
NTR(DISTRICT COLLECTOR NTR_IDA),2026Q1,8,5.698970004336019,0.875,0.0,345.0,0.0,0.0,7369000.0
NUAPADA(DISTRICT COLLECTOR  NUAPADA_IDA),2023Q4,37,5.477121254719663,1.0,0.5945945945945946,800.0,0.0,0.0,11900000.0
NUAPADA(DISTRICT COLLECTOR  NUAPADA_IDA),2024Q1,102,5.3979400086720375,0.9901960784313726,0.6274509803921569,737.0,0.0,0.0,25797000.0
NUAPADA(DISTRICT COLLECTOR  NUAPADA_IDA),2024Q4,3,5.301029995663981,1.0,0.6666666666666666,451.0,0.0,0.0,600000.0
NUAPADA(DISTRICT COLLECTOR  NUAPADA_IDA),2025Q1,6,5.477121254719663,1.0,0.8333333333333334,370.0,0.0,0.0,1900000.0
NUAPADA(DISTRICT COLLECTOR  NUAPADA_IDA),2025Q2,19,5.313867220369153,0.0,0.0,345.0,0.0,0.0,3914000.0
NUAPADA(DISTRICT COLLECTOR  NUAPADA_IDA),2026Q1,29,5.3979400086720375,1.0,0.0,345.0,0.896551724137931,0.0,10300000.0
NUH(Deputy Commissioner Nuh),2023Q3,4,5.9661417327390325,0.75,0.0,345.0,0.0,0.0,3907000.0
NUH(Deputy Commissioner Nuh),2023Q4,1,6.120902817614527,0.0,0.0,345.0,0.0,0.0,1321000.0
NUH(Deputy Commissioner Nuh),2024Q1,6,6.0,1.0,0.0,345.0,0.0,0.0,5200000.0
NUH(Deputy Commissioner Nuh),2025Q2,1,5.507855871695831,0.0,0.0,345.0,0.0,0.0,322000.0
"Namchi(IMPLEMENTING DISTRICT AGENCY, NAMCHI)",2023Q3,2,6.3979400086720375,1.0,0.0,345.0,0.0,0.0,5000000.0
"Namchi(IMPLEMENTING DISTRICT AGENCY, NAMCHI)",2024Q1,1,6.176091259055681,1.0,0.0,345.0,0.0,0.0,1500000.0
"Namchi(IMPLEMENTING DISTRICT AGENCY, NAMCHI)",2025Q2,3,6.0,1.0,0.0,345.0,0.0,0.0,2650000.0
"Namchi(IMPLEMENTING DISTRICT AGENCY, NAMCHI)",2025Q4,1,5.845098040014257,1.0,0.0,345.0,0.0,0.0,700000.0
Nandyal(DISTRICT COLLECTOR NANDYAL_IDA),2023Q3,1,5.447158031342219,0.0,0.0,345.0,0.0,0.0,280000.0
Nandyal(DISTRICT COLLECTOR NANDYAL_IDA),2023Q4,132,5.696649897067484,0.09090909090909091,0.8863636363636364,827.0,0.0,0.0,81557010.87
Nandyal(DISTRICT COLLECTOR NANDYAL_IDA),2024Q1,24,5.303835145006948,0.25,0.7916666666666666,729.0,0.0,0.0,6554918.0
Nandyal(DISTRICT COLLECTOR NANDYAL_IDA),2024Q4,65,5.698282406432186,0.4461538461538462,0.5538461538461539,458.0,0.09230769230769231,0.0,30533837.0
Nandyal(DISTRICT COLLECTOR NANDYAL_IDA),2025Q1,9,5.691694025489647,0.0,1.0,393.0,0.0,0.0,5889555.0
Nandyal(DISTRICT COLLECTOR NANDYAL_IDA),2025Q2,4,5.698970004336019,0.75,0.0,345.0,0.0,0.0,2999771.0
Nandyal(DISTRICT COLLECTOR NANDYAL_IDA),2025Q3,21,5.4273156686275135,0.23809523809523808,0.7142857142857143,185.0,0.09523809523809523,0.0,7915808.0
Nandyal(DISTRICT COLLECTOR NANDYAL_IDA),2025Q4,15,5.698970004336019,0.4666666666666667,0.5333333333333333,148.0,0.0,0.0,7307156.0
Nandyal(DISTRICT COLLECTOR NANDYAL_IDA),2026Q1,22,5.698970004336019,0.9090909090909091,0.045454545454545456,132.0,0.0,0.0,14269154.0
Narayanpet(DISTRICT COLLECTOR NARAYANPET_IDA),2024Q1,79,5.301029995663981,0.9620253164556962,0.0,345.0,0.0,0.0,37034360.0
Narayanpet(DISTRICT COLLECTOR NARAYANPET_IDA),2024Q3,1,6.0,1.0,0.0,345.0,0.0,0.0,1000000.0
Narayanpet(DISTRICT COLLECTOR NARAYANPET_IDA),2024Q4,4,6.096910013008056,1.0,0.0,345.0,0.0,0.0,6500000.0
Narayanpet(DISTRICT COLLECTOR NARAYANPET_IDA),2025Q1,32,5.3979400086720375,1.0,0.0,345.0,0.0625,0.0,9350000.0
Narayanpet(DISTRICT COLLECTOR NARAYANPET_IDA),2025Q2,18,6.0,1.0,0.0,345.0,0.0,0.0,13750000.0
Narayanpet(DISTRICT COLLECTOR NARAYANPET_IDA),2025Q3,20,5.3979400086720375,1.0,0.0,345.0,0.0,0.0,7550000.0
Narayanpet(DISTRICT COLLECTOR NARAYANPET_IDA),2025Q4,30,5.698970004336019,1.0,0.0,345.0,0.0,0.0,14050000.0
Narayanpet(DISTRICT COLLECTOR NARAYANPET_IDA),2026Q1,22,5.3979400086720375,1.0,0.0,345.0,0.09090909090909091,0.0,7200000.0
Narsimhapur(DISTRICT COLLECTOR NARSINGHPUR_IDA),2023Q2,6,5.7558748556724915,0.8333333333333334,0.16666666666666666,1026.0,0.0,0.0,3140000.0
Narsimhapur(DISTRICT COLLECTOR NARSINGHPUR_IDA),2023Q3,126,5.146128035678238,0.7142857142857143,0.4523809523809524,897.0,0.25396825396825395,0.0,21982058.0
Narsimhapur(DISTRICT COLLECTOR NARSINGHPUR_IDA),2023Q4,143,5.176091259055681,0.8601398601398601,0.26573426573426573,827.0,0.15384615384615385,0.0,31208000.0
Narsimhapur(DISTRICT COLLECTOR NARSINGHPUR_IDA),2024Q1,4,5.544068044350276,1.0,0.5,815.0,0.0,0.0,2800000.0
Narsimhapur(DISTRICT COLLECTOR NARSINGHPUR_IDA),2024Q3,6,5.096910013008056,0.6666666666666666,0.16666666666666666,611.0,0.0,0.0,1570600.0
Narsimhapur(DISTRICT COLLECTOR NARSINGHPUR_IDA),2024Q4,14,5.574031267727719,0.5714285714285714,0.07142857142857142,77.0,0.0,0.0,5985884.0
Narsimhapur(DISTRICT COLLECTOR NARSINGHPUR_IDA),2025Q1,78,5.243038048686294,0.9871794871794872,0.02564102564102564,435.0,0.0,0.0,23305000.0
Narsimhapur(DISTRICT COLLECTOR NARSINGHPUR_IDA),2025Q2,22,5.301029995663981,0.8636363636363636,0.09090909090909091,401.0,0.0,0.0,5939235.0
Narsimhapur(DISTRICT COLLECTOR NARSINGHPUR_IDA),2025Q3,16,5.242750078034613,0.9375,0.125,163.0,0.0,0.0,3999768.0
Narsimhapur(DISTRICT COLLECTOR NARSINGHPUR_IDA),2025Q4,29,5.301029995663981,0.8275862068965517,0.0,345.0,0.0,0.0,11225000.0
Narsimhapur(DISTRICT COLLECTOR NARSINGHPUR_IDA),2026Q1,65,5.301029995663981,0.9692307692307692,0.0,345.0,0.0,0.0,15059112.0
Neem Ka Thana(DISTRICT COLLECTOR Neem Ka Thana_IDA),2023Q3,2,5.4943174239204575,0.0,0.5,902.0,0.0,0.0,624234.0
Neem Ka Thana(DISTRICT COLLECTOR Neem Ka Thana_IDA),2024Q1,6,5.876514295525569,0.16666666666666666,0.8333333333333334,777.0,0.0,0.0,4284207.0
Neem Ka Thana(DISTRICT COLLECTOR Neem Ka Thana_IDA),2024Q3,4,5.812673760453119,0.0,0.25,542.0,0.0,0.0,2586307.0
Neem Ka Thana(DISTRICT COLLECTOR Neem Ka Thana_IDA),2024Q4,9,5.698970004336019,0.7777777777777778,0.2222222222222222,452.5,0.0,0.0,4699359.0
Neem Ka Thana(DISTRICT COLLECTOR Neem Ka Thana_IDA),2025Q1,10,5.69896957004132,0.5,0.1,401.0,0.0,0.0,5388071.0
Neem Ka Thana(DISTRICT COLLECTOR Neem Ka Thana_IDA),2025Q2,9,5.698970004336019,0.6666666666666666,0.2222222222222222,271.0,0.0,0.0,5361547.0
Nirmal(DISTRICT COLLECTOR NIRMAL_3),2023Q1,3,5.176091259055681,1.0,0.0,345.0,0.0,0.0,550000.0
Nirmal(DISTRICT COLLECTOR NIRMAL_3),2023Q3,17,5.301029995663981,1.0,0.0,345.0,0.0,0.0,4750000.0
Nirmal(DISTRICT COLLECTOR NIRMAL_3),2023Q4,1,5.698970004336019,1.0,0.0,345.0,0.0,0.0,500000.0
Nirmal(DISTRICT COLLECTOR NIRMAL_3),2024Q1,26,5.653212513775344,0.9230769230769231,0.0,345.0,0.0,0.0,9430000.0
Nirmal(DISTRICT COLLECTOR NIRMAL_3),2025Q2,48,5.352182518111363,0.8333333333333334,0.0,345.0,0.0,0.0,13445000.0
Nirmal(DISTRICT COLLECTOR NIRMAL_3),2025Q3,8,5.698965661369485,0.875,0.125,229.0,0.0,0.0,2999990.0
Nirmal(DISTRICT COLLECTOR NIRMAL_3),2025Q4,4,5.698970004336019,1.0,0.0,345.0,0.0,0.0,2000000.0
Nirmal(DISTRICT COLLECTOR NIRMAL_3),2026Q1,17,5.698970004336019,1.0,0.0,345.0,0.0,0.0,12200000.0
Niwari(District Collector Niwari_IDA),2023Q3,41,5.3979400086720375,0.8780487804878049,0.0,345.0,0.8536585365853658,0.0,13860000.0
Niwari(District Collector Niwari_IDA),2024Q1,2,5.292256071356476,0.5,0.0,345.0,0.0,0.0,392000.0
Niwari(District Collector Niwari_IDA),2024Q4,11,6.079181246047625,1.0,0.0,345.0,0.5454545454545454,0.0,12550000.0
Niwari(District Collector Niwari_IDA),2025Q3,40,5.317306837038121,0.0,0.0,345.0,0.975,0.0,8305520.0
Niwari(District Collector Niwari_IDA),2026Q1,2,5.477121254719663,1.0,0.0,345.0,0.0,0.0,600000.0
Noklak(Deputy Commissioner Noklak_IDA),2025Q3,1,6.0,1.0,1.0,189.0,0.0,0.0,1000000.0
North 24 Parganas(DISTRICT MAGISTRATE NORTH TWENTY FOUR PARGANAS_IDA),2023Q2,57,5.986508391394092,0.3333333333333333,0.6842105263157895,865.0,0.2631578947368421,0.0,96720520.0
North 24 Parganas(DISTRICT MAGISTRATE NORTH TWENTY FOUR PARGANAS_IDA),2023Q3,75,5.903089986991944,0.48,0.4533333333333333,805.0,0.06666666666666667,0.0,79021485.0
North 24 Parganas(DISTRICT MAGISTRATE NORTH TWENTY FOUR PARGANAS_IDA),2023Q4,46,6.03229916691873,0.4782608695652174,0.5652173913043478,700.0,0.0,0.0,82493771.0
North 24 Parganas(DISTRICT MAGISTRATE NORTH TWENTY FOUR PARGANAS_IDA),2024Q1,90,6.230173568045018,0.5111111111111111,0.37777777777777777,634.0,0.0,0.0,153413715.0
North 24 Parganas(DISTRICT MAGISTRATE NORTH TWENTY FOUR PARGANAS_IDA),2024Q3,81,5.7558748556724915,0.4074074074074074,0.09876543209876543,419.0,0.4444444444444444,0.0,83613798.0
North 24 Parganas(DISTRICT MAGISTRATE NORTH TWENTY FOUR PARGANAS_IDA),2024Q4,36,5.570719190314048,0.2777777777777778,0.08333333333333333,309.0,0.3611111111111111,0.0,58143170.0
North 24 Parganas(DISTRICT MAGISTRATE NORTH TWENTY FOUR PARGANAS_IDA),2025Q1,17,6.0,0.4117647058823529,0.47058823529411764,245.0,0.0,0.0,33877406.0
North 24 Parganas(DISTRICT MAGISTRATE NORTH TWENTY FOUR PARGANAS_IDA),2025Q2,107,5.681241237375588,0.42990654205607476,0.09345794392523364,283.0,0.3644859813084112,0.0,88554358.0
North 24 Parganas(DISTRICT MAGISTRATE NORTH TWENTY FOUR PARGANAS_IDA),2025Q3,17,5.942008053022313,0.17647058823529413,0.0,345.0,0.0,0.0,44733559.0
North 24 Parganas(DISTRICT MAGISTRATE NORTH TWENTY FOUR PARGANAS_IDA),2025Q4,15,5.698970004336019,0.4,0.0,345.0,0.0,0.0,9632151.0
North 24 Parganas(DISTRICT MAGISTRATE NORTH TWENTY FOUR PARGANAS_IDA),2026Q1,29,6.041392685158225,0.8275862068965517,0.0,345.0,0.0,0.0,62161000.0
North Tripura(DISTRICT MAGISTRATE and COLLECTOR NORTH TRIPURA DISTRICT_IDA),2025Q1,1,6.7639563132959895,0.0,0.0,345.0,0.0,0.0,5807060.0
North Tripura(DISTRICT MAGISTRATE and COLLECTOR NORTH TRIPURA DISTRICT_IDA),2026Q1,1,6.0,1.0,0.0,345.0,0.0,0.0,1000000.0
PAKUR(Deputy Commissioner Pakur_IDA),2024Q1,299,5.303196057420489,0.13712374581939799,0.0,345.0,0.0,0.0,68808000.0
PAKUR(Deputy Commissioner Pakur_IDA),2025Q3,150,5.303196057420489,0.07333333333333333,0.0,345.0,0.0,0.0,30189000.0
PAKUR(Deputy Commissioner Pakur_IDA),2025Q4,94,5.303196057420489,0.1276595744680851,0.0,345.0,0.0,0.0,22282000.0
PALAKKAD(DISTRICT COLLECTOR PALAKKAD_IDA),2023Q3,1,6.301029995663981,1.0,0.0,345.0,0.0,0.0,2000000.0
PALAKKAD(DISTRICT COLLECTOR PALAKKAD_IDA),2024Q1,421,5.2338815742123455,0.04513064133016627,0.9572446555819477,465.0,0.0,0.052256532066508314,146261326.0
PALAKKAD(DISTRICT COLLECTOR PALAKKAD_IDA),2024Q2,3,6.301029995663981,0.6666666666666666,0.3333333333333333,227.0,0.0,0.0,5260770.0
PALAKKAD(DISTRICT COLLECTOR PALAKKAD_IDA),2024Q3,7,5.653212513775344,0.14285714285714285,0.8571428571428571,364.0,0.0,0.2857142857142857,5179232.0
PALAKKAD(DISTRICT COLLECTOR PALAKKAD_IDA),2024Q4,114,5.301029995663981,0.37719298245614036,0.5087719298245614,404.5,0.0,0.0,54862576.0
PALAKKAD(DISTRICT COLLECTOR PALAKKAD_IDA),2025Q1,58,5.342422680822207,0.5344827586206896,0.05172413793103448,391.0,0.0,0.0,21594554.0
PALAKKAD(DISTRICT COLLECTOR PALAKKAD_IDA),2025Q2,38,5.528016341189201,0.42105263157894735,0.13157894736842105,66.0,0.0,0.0,38932069.0
PALAKKAD(DISTRICT COLLECTOR PALAKKAD_IDA),2025Q3,22,5.954242509439325,0.8181818181818182,0.18181818181818182,171.0,0.0,0.0,53233530.0
PALAKKAD(DISTRICT COLLECTOR PALAKKAD_IDA),2025Q4,128,5.301029995663981,0.953125,0.0390625,82.0,0.0,0.0,47259130.0
PALAKKAD(DISTRICT COLLECTOR PALAKKAD_IDA),2026Q1,28,5.628388930050312,0.75,0.03571428571428571,125.0,0.0,0.0,12673324.0
PALAMU(DEPUTY COMMISSIONER PALAMAU_IDA),2023Q4,74,5.476831628512261,0.06756756756756757,0.9864864864864865,239.0,0.0,0.0,24900377.0
PALAMU(DEPUTY COMMISSIONER PALAMAU_IDA),2024Q1,25,5.476831628512261,0.04,1.0,541.0,0.0,0.0,7984766.0
PALAMU(DEPUTY COMMISSIONER PALAMAU_IDA),2025Q1,31,5.652826302561005,0.25806451612903225,0.5806451612903226,183.5,0.0,0.0,13439967.0
PALAMU(DEPUTY COMMISSIONER PALAMAU_IDA),2025Q2,13,5.6020599913279625,0.5384615384615384,0.07692307692307693,354.0,0.0,0.0,5947025.0
PALAMU(DEPUTY COMMISSIONER PALAMAU_IDA),2025Q3,39,5.652826302561005,0.2564102564102564,0.3333333333333333,221.0,0.0,0.0,17138300.0
PALAMU(DEPUTY COMMISSIONER PALAMAU_IDA),2025Q4,92,5.3979400086720375,0.717391304347826,0.06521739130434782,178.0,0.0,0.0,30961587.0
PALAMU(DEPUTY COMMISSIONER PALAMAU_IDA),2026Q1,28,5.628184508073413,0.4642857142857143,0.0,345.0,0.0,0.0,12336000.0
PALGHAR(DISTRICT COLLECTOR PALGHAR_IDA),2022Q2,20,5.996337832014173,0.3,0.35,1159.0,0.0,0.0,17244190.0
PALGHAR(DISTRICT COLLECTOR PALGHAR_IDA),2023Q2,39,5.999565488225982,0.38461538461538464,0.46153846153846156,765.5,0.0,0.0,42989008.0
PALGHAR(DISTRICT COLLECTOR PALGHAR_IDA),2024Q1,31,5.995989504516372,0.25806451612903225,0.8064516129032258,482.0,0.1935483870967742,0.22580645161290322,36086900.0
PALGHAR(DISTRICT COLLECTOR PALGHAR_IDA),2025Q2,3,6.0,0.6666666666666666,0.0,345.0,0.0,0.0,2999000.0
PALGHAR(DISTRICT COLLECTOR PALGHAR_IDA),2025Q3,62,6.0,1.0,0.0,345.0,0.0,0.0,56750000.0
PALGHAR(DISTRICT COLLECTOR PALGHAR_IDA),2025Q4,6,6.0,1.0,0.0,345.0,0.0,0.0,8000000.0
PALGHAR(DISTRICT COLLECTOR PALGHAR_IDA),2026Q1,9,6.0,1.0,0.0,345.0,0.0,0.0,9000000.0
PALI(DISTRICT COLLECTOR PALI_IDA),2023Q3,109,5.698314593953583,0.1743119266055046,0.6880733944954128,729.0,0.0,0.0,51753888.0
PALI(DISTRICT COLLECTOR PALI_IDA),2024Q1,17,5.6988926930373305,0.058823529411764705,1.0,586.0,0.0,0.0,13405260.0
PALI(DISTRICT COLLECTOR PALI_IDA),2024Q3,1,6.353531559077762,0.0,0.0,345.0,0.0,0.0,2257000.0
PALI(DISTRICT COLLECTOR PALI_IDA),2024Q4,2,5.6983311217537915,0.0,1.0,389.5,0.0,0.0,998530.0
PALI(DISTRICT COLLECTOR PALI_IDA),2025Q1,22,5.698970004336019,0.9090909090909091,0.09090909090909091,331.0,0.09090909090909091,0.0,13048458.0
PALI(DISTRICT COLLECTOR PALI_IDA),2025Q2,17,5.845098040014257,0.7058823529411765,0.23529411764705882,183.0,0.058823529411764705,0.0,13969955.0
PALI(DISTRICT COLLECTOR PALI_IDA),2025Q3,23,5.698970004336019,0.7391304347826086,0.2608695652173913,145.5,0.0,0.0,16882755.0
PALI(DISTRICT COLLECTOR PALI_IDA),2025Q4,5,5.845098040014257,0.8,0.2,74.0,0.0,0.0,4910924.0
PALI(DISTRICT COLLECTOR PALI_IDA),2026Q1,16,5.977723605288848,1.0,0.0,345.0,0.125,0.0,21600000.0
PALWAL(CEO DRDA MPLADS PALWAL),2024Q1,88,5.793790384690818,0.17045454545454544,0.09090909090909091,638.0,0.0,0.0,76679103.0
PALWAL(CEO DRDA MPLADS PALWAL),2025Q2,3,5.185561985199891,0.3333333333333333,0.0,345.0,0.0,0.0,2235779.0
PALWAL(CEO DRDA MPLADS PALWAL),2025Q4,15,5.681241237375588,0.06666666666666667,0.0,345.0,0.0,0.0,6682166.0
PALWAL(CEO DRDA MPLADS PALWAL),2026Q1,13,5.7160033436347994,0.38461538461538464,0.0,345.0,0.0,0.0,9816000.0
PANCH MAHALS(DISTRICT COLLECTOR PANCHMAHALS_IDA),2023Q3,25,5.0,0.84,0.2,881.0,0.0,0.0,8220000.0
PANCH MAHALS(DISTRICT COLLECTOR PANCHMAHALS_IDA),2023Q4,89,5.0,0.898876404494382,0.5730337078651685,761.0,0.0449438202247191,0.0,13857380.0
PANCH MAHALS(DISTRICT COLLECTOR PANCHMAHALS_IDA),2024Q1,61,5.0,0.6557377049180327,0.14754098360655737,726.0,0.0,0.0,9369900.0
PANCH MAHALS(DISTRICT COLLECTOR PANCHMAHALS_IDA),2024Q3,1,6.698970004336019,1.0,0.0,345.0,0.0,0.0,5000000.0
PANCH MAHALS(DISTRICT COLLECTOR PANCHMAHALS_IDA),2024Q4,1,5.301029995663981,1.0,0.0,345.0,0.0,0.0,200000.0
PANCH MAHALS(DISTRICT COLLECTOR PANCHMAHALS_IDA),2025Q1,199,5.0,0.8090452261306532,0.09547738693467336,311.0,0.24120603015075376,0.0,42884200.0
PANCH MAHALS(DISTRICT COLLECTOR PANCHMAHALS_IDA),2025Q2,37,5.477121254719663,0.8108108108108109,0.2702702702702703,225.0,0.32432432432432434,0.0,12000000.0
PANCH MAHALS(DISTRICT COLLECTOR PANCHMAHALS_IDA),2025Q3,190,5.204119982655925,0.4631578947368421,0.05789473684210526,179.0,0.1368421052631579,0.0,38878864.0
PANCH MAHALS(DISTRICT COLLECTOR PANCHMAHALS_IDA),2025Q4,52,5.692406234833631,0.8269230769230769,0.21153846153846154,141.0,0.038461538461538464,0.0,20225000.0
PANCH MAHALS(DISTRICT COLLECTOR PANCHMAHALS_IDA),2026Q1,104,5.301029995663981,0.6346153846153846,0.0,345.0,0.0,0.0,28924100.0
PANCHKULA(DRDA PANCHKULA),2025Q2,18,6.054804500220955,0.16666666666666666,0.0,345.0,0.2222222222222222,0.0,20249949.0
PANCHKULA(DRDA PANCHKULA),2025Q3,15,5.740362689494244,0.4666666666666667,0.0,345.0,0.0,0.0,8435436.0
PANCHKULA(DRDA PANCHKULA),2025Q4,49,6.021189299069938,0.46938775510204084,0.0,345.0,0.5306122448979592,0.0,52681030.0
PANCHKULA(DRDA PANCHKULA),2026Q1,9,6.021189299069938,0.7777777777777778,0.0,345.0,0.3333333333333333,0.0,11147010.0
PANIPAT(DC CUM NODAL OFFICER MPLADS),2023Q4,43,5.698970004336019,0.7209302325581395,0.18604651162790697,782.0,0.0,0.0,28689245.0
PANIPAT(DC CUM NODAL OFFICER MPLADS),2024Q1,11,6.0,0.45454545454545453,0.0,345.0,0.5454545454545454,0.0,14566040.0
PANIPAT(DC CUM NODAL OFFICER MPLADS),2025Q1,1,6.687615633106887,0.0,0.0,345.0,0.0,0.0,4870972.0
PANIPAT(DC CUM NODAL OFFICER MPLADS),2025Q2,4,6.0515383905153275,0.5,0.0,345.0,0.0,0.0,4252000.0
PANIPAT(DC CUM NODAL OFFICER MPLADS),2025Q3,1,6.34752515999869,0.0,0.0,345.0,0.0,0.0,2226000.0
PANIPAT(DC CUM NODAL OFFICER MPLADS),2025Q4,10,5.784617292632875,0.6,0.0,345.0,0.0,0.0,15420764.0
PANNA(DISTRICT COLLECTOR PANNA_IDA),2023Q4,3,6.301029995663981,0.6666666666666666,1.0,839.0,0.0,0.0,5889289.0
PANNA(DISTRICT COLLECTOR PANNA_IDA),2024Q1,33,6.0,0.8181818181818182,0.7272727272727273,161.5,0.0,0.0,33749754.0
PANNA(DISTRICT COLLECTOR PANNA_IDA),2024Q4,3,6.176091259055681,0.3333333333333333,1.0,207.0,0.0,0.0,4909947.0
PANNA(DISTRICT COLLECTOR PANNA_IDA),2025Q1,1,6.3979400086720375,1.0,0.0,345.0,1.0,0.0,2500000.0
PANNA(DISTRICT COLLECTOR PANNA_IDA),2025Q3,2,7.02530586526477,1.0,0.0,345.0,0.0,0.0,21200000.0
PANNA(DISTRICT COLLECTOR PANNA_IDA),2025Q4,2,6.3979400086720375,1.0,0.0,345.0,0.0,0.0,5000000.0
PANNA(DISTRICT COLLECTOR PANNA_IDA),2026Q1,4,6.068185861746161,0.5,0.0,345.0,0.25,0.0,5080000.0
PAPUM PARE(DEPUTY COMMISSIONER PAPUM PARE_IDA),2023Q3,28,6.0,0.8214285714285714,0.9285714285714286,919.0,0.0,0.0,41462659.0
PAPUM PARE(DEPUTY COMMISSIONER PAPUM PARE_IDA),2023Q4,44,5.649334858712142,0.8863636363636364,1.0,789.0,0.0,0.0,22656900.0
PAPUM PARE(DEPUTY COMMISSIONER PAPUM PARE_IDA),2024Q1,5,5.698970004336019,1.0,1.0,776.0,0.0,0.0,4000000.0
PAPUM PARE(DEPUTY COMMISSIONER PAPUM PARE_IDA),2024Q3,29,6.0,0.7241379310344828,1.0,583.0,0.0,0.0,47905218.0
PAPUM PARE(DEPUTY COMMISSIONER PAPUM PARE_IDA),2025Q2,27,5.999839281306904,0.7037037037037037,0.9259259259259259,150.0,0.0,0.0,40694319.0
PAPUM PARE(DEPUTY COMMISSIONER PAPUM PARE_IDA),2025Q3,22,5.6020599913279625,0.7727272727272727,0.9090909090909091,187.0,0.0,0.0,14630369.0
PAPUM PARE(DEPUTY COMMISSIONER PAPUM PARE_IDA),2026Q1,9,5.698970004336019,0.7777777777777778,0.8888888888888888,67.0,0.0,0.0,5799919.0
PARBHANI(DISTRICT COLLECTOR PARBHANI_IDA),2023Q3,2,5.926574968616816,0.0,0.5,927.0,0.0,0.0,1688904.0
PARBHANI(DISTRICT COLLECTOR PARBHANI_IDA),2023Q4,61,5.844614463172061,0.09836065573770492,0.9180327868852459,173.0,0.0,0.03278688524590164,47162526.0
PARBHANI(DISTRICT COLLECTOR PARBHANI_IDA),2024Q1,50,5.6989404713071155,0.02,0.94,178.0,0.0,0.02,31808733.0
PARBHANI(DISTRICT COLLECTOR PARBHANI_IDA),2024Q3,15,5.99995830572838,0.0,0.8666666666666667,344.0,0.2,0.0,20482244.0
PARBHANI(DISTRICT COLLECTOR PARBHANI_IDA),2024Q4,19,5.844986970509392,0.05263157894736842,0.6842105263157895,286.0,0.0,0.0,13983142.0
PARBHANI(DISTRICT COLLECTOR PARBHANI_IDA),2025Q1,8,6.091167143528821,0.0,0.5,191.0,0.0,0.0,17863843.0
PARBHANI(DISTRICT COLLECTOR PARBHANI_IDA),2025Q2,3,5.99986361011835,0.3333333333333333,0.6666666666666666,82.0,0.0,0.0,4499372.0
PARBHANI(DISTRICT COLLECTOR PARBHANI_IDA),2025Q3,4,6.3979400086720375,0.75,0.0,345.0,0.0,0.0,11999656.0
PARBHANI(DISTRICT COLLECTOR PARBHANI_IDA),2025Q4,11,5.845098040014257,1.0,0.0,345.0,0.0,0.0,9700000.0
PARBHANI(DISTRICT COLLECTOR PARBHANI_IDA),2026Q1,15,6.0,1.0,0.0,345.0,0.0,0.0,13800000.0
PASCHIM BARDHAMAN(DISTRICT MAGISTRATE PASCHIM BARDHAMAN_IDA),2023Q4,68,5.698970004336019,0.4117647058823529,0.1323529411764706,840.0,0.22058823529411764,0.0,57843511.0
PASCHIM BARDHAMAN(DISTRICT MAGISTRATE PASCHIM BARDHAMAN_IDA),2024Q1,42,5.6020599913279625,0.5,0.07142857142857142,695.0,0.2619047619047619,0.0,30525011.0
PASCHIM BARDHAMAN(DISTRICT MAGISTRATE PASCHIM BARDHAMAN_IDA),2024Q4,18,6.165244326125311,0.6111111111111112,0.05555555555555555,271.0,0.05555555555555555,0.0,30346239.0
PASCHIM BARDHAMAN(DISTRICT MAGISTRATE PASCHIM BARDHAMAN_IDA),2025Q2,17,6.477121254719663,0.23529411764705882,0.0,345.0,0.0,0.0,67739068.0
PASCHIM BARDHAMAN(DISTRICT MAGISTRATE PASCHIM BARDHAMAN_IDA),2025Q3,3,6.079181246047625,0.6666666666666666,0.0,345.0,0.0,0.0,3564000.0
PASCHIM BARDHAMAN(DISTRICT MAGISTRATE PASCHIM BARDHAMAN_IDA),2025Q4,24,5.662232584333457,0.0,0.0,345.0,0.0,0.0,22659016.0
PASCHIM BARDHAMAN(DISTRICT MAGISTRATE PASCHIM BARDHAMAN_IDA),2026Q1,2,5.929418925714293,1.0,0.0,345.0,0.0,0.0,1700000.0
PASHCHIM CHAMPARAN(DISTRICT PLANNING OFFICER WEST CHAMPARANBETTIAH_IDA),2023Q3,92,5.970811610872518,0.010869565217391304,0.9891304347826086,655.0,0.29347826086956524,0.010869565217391304,84270600.0
PASHCHIM CHAMPARAN(DISTRICT PLANNING OFFICER WEST CHAMPARANBETTIAH_IDA),2023Q4,79,5.6965014206186835,0.05063291139240506,0.9493670886075949,652.0,0.0,0.0,40484372.0
PASHCHIM CHAMPARAN(DISTRICT PLANNING OFFICER WEST CHAMPARANBETTIAH_IDA),2024Q1,49,5.695122534611543,0.04081632653061224,0.9183673469387755,572.0,0.02040816326530612,0.0,26087181.0
PASHCHIM CHAMPARAN(DISTRICT PLANNING OFFICER WEST CHAMPARANBETTIAH_IDA),2024Q4,64,5.778102027553015,0.125,0.765625,266.0,0.0,0.0,47170614.0
PASHCHIM CHAMPARAN(DISTRICT PLANNING OFFICER WEST CHAMPARANBETTIAH_IDA),2025Q1,27,5.9344984512435675,0.037037037037037035,0.9259259259259259,349.0,0.0,0.0,23827109.0
PASHCHIM CHAMPARAN(DISTRICT PLANNING OFFICER WEST CHAMPARANBETTIAH_IDA),2025Q2,35,5.90247502511184,0.17142857142857143,0.6857142857142857,236.0,0.0,0.0,30973317.0
PASHCHIM CHAMPARAN(DISTRICT PLANNING OFFICER WEST CHAMPARANBETTIAH_IDA),2025Q3,62,5.698970004336019,0.1935483870967742,0.6451612903225806,219.0,0.5967741935483871,0.0,39626969.0
PASHCHIM CHAMPARAN(DISTRICT PLANNING OFFICER WEST CHAMPARANBETTIAH_IDA),2025Q4,23,5.777282516945095,0.2608695652173913,0.5652173913043478,155.0,0.21739130434782608,0.0,15706739.0
PASHCHIM CHAMPARAN(DISTRICT PLANNING OFFICER WEST CHAMPARANBETTIAH_IDA),2026Q1,35,5.937016107464814,0.4,0.0,345.0,0.05714285714285714,0.0,33041900.0
PATAN(DISTRICT COLLECTOR PATAN_IDA),2023Q3,1,5.698970004336019,1.0,1.0,243.0,0.0,0.0,500000.0
PATAN(DISTRICT COLLECTOR PATAN_IDA),2024Q1,140,5.395496756881394,0.5857142857142857,0.7714285714285715,79.5,0.03571428571428571,0.014285714285714285,40947566.25
PATAN(DISTRICT COLLECTOR PATAN_IDA),2024Q3,5,5.697673874586009,0.8,0.4,269.5,0.0,0.0,1998510.0
PATAN(DISTRICT COLLECTOR PATAN_IDA),2024Q4,12,5.698947420435774,0.5833333333333334,0.8333333333333334,233.0,0.0,0.0,5291488.0
PATAN(DISTRICT COLLECTOR PATAN_IDA),2025Q1,74,5.476927226514887,0.7972972972972973,0.43243243243243246,204.5,0.0,0.0,22343955.0
PATAN(DISTRICT COLLECTOR PATAN_IDA),2025Q2,22,5.697991740792079,0.22727272727272727,0.6818181818181818,79.0,0.0,0.0,10730020.0
PATAN(DISTRICT COLLECTOR PATAN_IDA),2025Q3,32,5.627813747810821,0.84375,0.15625,56.0,0.0,0.0,14394375.0
PATAN(DISTRICT COLLECTOR PATAN_IDA),2025Q4,10,5.698665022548586,0.9,0.1,92.0,0.0,0.0,4249298.0
PATAN(DISTRICT COLLECTOR PATAN_IDA),2026Q1,57,5.6020599913279625,0.9824561403508771,0.0,345.0,0.0,0.0,24640000.0
PATHANAMTHITTA(DISTRICT COLLECTOR PATHANAMTHITTA_IDA),2022Q3,1,5.698970004336019,1.0,1.0,1024.0,0.0,0.0,500000.0
PATHANAMTHITTA(DISTRICT COLLECTOR PATHANAMTHITTA_IDA),2022Q4,14,5.420807813607779,0.0,0.8571428571428571,482.0,0.0,0.0,4505014.0
PATHANAMTHITTA(DISTRICT COLLECTOR PATHANAMTHITTA_IDA),2023Q1,11,5.459813006882496,0.09090909090909091,0.9090909090909091,421.5,0.0,0.0,3765688.0
PATHANAMTHITTA(DISTRICT COLLECTOR PATHANAMTHITTA_IDA),2023Q2,36,5.345303139714763,0.027777777777777776,0.9444444444444444,373.0,0.0,0.0,12279999.0
PATHANAMTHITTA(DISTRICT COLLECTOR PATHANAMTHITTA_IDA),2023Q3,8,5.383425761926988,0.0,1.0,320.5,0.0,0.0,2067923.0
PATHANAMTHITTA(DISTRICT COLLECTOR PATHANAMTHITTA_IDA),2023Q4,5,5.626036357527879,0.2,0.8,341.5,0.0,0.0,1987195.0
PATHANAMTHITTA(DISTRICT COLLECTOR PATHANAMTHITTA_IDA),2024Q1,52,5.726526719149085,0.07692307692307693,0.8653846153846154,452.0,0.0,0.4807692307692308,40380758.01
PATHANAMTHITTA(DISTRICT COLLECTOR PATHANAMTHITTA_IDA),2024Q2,1,6.065247985746205,0.0,1.0,345.0,0.0,1.0,1162112.0
PATHANAMTHITTA(DISTRICT COLLECTOR PATHANAMTHITTA_IDA),2024Q3,66,5.3979400086720375,0.42424242424242425,0.3939393939393939,471.0,0.0,0.0,42564542.0
PATHANAMTHITTA(DISTRICT COLLECTOR PATHANAMTHITTA_IDA),2024Q4,11,5.3979400086720375,0.45454545454545453,0.0,345.0,0.09090909090909091,0.0,4055084.0
PATHANAMTHITTA(DISTRICT COLLECTOR PATHANAMTHITTA_IDA),2025Q1,6,5.698970004336019,1.0,0.0,345.0,0.0,0.0,5400000.0
PATHANAMTHITTA(DISTRICT COLLECTOR PATHANAMTHITTA_IDA),2025Q2,86,5.3979400086720375,0.6395348837209303,0.03488372093023256,341.0,0.0,0.0,32252871.0
PATHANAMTHITTA(DISTRICT COLLECTOR PATHANAMTHITTA_IDA),2025Q3,25,5.3979400086720375,0.88,0.0,345.0,0.04,0.0,11251628.0
PATHANAMTHITTA(DISTRICT COLLECTOR PATHANAMTHITTA_IDA),2025Q4,6,6.189542386612572,0.5,0.0,345.0,0.0,0.0,7229371.0
PATHANAMTHITTA(DISTRICT COLLECTOR PATHANAMTHITTA_IDA),2026Q1,7,5.698970004336019,1.0,0.0,345.0,0.0,0.0,5900000.0
PATHANKOT(DEPUTY COMMISSIONER PATHANKOT_IDA),2023Q4,22,5.303126910506057,0.045454545454545456,0.9545454545454546,127.0,0.5909090909090909,0.0,11548836.0
PATHANKOT(DEPUTY COMMISSIONER PATHANKOT_IDA),2024Q1,28,5.52361641905437,0.14285714285714285,0.8214285714285714,694.0,0.07142857142857142,0.0,18908186.0
PATHANKOT(DEPUTY COMMISSIONER PATHANKOT_IDA),2025Q1,45,4.929633465282292,0.08888888888888889,0.9111111111111111,399.0,0.9111111111111111,0.0,5039578.0
PATHANKOT(DEPUTY COMMISSIONER PATHANKOT_IDA),2025Q2,60,4.9661417327390325,0.13333333333333333,0.0,345.0,0.8833333333333333,0.0,11102500.0
PATHANKOT(DEPUTY COMMISSIONER PATHANKOT_IDA),2025Q3,3,5.477121254719663,1.0,0.0,345.0,0.6666666666666666,0.0,1100000.0
PATHANKOT(DEPUTY COMMISSIONER PATHANKOT_IDA),2026Q1,4,5.3979400086720375,1.0,0.0,345.0,0.75,0.0,1250000.0
PATIALA(DEPUTY COMMISSIONER PATIALA_IDA),2023Q3,49,5.643679634742805,0.16326530612244897,0.8367346938775511,317.0,0.0,0.0,24928027.0
PATIALA(DEPUTY COMMISSIONER PATIALA_IDA),2023Q4,95,5.590395947184013,0.3473684210526316,0.631578947368421,635.0,0.0,0.0,38265398.22
PATIALA(DEPUTY COMMISSIONER PATIALA_IDA),2024Q1,81,5.477121254719663,0.49382716049382713,0.5679012345679012,130.5,0.0,0.0,49853445.0
PATIALA(DEPUTY COMMISSIONER PATIALA_IDA),2024Q3,4,5.176091259055681,0.75,0.75,503.0,0.0,0.0,530000.0
PATIALA(DEPUTY COMMISSIONER PATIALA_IDA),2025Q1,11,5.243038048686294,0.5454545454545454,0.0,345.0,0.0,0.0,4075000.0
PATIALA(DEPUTY COMMISSIONER PATIALA_IDA),2025Q2,108,5.477121254719663,0.7592592592592593,0.25,148.0,0.009259259259259259,0.0,36217694.0
PATIALA(DEPUTY COMMISSIONER PATIALA_IDA),2025Q3,90,5.301029995663981,0.8555555555555555,0.011111111111111112,279.0,0.011111111111111112,0.0,23175000.0
PATIALA(DEPUTY COMMISSIONER PATIALA_IDA),2025Q4,37,5.301029995663981,0.5405405405405406,0.0,345.0,0.0,0.0,9069000.0
PATIALA(DEPUTY COMMISSIONER PATIALA_IDA),2026Q1,49,5.477121254719663,0.7755102040816326,0.0,345.0,0.0,0.0,20407000.0
PATNA(DISTRICT PLANNING OFFICER PATNA_IDA),2023Q2,12,6.171529002191815,0.0,1.0,213.0,0.6666666666666666,0.0,15856251.0
PATNA(DISTRICT PLANNING OFFICER PATNA_IDA),2023Q3,138,5.6944450507368645,0.2318840579710145,0.7463768115942029,216.0,0.0,0.0,76492760.0
PATNA(DISTRICT PLANNING OFFICER PATNA_IDA),2023Q4,61,5.995415798542415,0.01639344262295082,0.9508196721311475,101.0,0.0,0.0,53682628.0
PATNA(DISTRICT PLANNING OFFICER PATNA_IDA),2024Q1,573,5.397157574202141,0.03315881326352531,0.9528795811518325,208.5,0.0,0.0,189390343.0
PATNA(DISTRICT PLANNING OFFICER PATNA_IDA),2024Q3,121,6.126131407261984,0.008264462809917356,0.9834710743801653,134.0,0.01652892561983471,0.0,110296476.0
PATNA(DISTRICT PLANNING OFFICER PATNA_IDA),2024Q4,59,6.143285290837594,0.01694915254237288,0.9661016949152542,114.0,0.01694915254237288,0.0,55735181.0
PATNA(DISTRICT PLANNING OFFICER PATNA_IDA),2025Q1,33,5.996264684508098,0.0,0.9696969696969697,115.0,0.15151515151515152,0.0,31319838.0
PATNA(DISTRICT PLANNING OFFICER PATNA_IDA),2025Q2,196,4.912870090884038,0.0,0.9948979591836735,160.0,0.5459183673469388,0.0,125721297.0
PATNA(DISTRICT PLANNING OFFICER PATNA_IDA),2025Q3,52,6.169012791893232,0.0,1.0,133.0,0.07692307692307693,0.0,68711116.0
PATNA(DISTRICT PLANNING OFFICER PATNA_IDA),2025Q4,5,6.14050804303818,0.0,0.8,107.5,0.0,0.0,5716819.0
PATNA(DISTRICT PLANNING OFFICER PATNA_IDA),2026Q1,85,6.171931123355967,0.17647058823529413,0.2235294117647059,53.0,0.21176470588235294,0.0,110217780.0
PAURI GARHWAL(DISTRICT MAGISTRATE PAURI GARHWAL_IDA),2023Q3,1,5.301029995663981,1.0,0.0,345.0,0.0,0.0,200000.0
PAURI GARHWAL(DISTRICT MAGISTRATE PAURI GARHWAL_IDA),2023Q4,157,5.301029995663981,0.9872611464968153,0.006369426751592357,635.0,0.0,0.0,38754329.0
PAURI GARHWAL(DISTRICT MAGISTRATE PAURI GARHWAL_IDA),2024Q1,4,5.439332693830263,0.75,0.0,345.0,0.0,0.0,1284909.0
PAURI GARHWAL(DISTRICT MAGISTRATE PAURI GARHWAL_IDA),2025Q2,2,5.8736111969964675,0.5,0.0,345.0,0.0,0.0,1495000.0
PAURI GARHWAL(DISTRICT MAGISTRATE PAURI GARHWAL_IDA),2025Q3,1,5.477121254719663,1.0,0.0,345.0,0.0,0.0,300000.0
PAURI GARHWAL(DISTRICT MAGISTRATE PAURI GARHWAL_IDA),2025Q4,3,5.698970004336019,0.6666666666666666,0.0,345.0,0.0,0.0,1495000.0
PAURI GARHWAL(DISTRICT MAGISTRATE PAURI GARHWAL_IDA),2026Q1,4,6.096910013008056,1.0,0.0,345.0,0.0,0.0,4750000.0
PEDDAPALLI(District Collector Peddapally_IDA),2023Q4,4,5.698970004336019,1.0,0.0,345.0,0.0,0.0,2000000.0
PEDDAPALLI(District Collector Peddapally_IDA),2024Q1,17,5.698970004336019,1.0,0.0,345.0,0.0,0.0,6300000.0
PEDDAPALLI(District Collector Peddapally_IDA),2024Q3,6,5.520155231405529,0.6666666666666666,0.3333333333333333,385.5,0.0,0.0,2024999.0
PEDDAPALLI(District Collector Peddapally_IDA),2024Q4,1,5.69810054562339,0.0,0.0,345.0,0.0,0.0,499000.0
PEDDAPALLI(District Collector Peddapally_IDA),2025Q1,3,5.69810054562339,0.3333333333333333,0.0,345.0,0.0,0.0,1293784.0
PEDDAPALLI(District Collector Peddapally_IDA),2025Q2,27,5.698969135746187,0.7777777777777778,0.0,345.0,0.0,0.0,12329997.0
PEDDAPALLI(District Collector Peddapally_IDA),2025Q4,2,5.301029995663981,1.0,0.0,345.0,0.0,0.0,400000.0
PEDDAPALLI(District Collector Peddapally_IDA),2026Q1,6,5.763427619170981,0.3333333333333333,0.0,345.0,0.0,0.0,7609999.0
PERAMBALUR(DISTRICT COLLECTOR PERAMBALUR_IDA),2023Q4,11,6.380211241711606,0.8181818181818182,0.09090909090909091,926.0,0.0,0.0,24724920.0
PERAMBALUR(DISTRICT COLLECTOR PERAMBALUR_IDA),2024Q3,1,6.396704683384948,0.0,1.0,473.0,0.0,0.0,2492899.0
PERAMBALUR(DISTRICT COLLECTOR PERAMBALUR_IDA),2024Q4,13,5.894869656745253,0.15384615384615385,0.0,345.0,0.0,0.0,14535000.0
PERAMBALUR(DISTRICT COLLECTOR PERAMBALUR_IDA),2025Q1,4,6.190331698170292,1.0,0.0,345.0,0.0,0.0,6400000.0
PERAMBALUR(DISTRICT COLLECTOR PERAMBALUR_IDA),2025Q3,21,5.57978359661681,0.7619047619047619,0.0,345.0,0.0,0.0,9492000.0
PERAMBALUR(DISTRICT COLLECTOR PERAMBALUR_IDA),2025Q4,8,5.959041392321094,0.375,0.0,345.0,0.0,0.0,10200000.0
PERAMBALUR(DISTRICT COLLECTOR PERAMBALUR_IDA),2026Q1,2,6.623249290397901,1.0,0.0,345.0,0.0,0.0,8400000.0
PEREN(Deputy Commissioner Peren_IDA),2023Q4,1,6.0,1.0,1.0,275.0,0.0,0.0,1000000.0
PEREN(Deputy Commissioner Peren_IDA),2024Q3,3,5.176091259055681,1.0,1.0,488.0,0.6666666666666666,0.0,1750000.0
PHEK(Deputy Commissioner Phek_IDA),2025Q2,1,5.698970004336019,1.0,1.0,267.0,0.0,0.0,500000.0
PHEK(Deputy Commissioner Phek_IDA),2025Q3,2,5.8750612633917,1.0,0.5,162.0,0.0,0.0,1500000.0
PILIBHIT(DISTRICT MAGISTRAE PILIBHIT_IDA),2023Q2,108,5.451786435524291,0.0,1.0,40.0,0.9166666666666666,0.0,30564000.0
PILIBHIT(DISTRICT MAGISTRAE PILIBHIT_IDA),2023Q3,232,5.451786435524291,0.017241379310344827,0.9913793103448276,72.0,0.15086206896551724,0.0,86946116.89
PILIBHIT(DISTRICT MAGISTRAE PILIBHIT_IDA),2023Q4,29,5.695974356188179,0.06896551724137931,0.9310344827586207,158.0,0.0,0.0,20206760.0
PILIBHIT(DISTRICT MAGISTRAE PILIBHIT_IDA),2024Q1,10,5.477119807068977,0.0,1.0,61.5,0.0,0.0,10828985.0
PILIBHIT(DISTRICT MAGISTRAE PILIBHIT_IDA),2024Q3,2,6.858326615958245,0.5,1.0,450.0,0.0,0.0,14433000.0
PILIBHIT(DISTRICT MAGISTRAE PILIBHIT_IDA),2024Q4,2,7.203834761118178,0.0,1.0,265.5,0.0,0.0,31978991.0
PILIBHIT(DISTRICT MAGISTRAE PILIBHIT_IDA),2025Q1,1,6.9958536029539795,0.0,1.0,354.0,0.0,0.0,9904980.0
PILIBHIT(DISTRICT MAGISTRAE PILIBHIT_IDA),2025Q2,5,7.008088041101794,0.0,0.6,243.0,0.4,0.0,54087887.0
PILIBHIT(DISTRICT MAGISTRAE PILIBHIT_IDA),2025Q3,5,6.39022836246913,0.0,0.0,345.0,0.0,0.0,14352000.0
PILIBHIT(DISTRICT MAGISTRAE PILIBHIT_IDA),2025Q4,11,6.39022836246913,0.0,0.0,345.0,0.9090909090909091,0.0,26907000.0
PILIBHIT(DISTRICT MAGISTRAE PILIBHIT_IDA),2026Q1,4,6.397679353778606,0.25,0.0,345.0,0.0,0.0,14567000.0
"PITHORAGARH(NRLM , pithoragarh)",2023Q3,58,5.176091259055681,0.3620689655172414,0.7758620689655172,520.0,0.0,0.0,9962551.0
"PITHORAGARH(NRLM , pithoragarh)",2023Q4,52,5.2992795231075425,0.3269230769230769,0.7884615384615384,412.0,0.0,0.0,15616246.3
"PITHORAGARH(NRLM , pithoragarh)",2024Q1,413,4.301029995663981,0.08958837772397095,0.549636803874092,513.0,0.0,0.0,30173121.0
"PITHORAGARH(NRLM , pithoragarh)",2024Q3,1,6.301029995663981,1.0,0.0,345.0,0.0,0.0,2000000.0
"PITHORAGARH(NRLM , pithoragarh)",2024Q4,1,6.477121254719663,1.0,0.0,345.0,0.0,0.0,3000000.0
"PITHORAGARH(NRLM , pithoragarh)",2025Q2,2,5.5216623216518705,0.5,0.5,340.0,0.0,0.0,664802.0
"PITHORAGARH(NRLM , pithoragarh)",2025Q3,1,6.301029995663981,1.0,0.0,345.0,0.0,0.0,2000000.0
"PITHORAGARH(NRLM , pithoragarh)",2025Q4,2,5.6020599913279625,1.0,0.0,345.0,0.0,0.0,800000.0
"PITHORAGARH(NRLM , pithoragarh)",2026Q1,38,5.301029995663981,1.0,0.0,345.0,0.0,0.0,12500000.0
PONDICHERRY(PROJECT DIRECTOR RDA PUDUCHERRY_IDA),2023Q2,1,6.176091259055681,1.0,0.0,345.0,0.0,0.0,1500000.0
PONDICHERRY(PROJECT DIRECTOR RDA PUDUCHERRY_IDA),2023Q3,1,6.176091259055681,1.0,0.0,345.0,0.0,0.0,1500000.0
PONDICHERRY(PROJECT DIRECTOR RDA PUDUCHERRY_IDA),2023Q4,30,6.253706223967775,0.6,0.36666666666666664,250.0,0.0,0.2,57730739.0
PONDICHERRY(PROJECT DIRECTOR RDA PUDUCHERRY_IDA),2024Q1,56,6.013384175521618,0.48214285714285715,0.35714285714285715,77.5,0.0,0.10714285714285714,70595859.0
PONDICHERRY(PROJECT DIRECTOR RDA PUDUCHERRY_IDA),2024Q2,5,6.468946361654533,0.2,0.6,345.0,0.0,0.6,13053412.0
PONDICHERRY(PROJECT DIRECTOR RDA PUDUCHERRY_IDA),2024Q3,15,6.477121254719663,0.5333333333333333,0.13333333333333333,271.5,0.0,0.0,40486944.0
PONDICHERRY(PROJECT DIRECTOR RDA PUDUCHERRY_IDA),2024Q4,25,6.301029995663981,0.6,0.12,373.0,0.0,0.08,73558542.0
PONDICHERRY(PROJECT DIRECTOR RDA PUDUCHERRY_IDA),2025Q1,2,6.477121254719663,1.0,0.0,345.0,0.0,0.0,6000000.0
PONDICHERRY(PROJECT DIRECTOR RDA PUDUCHERRY_IDA),2025Q2,21,6.431363764158987,0.7142857142857143,0.0,345.0,0.0,0.0,65533300.0
PONDICHERRY(PROJECT DIRECTOR RDA PUDUCHERRY_IDA),2025Q3,11,5.698970004336019,0.45454545454545453,0.0,345.0,0.0,0.0,16535938.0
PONDICHERRY(PROJECT DIRECTOR RDA PUDUCHERRY_IDA),2025Q4,10,6.140822180109311,0.6,0.0,345.0,0.0,0.0,17785000.0
PONDICHERRY(PROJECT DIRECTOR RDA PUDUCHERRY_IDA),2026Q1,23,5.845098040014257,0.7391304347826086,0.0,345.0,0.0,0.0,28787000.0
POONCH(Deputy Commissioner Poonch_IDA),2023Q4,1,4.838849090737256,0.0,1.0,637.0,0.0,0.0,69000.0
POONCH(Deputy Commissioner Poonch_IDA),2024Q1,1,6.176091259055681,1.0,0.0,345.0,0.0,0.0,1500000.0
POONCH(Deputy Commissioner Poonch_IDA),2025Q1,2,5.920645001406788,0.0,0.5,408.0,0.0,0.0,1666000.0
POONCH(Deputy Commissioner Poonch_IDA),2025Q3,1,6.037027879755775,0.0,0.0,345.0,0.0,0.0,1089000.0
POONCH(Deputy Commissioner Poonch_IDA),2025Q4,7,5.477121254719663,0.7142857142857143,0.14285714285714285,159.0,0.0,0.0,4717000.0
POONCH(Deputy Commissioner Poonch_IDA),2026Q1,7,5.477121254719663,0.8571428571428571,0.0,345.0,0.0,0.0,3179000.0
PORBANDAR(DISTRICT COLLECTOR PORBANDAR_IDA),2023Q4,21,5.473262100596816,0.23809523809523808,0.7619047619047619,770.0,0.0,0.0,6831893.0
PORBANDAR(DISTRICT COLLECTOR PORBANDAR_IDA),2024Q1,25,5.65878384892066,0.24,0.64,762.5,0.0,0.0,9726318.0
PORBANDAR(DISTRICT COLLECTOR PORBANDAR_IDA),2024Q2,3,5.6020599913279625,0.3333333333333333,0.3333333333333333,443.0,0.0,0.0,1146237.0
PORBANDAR(DISTRICT COLLECTOR PORBANDAR_IDA),2024Q3,11,5.653212513775344,0.09090909090909091,0.2727272727272727,599.0,0.0,0.0,6087567.0
PORBANDAR(DISTRICT COLLECTOR PORBANDAR_IDA),2024Q4,1,5.837400918889942,0.0,1.0,458.0,0.0,0.0,687703.0
PORBANDAR(DISTRICT COLLECTOR PORBANDAR_IDA),2025Q1,109,5.698399835863402,0.5321100917431193,0.41284403669724773,395.0,0.44036697247706424,0.0,46354081.0
PORBANDAR(DISTRICT COLLECTOR PORBANDAR_IDA),2025Q2,49,5.696793085081744,0.20408163265306123,0.7755102040816326,345.0,0.8163265306122449,0.0,32198612.0
PORBANDAR(DISTRICT COLLECTOR PORBANDAR_IDA),2025Q3,23,5.3979400086720375,0.8695652173913043,0.30434782608695654,224.0,0.0,0.0,6038802.0
PORBANDAR(DISTRICT COLLECTOR PORBANDAR_IDA),2025Q4,11,5.477121254719663,0.5454545454545454,0.0,345.0,0.36363636363636365,0.0,4281145.0
PORBANDAR(DISTRICT COLLECTOR PORBANDAR_IDA),2026Q1,83,5.698970004336019,1.0,0.0,345.0,0.927710843373494,0.0,41750000.0
PRAKASAM(DISTRICT COLLECTOR PRAKASAM_IDA),2024Q1,348,5.698970004336019,0.5890804597701149,0.3103448275862069,50.0,0.005747126436781609,0.040229885057471264,182489868.0
PRAKASAM(DISTRICT COLLECTOR PRAKASAM_IDA),2024Q4,1,6.6020599913279625,1.0,0.0,345.0,0.0,0.0,4000000.0
PRAKASAM(DISTRICT COLLECTOR PRAKASAM_IDA),2025Q1,9,5.6078837443569896,0.6666666666666666,0.0,345.0,0.0,0.0,8085400.0
PRAKASAM(DISTRICT COLLECTOR PRAKASAM_IDA),2025Q2,34,5.698970004336019,0.9117647058823529,0.0,345.0,0.0,0.0,22340000.0
PRAKASAM(DISTRICT COLLECTOR PRAKASAM_IDA),2025Q3,16,5.698970004336019,0.875,0.0,345.0,0.0,0.0,9600000.0
PRAKASAM(DISTRICT COLLECTOR PRAKASAM_IDA),2025Q4,15,5.698970004336019,0.9333333333333333,0.0,345.0,0.0,0.0,14830000.0
PRAKASAM(DISTRICT COLLECTOR PRAKASAM_IDA),2026Q1,2,5.698970004336019,1.0,0.0,345.0,0.0,0.0,1000000.0
PRATAPGARH(DISTRICT COLLECTOR PRATAPGARH_IDA),2023Q4,18,5.544068044350276,0.6111111111111112,0.3888888888888889,899.0,0.0,0.0,6846882.0
PRATAPGARH(DISTRICT COLLECTOR PRATAPGARH_IDA),2024Q1,60,5.477121254719663,0.3,0.6833333333333333,705.0,0.0,0.0,17932240.0
PRATAPGARH(DISTRICT COLLECTOR PRATAPGARH_IDA),2024Q3,1,5.698970004336019,1.0,0.0,345.0,0.0,0.0,500000.0
PRATAPGARH(DISTRICT COLLECTOR PRATAPGARH_IDA),2024Q4,3,6.0,1.0,0.0,345.0,0.0,0.0,3400000.0
PRATAPGARH(DISTRICT COLLECTOR PRATAPGARH_IDA),2025Q1,5,5.16773075170648,0.8,0.2,312.0,0.0,0.0,1847140.0
PRATAPGARH(DISTRICT COLLECTOR PRATAPGARH_IDA),2025Q2,6,5.19728055812562,0.3333333333333333,0.0,345.0,0.0,0.0,2495000.0
PRATAPGARH(DISTRICT COLLECTOR PRATAPGARH_IDA),2025Q3,5,5.8750612633917,0.8,0.2,266.0,0.0,0.0,5897594.0
PRATAPGARH(DISTRICT COLLECTOR PRATAPGARH_IDA),2026Q1,60,4.886490725172482,0.016666666666666666,0.0,345.0,0.06666666666666667,0.0,4360798.0
PRATAPGARH(DISTRICT MAGISTRAE PRATAPGARH_IDA),2023Q3,1,5.1003705451175625,0.0,0.0,345.0,0.0,0.0,126000.0
PRATAPGARH(DISTRICT MAGISTRAE PRATAPGARH_IDA),2023Q4,324,5.269181259438093,0.006172839506172839,0.9660493827160493,730.0,0.2654320987654321,0.0,85819753.6
PRATAPGARH(DISTRICT MAGISTRAE PRATAPGARH_IDA),2024Q1,45,5.096691073411764,0.0,0.9111111111111111,528.0,0.7777777777777778,0.0,11231874.0
PRATAPGARH(DISTRICT MAGISTRAE PRATAPGARH_IDA),2024Q3,1,5.3979400086720375,1.0,0.0,345.0,0.0,0.0,250000.0
PRATAPGARH(DISTRICT MAGISTRAE PRATAPGARH_IDA),2024Q4,242,4.705863712283919,0.012396694214876033,0.640495867768595,368.0,0.07024793388429752,0.0,64448766.0
PRATAPGARH(DISTRICT MAGISTRAE PRATAPGARH_IDA),2025Q1,35,4.705863712283919,0.0,0.2857142857142857,367.0,0.0,0.0,5799676.0
PRATAPGARH(DISTRICT MAGISTRAE PRATAPGARH_IDA),2025Q3,52,5.91490140350427,0.28846153846153844,0.38461538461538464,193.0,0.5576923076923077,0.0,43619634.0
PRATAPGARH(DISTRICT MAGISTRAE PRATAPGARH_IDA),2025Q4,132,5.483898109194061,0.19696969696969696,0.3333333333333333,218.0,0.0,0.0,38566841.0
PRATAPGARH(DISTRICT MAGISTRAE PRATAPGARH_IDA),2026Q1,320,4.905256048748451,0.065625,0.0,345.0,0.053125,0.0,65785650.0
PRAYAGRAJ(DISTRICT MAGISTRAE ALLAHABAD_IDA),2022Q3,1,5.6020599913279625,1.0,0.0,345.0,0.0,0.0,400000.0
PRAYAGRAJ(DISTRICT MAGISTRAE ALLAHABAD_IDA),2023Q2,3,5.297322714205302,0.0,0.0,345.0,0.0,0.0,1851100.0
PRAYAGRAJ(DISTRICT MAGISTRAE ALLAHABAD_IDA),2023Q3,7,6.060697840353612,0.7142857142857143,0.0,345.0,0.0,0.0,10000000.0
PRAYAGRAJ(DISTRICT MAGISTRAE ALLAHABAD_IDA),2023Q4,868,4.324467659893696,0.020737327188940093,0.10483870967741936,790.0,0.13248847926267282,0.0,95591643.96
PRAYAGRAJ(DISTRICT MAGISTRAE ALLAHABAD_IDA),2024Q1,430,5.250166183061678,0.06046511627906977,0.5395348837209303,759.0,0.004651162790697674,0.0,102080988.06
PRAYAGRAJ(DISTRICT MAGISTRAE ALLAHABAD_IDA),2024Q3,126,5.084576277934331,0.007936507936507936,0.0,345.0,0.015873015873015872,0.0,16187500.0
PRAYAGRAJ(DISTRICT MAGISTRAE ALLAHABAD_IDA),2024Q4,1,6.301029995663981,1.0,0.0,345.0,0.0,0.0,2000000.0
PRAYAGRAJ(DISTRICT MAGISTRAE ALLAHABAD_IDA),2025Q1,28,5.033363432619723,0.07142857142857142,0.35714285714285715,294.0,0.0,0.0,29937336.0
PRAYAGRAJ(DISTRICT MAGISTRAE ALLAHABAD_IDA),2025Q2,17,6.059057266547647,0.17647058823529413,0.0,345.0,0.0,0.0,37148701.0
PRAYAGRAJ(DISTRICT MAGISTRAE ALLAHABAD_IDA),2025Q3,8,6.645864199438345,0.0,0.25,168.5,0.0,0.0,54182645.0
PRAYAGRAJ(DISTRICT MAGISTRAE ALLAHABAD_IDA),2025Q4,18,6.046550569440504,0.16666666666666666,0.05555555555555555,92.0,0.3888888888888889,0.0,41399353.0
PRAYAGRAJ(DISTRICT MAGISTRAE ALLAHABAD_IDA),2026Q1,6,6.805699133907366,0.0,0.0,345.0,0.0,0.0,47056803.0
PUDUKKOTTAI(DISTRICT COLLECTOR PUDUKKOTTAI_IDA),2023Q2,3,5.301029995663981,0.3333333333333333,0.6666666666666666,941.0,0.0,0.0,978185.0
PUDUKKOTTAI(DISTRICT COLLECTOR PUDUKKOTTAI_IDA),2023Q3,40,5.698131006091956,0.125,0.95,896.0,0.0,0.0,21200186.0
PUDUKKOTTAI(DISTRICT COLLECTOR PUDUKKOTTAI_IDA),2023Q4,85,5.684607511322618,0.18823529411764706,0.9176470588235294,823.0,0.0,0.0,44202094.0
PUDUKKOTTAI(DISTRICT COLLECTOR PUDUKKOTTAI_IDA),2024Q1,65,5.698920491942822,0.26153846153846155,0.8769230769230769,728.0,0.0,0.0,69798164.0
PUDUKKOTTAI(DISTRICT COLLECTOR PUDUKKOTTAI_IDA),2024Q4,11,5.301029995663981,0.09090909090909091,0.7272727272727273,508.0,0.0,0.0,3502133.0
PUDUKKOTTAI(DISTRICT COLLECTOR PUDUKKOTTAI_IDA),2025Q1,77,5.7915524105223,0.19480519480519481,0.5324675324675324,386.0,0.0,0.0,44726985.0
PUDUKKOTTAI(DISTRICT COLLECTOR PUDUKKOTTAI_IDA),2025Q2,34,5.812913356642856,0.5588235294117647,0.5,284.0,0.0,0.0,27839746.0
PUDUKKOTTAI(DISTRICT COLLECTOR PUDUKKOTTAI_IDA),2025Q3,35,5.778151250383644,0.5714285714285714,0.45714285714285713,223.0,0.0,0.0,32197459.0
PUDUKKOTTAI(DISTRICT COLLECTOR PUDUKKOTTAI_IDA),2025Q4,6,5.602005701124516,0.5,0.3333333333333333,178.0,0.0,0.0,4578900.0
PUDUKKOTTAI(DISTRICT COLLECTOR PUDUKKOTTAI_IDA),2026Q1,14,5.439332693830263,1.0,0.0,345.0,0.0,0.0,9150000.0
PULWAMA(Deputy Commissioner  Pulwama_IDA),2023Q4,97,5.483064973866549,0.041237113402061855,0.865979381443299,181.5,0.0,0.0,33361655.0
PULWAMA(Deputy Commissioner  Pulwama_IDA),2024Q1,27,5.305366418994645,0.037037037037037035,0.7777777777777778,307.0,0.0,0.0,7085074.0
PULWAMA(Deputy Commissioner  Pulwama_IDA),2025Q2,19,5.464085468622148,0.21052631578947367,0.5789473684210527,330.0,0.0,0.0,6057707.0
PULWAMA(Deputy Commissioner  Pulwama_IDA),2025Q3,3,5.477121254719663,1.0,0.0,345.0,0.0,0.0,1100000.0
PULWAMA(Deputy Commissioner  Pulwama_IDA),2025Q4,13,5.6830695633021,0.46153846153846156,0.3076923076923077,214.0,0.0,0.0,6886447.89
PULWAMA(Deputy Commissioner  Pulwama_IDA),2026Q1,3,5.633468455579586,0.3333333333333333,0.0,345.0,0.0,0.0,2390000.0
PUNE(DISTRICT COLLECTOR PUNE_IDA),2022Q1,10,5.627841885549269,0.7,0.0,345.0,0.0,0.0,3898878.0
PUNE(DISTRICT COLLECTOR PUNE_IDA),2022Q2,4,5.999777584281982,0.0,0.5,1332.5,0.0,0.0,3298638.0
PUNE(DISTRICT COLLECTOR PUNE_IDA),2022Q3,9,5.698970004336019,0.7777777777777778,0.0,345.0,0.0,0.0,4349020.0
PUNE(DISTRICT COLLECTOR PUNE_IDA),2022Q4,34,5.998367462544861,0.0,0.8235294117647058,1126.5,0.0,0.0,33078604.0
PUNE(DISTRICT COLLECTOR PUNE_IDA),2023Q1,44,5.80904532666115,0.3409090909090909,0.4318181818181818,1077.0,0.0,0.0,31300494.0
PUNE(DISTRICT COLLECTOR PUNE_IDA),2023Q2,4,5.931712067056756,0.0,0.0,345.0,0.0,0.0,4146000.0
PUNE(DISTRICT COLLECTOR PUNE_IDA),2023Q3,13,5.778151250383644,0.46153846153846156,0.0,345.0,0.0,0.0,8620628.0
PUNE(DISTRICT COLLECTOR PUNE_IDA),2023Q4,30,5.8759312965307835,0.16666666666666666,0.5333333333333333,828.0,0.0,0.0,21616467.0
PUNE(DISTRICT COLLECTOR PUNE_IDA),2024Q1,115,5.985939061124065,0.5217391304347826,0.25217391304347825,677.0,0.034782608695652174,0.0,94568131.0
PUNE(DISTRICT COLLECTOR PUNE_IDA),2024Q3,47,6.0,0.5531914893617021,0.02127659574468085,540.0,0.0425531914893617,0.0,39931541.0
PUNE(DISTRICT COLLECTOR PUNE_IDA),2024Q4,21,6.0,0.8095238095238095,0.3333333333333333,464.0,0.0,0.0,20705620.0
PUNE(DISTRICT COLLECTOR PUNE_IDA),2025Q1,167,6.0,0.9760479041916168,0.029940119760479042,304.0,0.0,0.0,135362531.0
PUNE(DISTRICT COLLECTOR PUNE_IDA),2025Q2,66,6.0,1.0,0.0,345.0,0.0,0.0,70400000.0
PUNE(DISTRICT COLLECTOR PUNE_IDA),2025Q3,37,6.0,1.0,0.0,345.0,0.0,0.0,37450000.0
PUNE(DISTRICT COLLECTOR PUNE_IDA),2025Q4,73,6.0,1.0,0.0,345.0,0.0,0.0,85500000.0
PUNE(DISTRICT COLLECTOR PUNE_IDA),2026Q1,27,6.0,1.0,0.0,345.0,0.0,0.0,35000000.0
PURBA BARDHAMAN(DISTRICT MAGISTRATE PURBA BARDHAMAN_IDA),2023Q3,16,5.830078698831312,0.125,0.875,683.0,0.0,0.0,18244576.0
PURBA BARDHAMAN(DISTRICT MAGISTRATE PURBA BARDHAMAN_IDA),2023Q4,125,5.6209798697668685,0.168,0.384,610.0,0.0,0.0,101426548.0
PURBA BARDHAMAN(DISTRICT MAGISTRATE PURBA BARDHAMAN_IDA),2024Q1,84,5.752424545363339,0.20238095238095238,0.34523809523809523,532.0,0.0,0.0,85952652.0
PURBA BARDHAMAN(DISTRICT MAGISTRATE PURBA BARDHAMAN_IDA),2024Q3,31,5.552668216112194,0.03225806451612903,0.6451612903225806,342.0,0.0,0.0,14681388.0
PURBA BARDHAMAN(DISTRICT MAGISTRATE PURBA BARDHAMAN_IDA),2024Q4,76,5.740334262015973,0.631578947368421,0.07894736842105263,404.5,0.0,0.0,81050982.0
PURBA BARDHAMAN(DISTRICT MAGISTRATE PURBA BARDHAMAN_IDA),2025Q1,1,5.3979400086720375,1.0,0.0,345.0,0.0,0.0,250000.0
PURBA BARDHAMAN(DISTRICT MAGISTRATE PURBA BARDHAMAN_IDA),2025Q2,28,5.690196080028514,0.4642857142857143,0.0,345.0,0.0,0.0,19127005.0
PURBA BARDHAMAN(DISTRICT MAGISTRATE PURBA BARDHAMAN_IDA),2025Q3,35,5.845098040014257,0.6857142857142857,0.0,345.0,0.0,0.0,32914230.0
PURBA BARDHAMAN(DISTRICT MAGISTRATE PURBA BARDHAMAN_IDA),2025Q4,51,5.518513939877887,0.27450980392156865,0.0,345.0,0.0392156862745098,0.0,25493839.0
PURBA BARDHAMAN(DISTRICT MAGISTRATE PURBA BARDHAMAN_IDA),2026Q1,192,5.6020599913279625,0.7604166666666666,0.0,345.0,0.0,0.0,157076218.0
PURBI CHAMPARAN(DISTRICT PLANNING OFFICER MOTHIHARI EAST CHAMPARAN_IDA),2023Q3,32,5.966610986681935,0.0,1.0,192.0,0.0,0.625,32656109.0
PURBI CHAMPARAN(DISTRICT PLANNING OFFICER MOTHIHARI EAST CHAMPARAN_IDA),2023Q4,122,5.694935400387892,0.0,1.0,201.5,0.0,0.0,92680085.0
PURBI CHAMPARAN(DISTRICT PLANNING OFFICER MOTHIHARI EAST CHAMPARAN_IDA),2024Q1,101,5.773233354508308,0.0,1.0,129.0,0.0,0.0,67783309.0
PURBI CHAMPARAN(DISTRICT PLANNING OFFICER MOTHIHARI EAST CHAMPARAN_IDA),2024Q3,21,6.171276426014046,0.047619047619047616,0.9047619047619048,272.0,0.0,0.0,27315145.0
PURBI CHAMPARAN(DISTRICT PLANNING OFFICER MOTHIHARI EAST CHAMPARAN_IDA),2024Q4,32,6.171256810825115,0.0,0.875,176.0,0.0,0.0,38454198.0
PURBI CHAMPARAN(DISTRICT PLANNING OFFICER MOTHIHARI EAST CHAMPARAN_IDA),2025Q1,25,6.170453584215688,0.12,0.72,162.5,0.0,0.0,27745523.0
PURBI CHAMPARAN(DISTRICT PLANNING OFFICER MOTHIHARI EAST CHAMPARAN_IDA),2025Q2,44,5.998290078059657,0.25,0.7727272727272727,230.0,0.0,0.0,41133378.0
PURBI CHAMPARAN(DISTRICT PLANNING OFFICER MOTHIHARI EAST CHAMPARAN_IDA),2025Q3,52,6.129618040803814,0.1346153846153846,0.6923076923076923,158.0,0.09615384615384616,0.0,60395597.0
PURBI CHAMPARAN(DISTRICT PLANNING OFFICER MOTHIHARI EAST CHAMPARAN_IDA),2025Q4,17,6.174641192660449,0.058823529411764705,0.35294117647058826,163.0,0.058823529411764705,0.0,23926607.0
PURBI CHAMPARAN(DISTRICT PLANNING OFFICER MOTHIHARI EAST CHAMPARAN_IDA),2026Q1,62,5.953928738993868,0.5806451612903226,0.0,345.0,0.0,0.0,60793828.0
PURI(DISTRICT COLLECTOR PURI_IDA),2023Q4,68,5.3979400086720375,1.0,0.4117647058823529,750.0,0.0,0.0,26550000.0
PURI(DISTRICT COLLECTOR PURI_IDA),2024Q1,195,5.3979400086720375,0.7948717948717948,0.41025641025641024,693.0,0.0,0.0,51295274.0
PURI(DISTRICT COLLECTOR PURI_IDA),2024Q3,1,5.903089986991944,1.0,0.0,345.0,0.0,0.0,800000.0
PURI(DISTRICT COLLECTOR PURI_IDA),2024Q4,2,5.698970004336019,1.0,0.5,347.0,0.0,0.0,1000000.0
PURI(DISTRICT COLLECTOR PURI_IDA),2025Q1,347,4.6020599913279625,0.18155619596541786,0.8097982708933718,301.0,0.35446685878962536,0.0,30068113.0
PURI(DISTRICT COLLECTOR PURI_IDA),2025Q2,12,5.698970004336019,1.0,0.0,345.0,0.0,0.0,5750000.0
PURI(DISTRICT COLLECTOR PURI_IDA),2025Q3,144,5.698970004336019,0.9861111111111112,0.013888888888888888,199.0,0.013888888888888888,0.0,61280000.0
PURI(DISTRICT COLLECTOR PURI_IDA),2025Q4,56,5.3979400086720375,0.8214285714285714,0.0,345.0,0.0,0.0,24800000.0
PURI(DISTRICT COLLECTOR PURI_IDA),2026Q1,60,5.698970004336019,1.0,0.016666666666666666,89.0,0.0,0.0,30450000.0
PURNIA(DISTRICT PLANNING OFFICER PURNIA_IDA),2023Q3,60,5.980003371583746,0.0,1.0,136.0,0.0,0.18333333333333332,60178235.0
PURNIA(DISTRICT PLANNING OFFICER PURNIA_IDA),2023Q4,24,5.980003371583746,0.0,1.0,162.0,0.0,0.375,19941127.0
PURNIA(DISTRICT PLANNING OFFICER PURNIA_IDA),2024Q1,41,5.802773725291976,0.0,1.0,94.0,0.0,0.0,33105688.0
PURNIA(DISTRICT PLANNING OFFICER PURNIA_IDA),2024Q3,40,5.929418925714293,1.0,1.0,474.0,0.0,0.0,36550000.0
PURNIA(DISTRICT PLANNING OFFICER PURNIA_IDA),2024Q4,26,5.802773725291976,0.0,1.0,461.0,0.0,0.0,17994818.0
PURNIA(DISTRICT PLANNING OFFICER PURNIA_IDA),2025Q1,2,6.556302500767287,1.0,1.0,338.0,0.0,0.0,7200000.0
PURNIA(DISTRICT PLANNING OFFICER PURNIA_IDA),2025Q3,66,5.91386681189624,0.030303030303030304,0.0,345.0,0.0,0.0,49741400.0
PURNIA(DISTRICT PLANNING OFFICER PURNIA_IDA),2026Q1,6,5.829303772831025,0.0,0.0,345.0,0.0,0.0,4050000.0
PURULIA(DISTRICT MAGISTRATE PURULIA_IDA),2023Q4,107,4.617472143972193,0.009345794392523364,0.9906542056074766,182.0,0.897196261682243,0.0,10859698.0
PURULIA(DISTRICT MAGISTRATE PURULIA_IDA),2024Q1,146,5.70070371714502,0.3561643835616438,0.13013698630136986,578.0,0.7465753424657534,0.0,116961440.0
PURULIA(DISTRICT MAGISTRATE PURULIA_IDA),2024Q3,1,6.477121254719663,1.0,0.0,345.0,0.0,0.0,3000000.0
PURULIA(DISTRICT MAGISTRATE PURULIA_IDA),2025Q1,3,6.176091259055681,0.6666666666666666,0.0,345.0,0.0,0.0,4487224.0
PURULIA(DISTRICT MAGISTRATE PURULIA_IDA),2025Q2,28,5.5661616246545425,0.32142857142857145,0.03571428571428571,220.0,0.35714285714285715,0.0,25571668.0
PURULIA(DISTRICT MAGISTRATE PURULIA_IDA),2025Q3,2,6.280093501819553,0.0,0.0,345.0,0.0,0.0,3811742.0
PURULIA(DISTRICT MAGISTRATE PURULIA_IDA),2025Q4,26,5.5773774665322495,0.15384615384615385,0.0,345.0,0.8461538461538461,0.0,13007210.0
PURULIA(DISTRICT MAGISTRATE PURULIA_IDA),2026Q1,40,5.7704838094311075,0.325,0.0,345.0,0.575,0.0,83073014.0
Pakyong(DISTRICT COLLECTOR PAKYONG_IDA),2023Q4,1,5.845098040014257,1.0,0.0,345.0,0.0,0.0,700000.0
Pakyong(DISTRICT COLLECTOR PAKYONG_IDA),2024Q1,2,5.8750612633917,1.0,0.0,345.0,0.0,0.0,1500000.0
Pakyong(DISTRICT COLLECTOR PAKYONG_IDA),2024Q3,39,5.778151250383644,1.0,0.0,345.0,0.0,0.0,24650000.0
Pakyong(DISTRICT COLLECTOR PAKYONG_IDA),2024Q4,8,6.0,1.0,0.0,345.0,0.0,0.0,9400000.0
Pakyong(DISTRICT COLLECTOR PAKYONG_IDA),2025Q1,2,6.3979400086720375,1.0,0.0,345.0,0.0,0.0,5000000.0
Pakyong(DISTRICT COLLECTOR PAKYONG_IDA),2025Q2,31,6.0,1.0,0.0,345.0,0.0,0.0,47450000.0
Pakyong(DISTRICT COLLECTOR PAKYONG_IDA),2025Q3,4,6.243038048686294,1.0,0.0,345.0,0.0,0.0,8500000.0
Pakyong(DISTRICT COLLECTOR PAKYONG_IDA),2025Q4,2,6.176091259055681,1.0,0.0,345.0,0.0,0.0,3000000.0
Pakyong(DISTRICT COLLECTOR PAKYONG_IDA),2026Q1,2,5.8750612633917,1.0,0.0,345.0,0.0,0.0,1500000.0
Palnadu(District Collector Palnadu_IDA),2023Q3,27,6.0,0.4074074074074074,0.5925925925925926,756.0,0.0,0.0,32105000.0
Palnadu(District Collector Palnadu_IDA),2023Q4,83,5.0,0.7710843373493976,0.2289156626506024,690.0,0.0,0.0,46598458.0
Palnadu(District Collector Palnadu_IDA),2024Q1,5,5.999729350221612,0.2,0.8,637.0,0.0,0.0,6292822.0
Palnadu(District Collector Palnadu_IDA),2024Q4,4,5.835315711892788,0.5,0.5,314.5,0.0,0.0,3602489.0
Palnadu(District Collector Palnadu_IDA),2025Q1,1,6.698970004336019,1.0,0.0,345.0,0.0,0.0,5000000.0
Palnadu(District Collector Palnadu_IDA),2025Q2,2,6.301029995663981,1.0,0.0,345.0,0.0,0.0,4000000.0
Palnadu(District Collector Palnadu_IDA),2025Q3,7,5.698695443453075,0.0,1.0,196.0,0.0,0.0,3949155.0
Palnadu(District Collector Palnadu_IDA),2025Q4,43,5.3747483460101035,0.046511627906976744,0.09302325581395349,169.5,0.0,0.0,17399003.0
Palnadu(District Collector Palnadu_IDA),2026Q1,4,5.778151250383644,1.0,0.0,345.0,0.0,0.0,4400000.0
Pandhurna(District Collector Pandhurna_IDA),2024Q1,64,4.698970004336019,0.890625,0.421875,718.0,0.0,0.0,4076838.0
Pandhurna(District Collector Pandhurna_IDA),2024Q4,1,5.0,1.0,0.0,345.0,0.0,0.0,100000.0
Pandhurna(District Collector Pandhurna_IDA),2025Q1,34,5.439332693830263,0.9117647058823529,0.058823529411764705,379.0,0.0,0.0,12625000.0
Pandhurna(District Collector Pandhurna_IDA),2025Q2,7,5.6020599913279625,0.8571428571428571,0.14285714285714285,275.0,0.0,0.0,3125000.0
Pandhurna(District Collector Pandhurna_IDA),2025Q3,5,5.698970004336019,1.0,0.0,345.0,0.0,0.0,3000000.0
Pandhurna(District Collector Pandhurna_IDA),2025Q4,8,5.653212513775344,1.0,0.0,345.0,0.0,0.0,3850000.0
Pandhurna(District Collector Pandhurna_IDA),2026Q1,16,5.176091259055681,1.0,0.0,345.0,0.0,0.0,3850000.0
Parvathipuram Manyam(District Collector Parvathipuram Manyam_IDA),2023Q3,2,5.698970004336019,1.0,0.0,345.0,0.0,0.0,1000000.0
Parvathipuram Manyam(District Collector Parvathipuram Manyam_IDA),2023Q4,46,5.477121254719663,0.5652173913043478,0.0,345.0,0.0,0.0,32995000.0
Parvathipuram Manyam(District Collector Parvathipuram Manyam_IDA),2024Q1,6,6.17435059747938,0.3333333333333333,0.0,345.0,0.0,0.0,8724160.0
Parvathipuram Manyam(District Collector Parvathipuram Manyam_IDA),2025Q2,25,5.477121254719663,0.96,0.0,345.0,0.0,0.0,7005000.0
Parvathipuram Manyam(District Collector Parvathipuram Manyam_IDA),2025Q3,3,5.477121254719663,0.6666666666666666,0.3333333333333333,261.0,0.0,0.0,1086815.0
Parvathipuram Manyam(District Collector Parvathipuram Manyam_IDA),2025Q4,2,5.9084850188786495,0.5,0.0,345.0,0.0,0.0,1620000.0
Parvathipuram Manyam(District Collector Parvathipuram Manyam_IDA),2026Q1,13,5.698970004336019,1.0,0.0,345.0,0.0,0.0,6900000.0
Paschim Medinipur(DISTRICT MAGISTRATE PASCHIM MEDINIPUR_IDA),2023Q3,9,5.501279778500174,0.0,0.2222222222222222,545.5,0.7777777777777778,0.0,6503726.0
Paschim Medinipur(DISTRICT MAGISTRATE PASCHIM MEDINIPUR_IDA),2023Q4,86,5.57978359661681,0.046511627906976744,0.46511627906976744,629.0,0.9767441860465116,0.0,33959103.0
Paschim Medinipur(DISTRICT MAGISTRATE PASCHIM MEDINIPUR_IDA),2024Q1,259,5.544068044350276,0.2857142857142857,0.43243243243243246,338.5,0.8841698841698842,0.0,137394993.0
Paschim Medinipur(DISTRICT MAGISTRATE PASCHIM MEDINIPUR_IDA),2024Q4,19,6.106571630732594,0.2631578947368421,0.3684210526315789,383.0,0.0,0.0,30210214.0
Paschim Medinipur(DISTRICT MAGISTRATE PASCHIM MEDINIPUR_IDA),2025Q1,105,5.54282542695918,0.02857142857142857,0.5904761904761905,343.0,0.8952380952380953,0.0,43321228.0
Paschim Medinipur(DISTRICT MAGISTRATE PASCHIM MEDINIPUR_IDA),2025Q2,49,5.543902981083145,0.20408163265306123,0.6122448979591837,264.0,0.5510204081632653,0.0,71082973.0
Paschim Medinipur(DISTRICT MAGISTRATE PASCHIM MEDINIPUR_IDA),2025Q3,62,5.543902981083145,0.04838709677419355,0.8064516129032258,282.0,0.22580645161290322,0.0,39081322.0
Paschim Medinipur(DISTRICT MAGISTRATE PASCHIM MEDINIPUR_IDA),2025Q4,14,6.050817117624426,0.0,0.2857142857142857,164.0,0.21428571428571427,0.0,17269229.0
Paschim Medinipur(DISTRICT MAGISTRATE PASCHIM MEDINIPUR_IDA),2026Q1,32,6.3979400086720375,0.875,0.0,345.0,0.125,0.0,111036765.0
Phalodi(DISTRICT COLLECTOR PHALODI_IDA),2023Q3,3,5.698970004336019,1.0,0.0,345.0,0.0,0.0,1500000.0
Phalodi(DISTRICT COLLECTOR PHALODI_IDA),2023Q4,1,5.698970004336019,1.0,1.0,818.0,0.0,0.0,500000.0
Phalodi(DISTRICT COLLECTOR PHALODI_IDA),2024Q1,52,5.698970004336019,0.46153846153846156,0.7115384615384616,708.0,0.0,0.0,28518994.07
Phalodi(DISTRICT COLLECTOR PHALODI_IDA),2024Q3,9,5.844694579216687,0.3333333333333333,0.8888888888888888,572.0,0.0,0.0,6272793.0
Phalodi(DISTRICT COLLECTOR PHALODI_IDA),2025Q1,3,6.0,0.6666666666666666,0.3333333333333333,367.0,0.0,0.0,3999996.0
Phalodi(DISTRICT COLLECTOR PHALODI_IDA),2025Q2,6,5.999899231990657,0.5,0.5,319.0,0.0,0.0,6998378.0
Phalodi(DISTRICT COLLECTOR PHALODI_IDA),2025Q3,4,5.845098040014257,1.0,0.0,345.0,0.0,0.0,3000000.0
Phalodi(DISTRICT COLLECTOR PHALODI_IDA),2025Q4,1,6.176091259055681,1.0,0.0,345.0,0.0,0.0,1500000.0
Phalodi(DISTRICT COLLECTOR PHALODI_IDA),2026Q1,4,5.698970004336019,1.0,0.0,345.0,0.0,0.0,2250000.0
Purba Medinipur(DISTRICT MAGISTRATE PURBA MEDINIPUR_IDA),2023Q3,84,5.6419314652696455,0.05952380952380952,0.7619047619047619,324.5,0.0,0.0,84735741.0
Purba Medinipur(DISTRICT MAGISTRATE PURBA MEDINIPUR_IDA),2023Q4,77,5.532082677435466,0.19480519480519481,0.7532467532467533,221.0,0.025974025974025976,0.0,31365483.0
Purba Medinipur(DISTRICT MAGISTRATE PURBA MEDINIPUR_IDA),2024Q1,191,5.542686032149724,0.3612565445026178,0.49214659685863876,273.5,0.17277486910994763,0.0,87203903.0
Purba Medinipur(DISTRICT MAGISTRATE PURBA MEDINIPUR_IDA),2024Q3,17,5.518513939877887,0.4117647058823529,0.35294117647058826,387.0,0.0,0.0,7317450.0
Purba Medinipur(DISTRICT MAGISTRATE PURBA MEDINIPUR_IDA),2024Q4,38,6.027293329350533,0.10526315789473684,0.5263157894736842,423.0,0.05263157894736842,0.0,49470953.0
Purba Medinipur(DISTRICT MAGISTRATE PURBA MEDINIPUR_IDA),2025Q1,66,5.496897143925912,0.3787878787878788,0.24242424242424243,418.0,0.13636363636363635,0.0,29344019.0
Purba Medinipur(DISTRICT MAGISTRATE PURBA MEDINIPUR_IDA),2025Q2,27,5.601155718035018,0.37037037037037035,0.1111111111111111,132.0,0.1111111111111111,0.0,13199922.0
Purba Medinipur(DISTRICT MAGISTRATE PURBA MEDINIPUR_IDA),2025Q3,22,5.5421149177043,0.2727272727272727,0.0,345.0,0.22727272727272727,0.0,8490767.0
Purba Medinipur(DISTRICT MAGISTRATE PURBA MEDINIPUR_IDA),2025Q4,61,5.544068044350276,0.4098360655737705,0.0,345.0,0.19672131147540983,0.0,27239556.0
Purba Medinipur(DISTRICT MAGISTRATE PURBA MEDINIPUR_IDA),2026Q1,124,5.544068044350276,0.3225806451612903,0.0,345.0,0.10483870967741936,0.0,95513881.0
RAE BARELI(DISTRICT MAGISTRATE RAE BARELI_IDA),2021Q4,4,5.175015773470992,0.0,0.75,1579.0,0.0,0.0,711268.0
RAE BARELI(DISTRICT MAGISTRATE RAE BARELI_IDA),2022Q4,18,5.131209516389594,0.05555555555555555,0.6111111111111112,1148.0,0.0,0.0,5751571.0
RAE BARELI(DISTRICT MAGISTRATE RAE BARELI_IDA),2023Q1,2,5.045923142309459,0.0,1.0,963.0,0.0,0.0,222307.0
RAE BARELI(DISTRICT MAGISTRATE RAE BARELI_IDA),2023Q3,7,5.437116093048078,0.0,0.14285714285714285,791.0,0.0,0.0,4054573.0
RAE BARELI(DISTRICT MAGISTRATE RAE BARELI_IDA),2023Q4,491,4.270539094260548,0.006109979633401222,0.7841140529531568,636.0,0.008146639511201629,0.0,22263743.0
RAE BARELI(DISTRICT MAGISTRATE RAE BARELI_IDA),2024Q1,962,4.270539094260548,0.030145530145530147,0.7401247401247402,633.0,0.009355509355509356,0.0,89278393.86
RAE BARELI(DISTRICT MAGISTRATE RAE BARELI_IDA),2024Q3,9,5.698970004336019,0.8888888888888888,0.3333333333333333,421.0,0.0,0.0,4699998.0
RAE BARELI(DISTRICT MAGISTRATE RAE BARELI_IDA),2024Q4,41,4.283278608610214,0.024390243902439025,0.8536585365853658,375.0,0.0,0.0,5149514.0
RAE BARELI(DISTRICT MAGISTRATE RAE BARELI_IDA),2025Q1,51,4.283278608610214,0.0392156862745098,0.6666666666666666,373.0,0.0,0.0,4248546.0
RAE BARELI(DISTRICT MAGISTRATE RAE BARELI_IDA),2025Q2,28,5.732393759822968,0.25,0.03571428571428571,284.0,0.0,0.0,24187958.0
RAE BARELI(DISTRICT MAGISTRATE RAE BARELI_IDA),2025Q3,13,5.330819466495837,0.07692307692307693,0.0,345.0,0.0,0.0,5234267.0
RAE BARELI(DISTRICT MAGISTRATE RAE BARELI_IDA),2025Q4,14,5.9055044546362225,0.07142857142857142,0.0,345.0,0.0,0.0,14873875.0
RAE BARELI(DISTRICT MAGISTRATE RAE BARELI_IDA),2026Q1,16,5.821840927200454,0.0625,0.0,345.0,0.0,0.0,11857306.0
RAICHUR(DEPUTY COMMISSIONER RAICHUR_IDA),2023Q3,26,5.698970004336019,1.0,0.0,345.0,0.0,0.0,13000000.0
RAICHUR(DEPUTY COMMISSIONER RAICHUR_IDA),2023Q4,120,5.698970004336019,0.9916666666666667,0.008333333333333333,720.0,0.2916666666666667,0.0,52049361.0
RAICHUR(DEPUTY COMMISSIONER RAICHUR_IDA),2024Q1,45,4.954242509439325,0.9333333333333333,0.0,345.0,0.0,0.0,13870000.0
RAICHUR(DEPUTY COMMISSIONER RAICHUR_IDA),2024Q4,3,5.698970004336019,1.0,0.0,345.0,0.0,0.0,1500000.0
RAICHUR(DEPUTY COMMISSIONER RAICHUR_IDA),2025Q1,9,5.698970004336019,0.8888888888888888,0.1111111111111111,223.0,0.0,0.0,10336000.0
RAICHUR(DEPUTY COMMISSIONER RAICHUR_IDA),2025Q2,19,5.698970004336019,0.7368421052631579,0.3157894736842105,277.5,0.0,0.0,13995548.0
RAICHUR(DEPUTY COMMISSIONER RAICHUR_IDA),2025Q3,3,6.0,1.0,0.0,345.0,0.0,0.0,3000000.0
RAICHUR(DEPUTY COMMISSIONER RAICHUR_IDA),2025Q4,26,5.698970004336019,1.0,0.0,345.0,0.07692307692307693,0.0,15500000.0
RAICHUR(DEPUTY COMMISSIONER RAICHUR_IDA),2026Q1,22,5.698970004336019,1.0,0.0,345.0,0.0,0.0,14000000.0
RAIGAD(DISTRICT COLLECTOR RAIGAD_IDA),2022Q2,16,5.698970004336019,0.375,0.8125,1352.0,0.0,0.0,11454494.0
RAIGAD(DISTRICT COLLECTOR RAIGAD_IDA),2023Q3,43,5.953759691733229,0.3023255813953488,0.5581395348837209,898.0,0.0,0.0,34350533.0
RAIGAD(DISTRICT COLLECTOR RAIGAD_IDA),2023Q4,2,5.999348069206722,0.0,1.0,85.5,0.0,0.0,1997000.0
RAIGAD(DISTRICT COLLECTOR RAIGAD_IDA),2024Q1,84,5.8558397610490225,0.25,0.7380952380952381,675.0,0.0,0.03571428571428571,78504715.0
RAIGAD(DISTRICT COLLECTOR RAIGAD_IDA),2024Q4,6,5.698970004336019,1.0,0.0,345.0,0.0,0.0,4000000.0
RAIGAD(DISTRICT COLLECTOR RAIGAD_IDA),2025Q1,38,6.096458459514609,0.7105263157894737,0.34210526315789475,307.0,0.0,0.0,54182714.0
RAIGAD(DISTRICT COLLECTOR RAIGAD_IDA),2025Q2,4,6.096910013008056,1.0,0.0,345.0,0.0,0.0,6500000.0
RAIGAD(DISTRICT COLLECTOR RAIGAD_IDA),2025Q3,11,6.0,1.0,0.09090909090909091,181.0,0.0,0.0,19350000.0
RAIGAD(DISTRICT COLLECTOR RAIGAD_IDA),2025Q4,22,6.176091259055681,0.9090909090909091,0.09090909090909091,112.0,0.0,0.0,37422000.0
RAIGAD(DISTRICT COLLECTOR RAIGAD_IDA),2026Q1,9,6.146128035678238,1.0,0.0,345.0,0.0,0.0,12000000.0
RAIGARH(DISTRICT COLLECTOR RAIGARH_IDA),2022Q4,2,5.210853365314893,0.5,0.0,345.0,0.0,0.0,325000.0
RAIGARH(DISTRICT COLLECTOR RAIGARH_IDA),2023Q2,2,5.1555592014080505,0.0,0.0,345.0,0.0,0.0,286147.0
RAIGARH(DISTRICT COLLECTOR RAIGARH_IDA),2023Q3,1,5.477121254719663,1.0,0.0,345.0,0.0,0.0,300000.0
RAIGARH(DISTRICT COLLECTOR RAIGARH_IDA),2023Q4,7,5.845098040014257,0.42857142857142855,0.7142857142857143,706.0,0.0,0.0,6353857.0
RAIGARH(DISTRICT COLLECTOR RAIGARH_IDA),2024Q4,32,5.698970004336019,0.90625,0.125,429.0,0.40625,0.0,19516713.0
RAIGARH(DISTRICT COLLECTOR RAIGARH_IDA),2025Q2,26,5.4996870826184034,0.6153846153846154,0.038461538461538464,265.0,0.7307692307692307,0.0,12460000.0
RAIGARH(DISTRICT COLLECTOR RAIGARH_IDA),2025Q3,4,5.829303772831025,1.0,0.0,345.0,0.25,0.0,3250000.0
RAIGARH(DISTRICT COLLECTOR RAIGARH_IDA),2025Q4,3,6.146128035678238,1.0,0.0,345.0,0.0,0.0,5900000.0
RAIGARH(DISTRICT COLLECTOR RAIGARH_IDA),2026Q1,5,5.698970004336019,1.0,0.0,345.0,0.2,0.0,3200000.0
RAIPUR(DISTRICT COLLECTOR RAIPUR_IDA),2023Q3,93,5.698741505338032,0.7204301075268817,0.7956989247311828,393.0,0.0,0.0,40602536.0
RAIPUR(DISTRICT COLLECTOR RAIPUR_IDA),2023Q4,8,5.653212513775344,1.0,0.75,669.0,0.0,0.0,3350000.0
RAIPUR(DISTRICT COLLECTOR RAIPUR_IDA),2024Q1,86,5.6020599913279625,0.8488372093023255,0.6976744186046512,232.5,0.0,0.0,35155839.0
RAIPUR(DISTRICT COLLECTOR RAIPUR_IDA),2024Q3,4,6.0,1.0,1.0,130.0,0.0,0.0,4000000.0
RAIPUR(DISTRICT COLLECTOR RAIPUR_IDA),2024Q4,37,5.698970004336019,0.8378378378378378,0.35135135135135137,474.0,0.0,0.0,22290636.0
RAIPUR(DISTRICT COLLECTOR RAIPUR_IDA),2025Q1,11,5.812913356642856,1.0,0.09090909090909091,230.0,0.0,0.0,9300000.0
RAIPUR(DISTRICT COLLECTOR RAIPUR_IDA),2025Q2,4,5.8750612633917,0.75,0.5,324.0,0.0,0.0,3443280.0
RAIPUR(DISTRICT COLLECTOR RAIPUR_IDA),2025Q3,24,5.845098040014257,1.0,0.0,345.0,0.0,0.0,20900000.0
RAIPUR(DISTRICT COLLECTOR RAIPUR_IDA),2025Q4,10,5.698970004336019,1.0,0.0,345.0,0.0,0.0,8050000.0
RAIPUR(DISTRICT COLLECTOR RAIPUR_IDA),2026Q1,9,5.698970004336019,1.0,0.0,345.0,0.0,0.0,7500000.0
RAISEN(DISTRICT COLLECTOR RAISEN_IDA),2023Q3,139,5.301029995663981,0.7410071942446043,0.0,345.0,0.37410071942446044,0.0,30167452.0
RAISEN(DISTRICT COLLECTOR RAISEN_IDA),2023Q4,44,5.0,0.7045454545454546,0.0,345.0,0.0,0.0,6975000.0
RAISEN(DISTRICT COLLECTOR RAISEN_IDA),2024Q1,34,5.3979400086720375,0.5882352941176471,0.0,345.0,0.0,0.0,13306732.0
RAISEN(DISTRICT COLLECTOR RAISEN_IDA),2024Q4,6,5.176091259055681,0.6666666666666666,0.0,345.0,0.0,0.0,3820000.0
RAISEN(DISTRICT COLLECTOR RAISEN_IDA),2025Q1,46,5.477121254719663,0.9782608695652174,0.0,345.0,0.6521739130434783,0.0,19970000.0
RAISEN(DISTRICT COLLECTOR RAISEN_IDA),2025Q2,11,5.176091259055681,1.0,0.0,345.0,0.0,0.0,3950000.0
RAISEN(DISTRICT COLLECTOR RAISEN_IDA),2025Q3,10,5.176091259055681,1.0,0.0,345.0,0.0,0.0,4100000.0
RAISEN(DISTRICT COLLECTOR RAISEN_IDA),2025Q4,6,5.243038048686294,1.0,0.0,345.0,0.0,0.0,1850000.0
RAISEN(DISTRICT COLLECTOR RAISEN_IDA),2026Q1,9,5.477121254719663,1.0,0.0,345.0,0.0,0.0,4000000.0
RAJANNA SIRCILLA(DISTRICT COLLECTOR RAJANNA SIRCILLA_IDA),2019Q4,1,4.690196080028514,0.0,0.0,345.0,0.0,0.0,49000.0
RAJANNA SIRCILLA(DISTRICT COLLECTOR RAJANNA SIRCILLA_IDA),2024Q1,134,5.477121254719663,0.9701492537313433,0.0,345.0,0.014925373134328358,0.0,36815838.0
RAJANNA SIRCILLA(DISTRICT COLLECTOR RAJANNA SIRCILLA_IDA),2024Q3,10,5.778151250383644,1.0,0.0,345.0,0.0,0.0,7300000.0
RAJANNA SIRCILLA(DISTRICT COLLECTOR RAJANNA SIRCILLA_IDA),2024Q4,37,5.698970004336019,1.0,0.0,345.0,0.0,0.0,20000000.0
RAJANNA SIRCILLA(DISTRICT COLLECTOR RAJANNA SIRCILLA_IDA),2025Q1,8,5.301029995663981,0.875,0.0,345.0,0.0,0.0,1420000.0
RAJANNA SIRCILLA(DISTRICT COLLECTOR RAJANNA SIRCILLA_IDA),2025Q2,20,5.301029995663981,1.0,0.0,345.0,0.0,0.0,4400000.0
RAJANNA SIRCILLA(DISTRICT COLLECTOR RAJANNA SIRCILLA_IDA),2025Q3,40,5.301029995663981,0.925,0.0,345.0,0.0,0.0,9600000.0
RAJANNA SIRCILLA(DISTRICT COLLECTOR RAJANNA SIRCILLA_IDA),2025Q4,39,5.301029995663981,0.9487179487179487,0.0,345.0,0.0,0.0,7605000.0
RAJANNA SIRCILLA(DISTRICT COLLECTOR RAJANNA SIRCILLA_IDA),2026Q1,1,6.903089986991944,1.0,0.0,345.0,0.0,0.0,8000000.0
RAJGARH(DISTRICT COLLECTOR RAJGARH_IDA),2023Q3,92,5.486186695434457,0.29347826086956524,0.0,345.0,0.75,0.0,24000496.0
RAJGARH(DISTRICT COLLECTOR RAJGARH_IDA),2023Q4,149,5.311869304487801,0.3422818791946309,0.0,345.0,0.9798657718120806,0.0,27974292.5
RAJGARH(DISTRICT COLLECTOR RAJGARH_IDA),2024Q1,62,5.486186695434457,0.03225806451612903,0.0,345.0,0.9516129032258065,0.0,18710577.5
RAJGARH(DISTRICT COLLECTOR RAJGARH_IDA),2024Q3,99,5.0,0.5050505050505051,0.0,345.0,0.9393939393939394,0.0,45840547.0
RAJGARH(DISTRICT COLLECTOR RAJGARH_IDA),2024Q4,35,5.606905641866492,0.8857142857142857,0.0,345.0,0.0,0.0,14182285.0
RAJGARH(DISTRICT COLLECTOR RAJGARH_IDA),2025Q1,15,5.2201761047408715,0.26666666666666666,0.0,345.0,0.6666666666666666,0.0,4538056.0
RAJGARH(DISTRICT COLLECTOR RAJGARH_IDA),2025Q2,19,5.698970004336019,0.9473684210526315,0.0,345.0,0.0,0.0,9011798.0
RAJGARH(DISTRICT COLLECTOR RAJGARH_IDA),2025Q3,89,5.0,0.7752808988764045,0.0,345.0,0.9325842696629213,0.0,53361810.0
RAJGARH(DISTRICT COLLECTOR RAJGARH_IDA),2025Q4,21,5.104726044109975,0.047619047619047616,0.0,345.0,0.9047619047619048,0.0,2812400.0
RAJGARH(DISTRICT COLLECTOR RAJGARH_IDA),2026Q1,30,5.698970004336019,0.7666666666666667,0.0,345.0,0.2,0.0,19385439.0
RAJKOT(DISTRICT COLLECTOR RAJKOT_IDA),2023Q4,126,5.466542148122652,0.36507936507936506,0.9126984126984127,357.5,0.373015873015873,0.007936507936507936,45700960.0
RAJKOT(DISTRICT COLLECTOR RAJKOT_IDA),2024Q1,114,5.3979400086720375,0.4298245614035088,0.8947368421052632,497.0,0.13157894736842105,0.0,42462586.0
RAJKOT(DISTRICT COLLECTOR RAJKOT_IDA),2024Q2,3,5.477121254719663,0.3333333333333333,1.0,96.0,0.0,0.0,952368.0
RAJKOT(DISTRICT COLLECTOR RAJKOT_IDA),2024Q3,23,5.6020599913279625,0.6956521739130435,0.8260869565217391,326.0,0.0,0.0,9574069.0
RAJKOT(DISTRICT COLLECTOR RAJKOT_IDA),2024Q4,17,5.698970004336019,0.8823529411764706,0.7058823529411765,371.5,0.11764705882352941,0.0,7189451.0
RAJKOT(DISTRICT COLLECTOR RAJKOT_IDA),2025Q1,81,5.6020599913279625,0.7407407407407407,0.6049382716049383,315.0,0.0,0.0,32897939.0
RAJKOT(DISTRICT COLLECTOR RAJKOT_IDA),2025Q2,18,6.0,0.8888888888888888,0.1111111111111111,284.5,0.0,0.0,18648491.0
RAJKOT(DISTRICT COLLECTOR RAJKOT_IDA),2025Q3,56,5.4065401804339555,0.42857142857142855,0.10714285714285714,168.0,0.07142857142857142,0.0,22634511.0
RAJKOT(DISTRICT COLLECTOR RAJKOT_IDA),2025Q4,59,5.698970004336019,0.9322033898305084,0.01694915254237288,138.0,0.7627118644067796,0.0,32364659.0
RAJKOT(DISTRICT COLLECTOR RAJKOT_IDA),2026Q1,65,5.6020599913279625,0.6461538461538462,0.015384615384615385,106.0,0.27692307692307694,0.0,26155468.0
RAJNANDGAON(DISTRICT COLLECTOR RAJNANDGAON_IDA),2023Q3,53,5.698970004336019,0.660377358490566,0.9622641509433962,140.0,0.18867924528301888,0.0,26155780.0
RAJNANDGAON(DISTRICT COLLECTOR RAJNANDGAON_IDA),2023Q4,7,5.436781036437336,0.5714285714285714,0.8571428571428571,205.0,0.2857142857142857,0.0,1907799.0
RAJNANDGAON(DISTRICT COLLECTOR RAJNANDGAON_IDA),2024Q1,24,5.476966328724338,0.625,0.8333333333333334,200.0,0.041666666666666664,0.0,8444154.0
RAJNANDGAON(DISTRICT COLLECTOR RAJNANDGAON_IDA),2024Q4,13,5.6020599913279625,0.7692307692307693,0.9230769230769231,217.5,0.15384615384615385,0.0,5139888.0
RAJNANDGAON(DISTRICT COLLECTOR RAJNANDGAON_IDA),2025Q1,1,6.397926979642144,0.0,0.0,345.0,0.0,0.0,2499925.0
RAJNANDGAON(DISTRICT COLLECTOR RAJNANDGAON_IDA),2025Q2,23,5.6019535761435035,0.30434782608695654,0.8260869565217391,176.0,0.6521739130434783,0.0,9597128.0
RAJNANDGAON(DISTRICT COLLECTOR RAJNANDGAON_IDA),2025Q3,16,5.698970004336019,0.9375,0.5625,111.0,0.25,0.0,7799551.0
RAJNANDGAON(DISTRICT COLLECTOR RAJNANDGAON_IDA),2025Q4,13,5.653212513775344,0.8461538461538461,0.38461538461538464,80.0,0.46153846153846156,0.0,6499996.0
RAJNANDGAON(DISTRICT COLLECTOR RAJNANDGAON_IDA),2026Q1,21,5.477121254719663,0.9047619047619048,0.23809523809523808,136.0,0.0,0.0,6358000.0
RAJOURI(Deputy Commissioner Rajouri_IDA),2023Q3,5,5.5204835327407915,0.4,0.6,832.0,0.0,0.0,5618126.0
RAJOURI(Deputy Commissioner Rajouri_IDA),2024Q1,4,5.70070371714502,0.0,1.0,607.5,0.0,0.0,1968000.0
RAJOURI(Deputy Commissioner Rajouri_IDA),2025Q2,3,6.3979400086720375,0.6666666666666666,0.3333333333333333,334.0,0.0,0.0,22855000.0
RAJOURI(Deputy Commissioner Rajouri_IDA),2025Q3,9,6.0,0.5555555555555556,0.2222222222222222,286.5,0.0,0.0,12078000.0
RAJOURI(Deputy Commissioner Rajouri_IDA),2025Q4,2,5.0,1.0,0.0,345.0,0.0,0.0,200000.0
RAJOURI(Deputy Commissioner Rajouri_IDA),2026Q1,13,5.698970004336019,0.8461538461538461,0.0,345.0,0.0,0.0,6735000.0
RAJSAMAND(DISTRICT COLLECTOR RAJSAMAND_IDA),2023Q3,45,5.698970004336019,0.7555555555555555,0.35555555555555557,885.0,0.0,0.0,29037442.0
RAJSAMAND(DISTRICT COLLECTOR RAJSAMAND_IDA),2025Q1,2,5.977723605288848,1.0,0.0,345.0,0.0,0.0,1900000.0
RAJSAMAND(DISTRICT COLLECTOR RAJSAMAND_IDA),2025Q2,16,6.0,0.9375,0.125,272.5,0.0,0.0,14599936.0
RAJSAMAND(DISTRICT COLLECTOR RAJSAMAND_IDA),2025Q3,8,6.096910013008056,1.0,0.0,345.0,0.0,0.0,10950000.0
RAJSAMAND(DISTRICT COLLECTOR RAJSAMAND_IDA),2026Q1,45,5.698970004336019,0.7777777777777778,0.0,345.0,0.044444444444444446,0.0,26600000.0
RAMANAGARA(DEPUTY COMMISSIONER RAMANAGARA_IDA),2023Q4,5,5.698970004336019,1.0,0.0,345.0,0.0,0.0,2500000.0
RAMANAGARA(DEPUTY COMMISSIONER RAMANAGARA_IDA),2024Q1,50,6.079181246047625,0.94,0.06,759.0,0.88,0.0,55897229.0
RAMANAGARA(DEPUTY COMMISSIONER RAMANAGARA_IDA),2024Q3,11,5.6020599913279625,0.7272727272727273,0.36363636363636365,537.0,0.0,0.0,6198488.0
RAMANAGARA(DEPUTY COMMISSIONER RAMANAGARA_IDA),2024Q4,49,5.698970004336019,0.9387755102040817,0.42857142857142855,431.0,0.0,0.0,24943674.0
RAMANAGARA(DEPUTY COMMISSIONER RAMANAGARA_IDA),2025Q1,26,5.651498982644537,0.8461538461538461,0.23076923076923078,389.0,0.0,0.0,10046101.0
RAMANAGARA(DEPUTY COMMISSIONER RAMANAGARA_IDA),2025Q2,17,5.698970004336019,0.8823529411764706,0.17647058823529413,247.0,0.0,0.0,12725742.0
RAMANAGARA(DEPUTY COMMISSIONER RAMANAGARA_IDA),2025Q3,45,5.698970004336019,0.6888888888888889,0.044444444444444446,216.0,0.0,0.0,20561396.0
RAMANAGARA(DEPUTY COMMISSIONER RAMANAGARA_IDA),2025Q4,2,5.243038048686294,1.0,0.0,345.0,0.0,0.0,350000.0
RAMANAGARA(DEPUTY COMMISSIONER RAMANAGARA_IDA),2026Q1,5,5.431363764158987,0.8,0.0,345.0,0.0,0.0,2620000.0
RAMANATHAPURAM(DISTRICT COLLECTOR RAMANATHAPURAM_IDA),2023Q3,6,5.698970004336019,1.0,0.0,345.0,0.0,0.0,4000000.0
RAMANATHAPURAM(DISTRICT COLLECTOR RAMANATHAPURAM_IDA),2023Q4,29,5.633468455579586,0.3793103448275862,0.13793103448275862,921.0,0.0,0.0,17106254.0
RAMANATHAPURAM(DISTRICT COLLECTOR RAMANATHAPURAM_IDA),2024Q1,98,5.633468455579586,0.32653061224489793,0.2653061224489796,797.0,0.0,0.0,62890521.0
RAMANATHAPURAM(DISTRICT COLLECTOR RAMANATHAPURAM_IDA),2024Q4,4,5.740362689494244,1.0,0.0,345.0,0.0,0.0,2200000.0
RAMANATHAPURAM(DISTRICT COLLECTOR RAMANATHAPURAM_IDA),2025Q1,4,5.954242509439325,0.75,0.5,442.5,0.0,0.0,3399477.0
RAMANATHAPURAM(DISTRICT COLLECTOR RAMANATHAPURAM_IDA),2025Q2,15,5.740362689494244,0.6666666666666666,0.0,345.0,0.0,0.0,8575000.0
RAMANATHAPURAM(DISTRICT COLLECTOR RAMANATHAPURAM_IDA),2025Q3,67,5.633468455579586,0.3582089552238806,0.1044776119402985,303.0,0.0,0.0,40396420.0
RAMANATHAPURAM(DISTRICT COLLECTOR RAMANATHAPURAM_IDA),2025Q4,3,5.739722620727211,0.3333333333333333,0.3333333333333333,149.0,0.0,0.0,1979190.0
RAMANATHAPURAM(DISTRICT COLLECTOR RAMANATHAPURAM_IDA),2026Q1,2,6.300927055672899,0.5,0.5,83.0,0.0,0.0,3999052.0
RAMBAN(Deputy Commissioner Ramban_IDA),2024Q1,26,5.29928933408768,0.38461538461538464,0.5,786.0,0.0,0.0,10540300.0
RAMBAN(Deputy Commissioner Ramban_IDA),2024Q4,12,5.298743943482407,0.5,0.5833333333333334,446.0,0.0,0.0,2471700.0
RAMBAN(Deputy Commissioner Ramban_IDA),2025Q1,8,5.277609214304091,0.25,0.75,388.0,0.0,0.0,1538000.0
RAMBAN(Deputy Commissioner Ramban_IDA),2025Q2,1,6.903089986991944,1.0,0.0,345.0,0.0,0.0,8000000.0
RAMBAN(Deputy Commissioner Ramban_IDA),2025Q3,16,5.3979400086720375,0.875,0.125,225.0,0.0,0.0,3966500.0
RAMBAN(Deputy Commissioner Ramban_IDA),2026Q1,11,5.477121254719663,1.0,0.0,345.0,0.5454545454545454,0.0,3800000.0
RAMGARH(Deputy Commissioner ramgarh_IDA),2023Q3,1,5.698970004336019,1.0,0.0,345.0,0.0,0.0,500000.0
RAMGARH(Deputy Commissioner ramgarh_IDA),2023Q4,2,5.778151250383644,1.0,0.0,345.0,0.0,0.0,1200000.0
RAMGARH(Deputy Commissioner ramgarh_IDA),2024Q1,22,5.698970004336019,1.0,0.0,345.0,0.09090909090909091,0.0,12200000.0
RAMGARH(Deputy Commissioner ramgarh_IDA),2025Q2,3,6.173157120153469,0.0,0.0,345.0,0.0,0.0,4229450.0
RAMGARH(Deputy Commissioner ramgarh_IDA),2026Q1,31,5.698970004336019,0.967741935483871,0.0,345.0,0.12903225806451613,0.0,15496400.0
RAMPUR(DISTRICT MAGISTRATE RAMPUR_IDA),2023Q3,235,5.135866990080816,0.0,0.9957446808510638,271.0,0.00851063829787234,0.0,36681436.84
RAMPUR(DISTRICT MAGISTRATE RAMPUR_IDA),2023Q4,1,6.603963560515843,0.0,1.0,618.0,0.0,0.0,4017571.0
RAMPUR(DISTRICT MAGISTRATE RAMPUR_IDA),2024Q1,117,4.517407053652154,0.0,0.9914529914529915,104.0,0.0,0.0,12240229.0
RAMPUR(DISTRICT MAGISTRATE RAMPUR_IDA),2024Q3,5,5.7679265186139945,0.0,1.0,356.0,0.0,0.0,3025592.0
RAMPUR(DISTRICT MAGISTRATE RAMPUR_IDA),2024Q4,73,5.302118709049127,0.0,0.9863013698630136,312.0,0.0,0.0,32379149.0
RAMPUR(DISTRICT MAGISTRATE RAMPUR_IDA),2025Q1,22,5.237619129946189,0.0,1.0,183.0,0.0,0.0,3802260.0
RAMPUR(DISTRICT MAGISTRATE RAMPUR_IDA),2025Q4,57,5.241048150671644,0.0,0.0,345.0,0.0,0.0,9929400.0
RAMPUR(DISTRICT MAGISTRATE RAMPUR_IDA),2026Q1,81,5.241048150671644,0.0,0.0,345.0,0.024691358024691357,0.0,14930500.0
RANCHI(DEPUTY COMMISSIONER RANCHI_IDA),2023Q2,35,5.698970004336019,0.9428571428571428,1.0,277.0,0.0,0.0,27258000.0
RANCHI(DEPUTY COMMISSIONER RANCHI_IDA),2023Q3,69,5.663512470415156,0.2318840579710145,1.0,270.0,0.0,0.0,51348350.0
RANCHI(DEPUTY COMMISSIONER RANCHI_IDA),2023Q4,118,5.745348092384291,0.2457627118644068,0.7627118644067796,188.5,0.0,0.0,84720700.0
RANCHI(DEPUTY COMMISSIONER RANCHI_IDA),2024Q1,117,5.684845361644412,0.5042735042735043,0.8632478632478633,500.0,0.1452991452991453,0.0,78390424.0
RANCHI(DEPUTY COMMISSIONER RANCHI_IDA),2024Q3,211,5.698970004336019,0.5071090047393365,0.8009478672985783,332.0,0.009478672985781991,0.0,134680300.0
RANCHI(DEPUTY COMMISSIONER RANCHI_IDA),2024Q4,110,5.805568817548556,0.18181818181818182,0.6909090909090909,459.0,0.0,0.0,79741775.0
RANCHI(DEPUTY COMMISSIONER RANCHI_IDA),2025Q1,24,6.135132651376775,0.20833333333333334,0.875,286.0,0.0,0.0,29513500.0
RANCHI(DEPUTY COMMISSIONER RANCHI_IDA),2025Q2,183,5.707570176097937,0.3770491803278688,0.20765027322404372,230.0,0.02185792349726776,0.0,129805325.0
RANCHI(DEPUTY COMMISSIONER RANCHI_IDA),2025Q3,290,5.613736141261871,0.5344827586206896,0.010344827586206896,115.0,0.04482758620689655,0.0,132487296.0
RANCHI(DEPUTY COMMISSIONER RANCHI_IDA),2025Q4,104,5.845098040014257,0.5769230769230769,0.0,345.0,0.17307692307692307,0.0,77608970.0
RANCHI(DEPUTY COMMISSIONER RANCHI_IDA),2026Q1,65,5.301029995663981,0.9384615384615385,0.0,345.0,0.0,0.0,23093000.0
RANGA REDDY(DISTRICT COLLECTOR RANGAREDDY_IDA),2019Q3,2,5.698970004336019,1.0,0.0,345.0,0.0,0.0,1000000.0
RANGA REDDY(DISTRICT COLLECTOR RANGAREDDY_IDA),2020Q4,3,4.778151250383644,0.3333333333333333,0.0,345.0,0.0,0.0,220000.0
RANGA REDDY(DISTRICT COLLECTOR RANGAREDDY_IDA),2021Q3,1,6.1679140057345405,0.0,0.0,345.0,0.0,0.0,1472021.0
RANGA REDDY(DISTRICT COLLECTOR RANGAREDDY_IDA),2022Q2,6,5.663701396424623,0.6666666666666666,0.3333333333333333,1153.0,0.0,0.0,2571805.0
RANGA REDDY(DISTRICT COLLECTOR RANGAREDDY_IDA),2023Q1,4,5.664164647431093,0.0,0.75,860.0,0.0,0.0,1813972.0
RANGA REDDY(DISTRICT COLLECTOR RANGAREDDY_IDA),2023Q3,4,5.873856017776387,0.75,0.5,714.5,0.0,0.0,2995843.0
RANGA REDDY(DISTRICT COLLECTOR RANGAREDDY_IDA),2023Q4,52,5.0,0.38461538461538464,0.9038461538461539,605.0,0.019230769230769232,0.0,10208917.0
RANGA REDDY(DISTRICT COLLECTOR RANGAREDDY_IDA),2024Q1,87,5.697229342759718,0.21839080459770116,0.7816091954022989,514.0,0.4942528735632184,0.0,46388802.0
RANGA REDDY(DISTRICT COLLECTOR RANGAREDDY_IDA),2024Q4,68,4.999591571195385,0.16176470588235295,0.8382352941176471,281.0,0.014705882352941176,0.0,17835267.0
RANGA REDDY(DISTRICT COLLECTOR RANGAREDDY_IDA),2025Q1,14,5.6147543602532615,0.5714285714285714,0.42857142857142855,187.0,0.0,0.0,5625594.0
RANGA REDDY(DISTRICT COLLECTOR RANGAREDDY_IDA),2025Q2,41,5.698970004336019,0.8292682926829268,0.17073170731707318,79.0,0.0,0.0,30040123.0
RANGA REDDY(DISTRICT COLLECTOR RANGAREDDY_IDA),2025Q3,88,5.476812796121746,0.36363636363636365,0.6477272727272727,190.0,0.13636363636363635,0.0,35110590.0
RANGA REDDY(DISTRICT COLLECTOR RANGAREDDY_IDA),2025Q4,22,5.3979400086720375,0.8636363636363636,0.13636363636363635,187.0,0.0,0.0,6449722.0
RANGA REDDY(DISTRICT COLLECTOR RANGAREDDY_IDA),2026Q1,15,5.3979400086720375,1.0,0.0,345.0,0.0,0.0,5100000.0
RATLAM(District Collector Ratlam_IDA),2023Q3,9,5.301029995663981,0.6666666666666666,0.4444444444444444,501.0,0.2222222222222222,0.0,1775000.0
RATLAM(District Collector Ratlam_IDA),2023Q4,15,5.3979400086720375,0.8666666666666667,0.8666666666666667,636.0,0.8,0.0,7523422.0
RATLAM(District Collector Ratlam_IDA),2024Q1,83,5.477121254719663,0.7590361445783133,0.7831325301204819,503.0,0.5783132530120482,0.0,33203107.0
RATLAM(District Collector Ratlam_IDA),2025Q1,28,5.477121254719663,0.6785714285714286,0.35714285714285715,196.0,0.17857142857142858,0.0,16955272.0
RATLAM(District Collector Ratlam_IDA),2025Q2,18,5.698970004336019,0.5555555555555556,0.2222222222222222,143.0,0.0,0.0,7673696.0
RATLAM(District Collector Ratlam_IDA),2025Q3,8,5.698970004336019,1.0,0.0,345.0,0.0,0.0,8000000.0
RATLAM(District Collector Ratlam_IDA),2025Q4,6,6.0,1.0,0.0,345.0,0.0,0.0,6000000.0
RATLAM(District Collector Ratlam_IDA),2026Q1,17,5.698970004336019,1.0,0.0,345.0,0.058823529411764705,0.0,12150000.0
RATNAGIRI(District Collector Ratnagiri_IDA),2024Q1,74,5.725386406268606,0.32432432432432434,0.7432432432432432,717.0,0.0,0.0,46194326.0
RATNAGIRI(District Collector Ratnagiri_IDA),2024Q3,1,6.0,1.0,0.0,345.0,0.0,0.0,1000000.0
RATNAGIRI(District Collector Ratnagiri_IDA),2025Q1,1,6.0,1.0,0.0,345.0,0.0,0.0,1000000.0
RATNAGIRI(District Collector Ratnagiri_IDA),2025Q2,20,6.0,1.0,0.0,345.0,0.0,0.0,17250000.0
RATNAGIRI(District Collector Ratnagiri_IDA),2025Q3,1,5.845098040014257,1.0,0.0,345.0,0.0,0.0,700000.0
RATNAGIRI(District Collector Ratnagiri_IDA),2025Q4,3,6.0,1.0,0.0,345.0,0.0,0.0,2500000.0
RATNAGIRI(District Collector Ratnagiri_IDA),2026Q1,13,6.0,1.0,0.0,345.0,0.0,0.0,11700000.0
RAYAGADA(DISTRICT COLLECTOR RAYAGADA_IDA),2023Q2,53,5.3979400086720375,0.9622641509433962,0.41509433962264153,987.0,0.0,0.0,19776114.0
RAYAGADA(DISTRICT COLLECTOR RAYAGADA_IDA),2024Q1,18,5.477121254719663,0.8888888888888888,0.7777777777777778,809.0,0.0,0.0,6297181.0
RAYAGADA(DISTRICT COLLECTOR RAYAGADA_IDA),2024Q3,1,5.698970004336019,1.0,0.0,345.0,0.0,0.0,500000.0
RAYAGADA(DISTRICT COLLECTOR RAYAGADA_IDA),2024Q4,32,5.436974003446519,0.46875,0.6875,448.0,0.0,0.0,10112424.0
RAYAGADA(DISTRICT COLLECTOR RAYAGADA_IDA),2025Q1,11,5.698970004336019,1.0,0.09090909090909091,351.0,0.0,0.0,4950000.0
RAYAGADA(DISTRICT COLLECTOR RAYAGADA_IDA),2025Q3,13,5.698970004336019,0.5384615384615384,0.0,345.0,0.0,0.0,6350000.0
RAYAGADA(DISTRICT COLLECTOR RAYAGADA_IDA),2025Q4,61,5.301029995663981,1.0,0.0,345.0,0.0,0.0,14250000.0
RAYAGADA(DISTRICT COLLECTOR RAYAGADA_IDA),2026Q1,183,5.3979400086720375,0.9890710382513661,0.0,345.0,0.0,0.0,59340000.0
REASI(DC Reasi_2),2023Q4,1,5.845098040014257,1.0,0.0,345.0,0.0,0.0,700000.0
REASI(DC Reasi_2),2024Q1,11,5.301029995663981,1.0,0.0,345.0,0.0,0.0,2200000.0
REASI(DC Reasi_2),2025Q1,1,5.997309917369754,0.0,0.0,345.0,0.0,0.0,993825.0
REWA(DISTRICT COLLECTOR REWA_IDA),2023Q2,3,4.969304062463188,0.6666666666666666,0.0,345.0,0.0,0.0,243176.0
REWA(DISTRICT COLLECTOR REWA_IDA),2023Q3,91,5.542700969448111,0.24175824175824176,0.0,345.0,0.8571428571428571,0.0,41909900.0
REWA(DISTRICT COLLECTOR REWA_IDA),2023Q4,6,6.031408464251625,0.6666666666666666,0.0,345.0,0.0,0.0,12557000.0
REWA(DISTRICT COLLECTOR REWA_IDA),2024Q1,24,5.698970004336019,0.4583333333333333,0.0,345.0,0.16666666666666666,0.0,19032685.0
REWA(DISTRICT COLLECTOR REWA_IDA),2024Q4,23,5.905150703355961,0.08695652173913043,0.0,345.0,0.7391304347826086,0.0,28309297.0
REWA(DISTRICT COLLECTOR REWA_IDA),2025Q1,14,5.698970004336019,0.6428571428571429,0.0,345.0,0.5,0.0,10921814.0
REWA(DISTRICT COLLECTOR REWA_IDA),2025Q2,2,5.8750612633917,1.0,0.0,345.0,0.5,0.0,1500000.0
REWA(DISTRICT COLLECTOR REWA_IDA),2025Q3,12,5.968225564493891,0.4166666666666667,0.0,345.0,0.5,0.0,17539618.0
REWA(DISTRICT COLLECTOR REWA_IDA),2025Q4,15,6.0,0.4,0.0,345.0,0.8,0.0,19408606.0
REWA(DISTRICT COLLECTOR REWA_IDA),2026Q1,5,5.096910013008056,0.4,0.0,345.0,0.4,0.0,5225000.0
REWARI(District Commissioner Rewari),2023Q3,40,5.839014909216657,0.625,0.575,872.0,0.0,0.0,28025262.0
REWARI(District Commissioner Rewari),2023Q4,27,5.768638101247615,0.5555555555555556,0.4444444444444444,835.0,0.0,0.0,16868257.0
REWARI(District Commissioner Rewari),2024Q1,19,5.703291378118661,0.5263157894736842,0.631578947368421,723.0,0.05263157894736842,0.0,14603312.0
REWARI(District Commissioner Rewari),2024Q3,3,5.903089986991944,0.6666666666666666,0.6666666666666666,464.0,0.3333333333333333,0.0,2063371.0
REWARI(District Commissioner Rewari),2024Q4,3,6.0,0.6666666666666666,0.6666666666666666,441.5,0.0,0.0,3744320.0
REWARI(District Commissioner Rewari),2025Q1,6,6.021189299069938,1.0,0.0,345.0,0.0,0.0,7300000.0
REWARI(District Commissioner Rewari),2025Q2,2,5.740362689494244,1.0,0.0,345.0,0.0,0.0,1100000.0
REWARI(District Commissioner Rewari),2025Q3,15,6.0,0.6,0.2,192.0,0.0,0.0,13139725.0
REWARI(District Commissioner Rewari),2025Q4,2,6.190276357121762,0.5,0.0,345.0,0.0,0.0,3099605.0
REWARI(District Commissioner Rewari),2026Q1,3,6.0,0.6666666666666666,0.0,345.0,0.0,0.0,3046000.0
RI BHOI(DEPUTY COMMISSIONER RIBHOI NONGPOH_IDA),2024Q1,26,5.096910013008056,1.0,0.6923076923076923,549.0,0.0,0.0,9800000.0
RI BHOI(DEPUTY COMMISSIONER RIBHOI NONGPOH_IDA),2024Q3,8,6.0,1.0,0.125,564.0,0.0,0.0,8000000.0
RI BHOI(DEPUTY COMMISSIONER RIBHOI NONGPOH_IDA),2025Q1,35,5.477121254719663,0.9428571428571428,0.34285714285714286,426.5,0.0,0.0,11700000.0
RI BHOI(DEPUTY COMMISSIONER RIBHOI NONGPOH_IDA),2025Q3,35,5.6020599913279625,0.9428571428571428,0.17142857142857143,188.0,0.0,0.0,13706000.0
RI BHOI(DEPUTY COMMISSIONER RIBHOI NONGPOH_IDA),2025Q4,7,5.698970004336019,0.8571428571428571,0.14285714285714285,160.0,0.0,0.0,3220000.0
ROHTAK(DEPUTY COMMISSIONER ROHTAK_IDA),2023Q3,17,6.040020914115347,0.4117647058823529,0.29411764705882354,661.0,0.0,0.0,14555216.0
ROHTAK(DEPUTY COMMISSIONER ROHTAK_IDA),2023Q4,47,5.698970004336019,0.723404255319149,0.2553191489361702,650.0,0.0,0.0,27326998.0
ROHTAK(DEPUTY COMMISSIONER ROHTAK_IDA),2024Q1,11,5.6020599913279625,1.0,0.0,345.0,0.0,0.0,4050000.0
ROHTAK(DEPUTY COMMISSIONER ROHTAK_IDA),2024Q3,5,6.041392685158225,1.0,0.0,345.0,0.0,0.0,4300000.0
ROHTAK(DEPUTY COMMISSIONER ROHTAK_IDA),2024Q4,10,5.697024792475762,0.5,0.5,392.0,0.0,0.0,7872598.0
ROHTAK(DEPUTY COMMISSIONER ROHTAK_IDA),2025Q1,9,5.698970004336019,0.7777777777777778,0.1111111111111111,177.0,0.0,0.0,5140049.0
ROHTAK(DEPUTY COMMISSIONER ROHTAK_IDA),2025Q2,8,5.785329835010767,0.625,0.125,249.0,0.0,0.0,6764973.0
ROHTAK(DEPUTY COMMISSIONER ROHTAK_IDA),2025Q3,17,5.698970004336019,0.8235294117647058,0.11764705882352941,186.0,0.0,0.0,13736455.0
ROHTAK(DEPUTY COMMISSIONER ROHTAK_IDA),2025Q4,15,5.698970004336019,0.7333333333333333,0.13333333333333333,57.0,0.0,0.0,7869498.0
ROHTAK(DEPUTY COMMISSIONER ROHTAK_IDA),2026Q1,1,5.176091259055681,1.0,0.0,345.0,0.0,0.0,150000.0
ROHTAS(District Planning Officer Rohtas_IDA),2023Q3,64,5.6983415600403795,0.09375,1.0,703.0,0.484375,0.0,40158877.0
ROHTAS(District Planning Officer Rohtas_IDA),2023Q4,28,5.778151250383644,0.42857142857142855,1.0,627.0,0.17857142857142858,0.0,19030321.0
ROHTAS(District Planning Officer Rohtas_IDA),2024Q1,15,5.694080218931906,0.2,0.8,479.5,0.06666666666666667,0.0,6068426.0
ROHTAS(District Planning Officer Rohtas_IDA),2024Q3,13,6.069570795170201,0.0,0.9230769230769231,319.0,0.0,0.0,14296605.0
ROHTAS(District Planning Officer Rohtas_IDA),2024Q4,6,5.864529472921598,0.0,0.6666666666666666,450.5,0.0,0.0,4023464.0
ROHTAS(District Planning Officer Rohtas_IDA),2025Q1,22,5.676464516015995,0.5,0.5909090909090909,360.0,0.22727272727272727,0.0,12401329.0
ROHTAS(District Planning Officer Rohtas_IDA),2025Q2,16,5.845098040014257,0.375,0.5625,270.0,0.1875,0.0,12982356.0
ROHTAS(District Planning Officer Rohtas_IDA),2025Q3,45,5.860338006570994,0.3333333333333333,0.7333333333333333,181.0,0.0,0.0,35429360.0
ROHTAS(District Planning Officer Rohtas_IDA),2025Q4,1,5.0,1.0,0.0,345.0,0.0,0.0,100000.0
ROHTAS(District Planning Officer Rohtas_IDA),2026Q1,6,5.8750612633917,0.5,0.16666666666666666,13.0,0.0,0.0,4251000.0
RUDRA PRAYAG(DM Rudraprayag_IDA),2023Q4,44,5.301029995663981,0.6136363636363636,0.7045454545454546,638.0,0.0,0.0,12873298.0
RUDRA PRAYAG(DM Rudraprayag_IDA),2024Q1,3,5.3979400086720375,1.0,0.3333333333333333,617.0,0.0,0.0,750000.0
RUDRA PRAYAG(DM Rudraprayag_IDA),2025Q4,2,5.6020599913279625,1.0,0.0,345.0,0.0,0.0,800000.0
RUDRA PRAYAG(DM Rudraprayag_IDA),2026Q1,1,6.0,1.0,0.0,345.0,0.0,0.0,1000000.0
RUPNAGAR(DEPUTY COMMISSIONER ROOPNAGAR_IDA),2023Q3,21,5.477121254719663,0.7619047619047619,0.6190476190476191,889.0,0.0,0.0,11398720.0
RUPNAGAR(DEPUTY COMMISSIONER ROOPNAGAR_IDA),2023Q4,36,5.477056105661076,0.6944444444444444,0.6388888888888888,794.0,0.0,0.0,10239349.0
RUPNAGAR(DEPUTY COMMISSIONER ROOPNAGAR_IDA),2024Q1,25,5.3979400086720375,0.8,0.56,773.5,0.0,0.0,13689896.0
RUPNAGAR(DEPUTY COMMISSIONER ROOPNAGAR_IDA),2024Q3,17,5.301029995663981,0.9411764705882353,0.5882352941176471,507.0,0.0,0.0,7318662.0
RUPNAGAR(DEPUTY COMMISSIONER ROOPNAGAR_IDA),2024Q4,16,5.477121254719663,0.875,0.0625,414.0,0.0,0.0,6035800.0
RUPNAGAR(DEPUTY COMMISSIONER ROOPNAGAR_IDA),2025Q1,14,5.740362689494244,0.9285714285714286,0.42857142857142855,463.0,0.0,0.0,12646052.0
RUPNAGAR(DEPUTY COMMISSIONER ROOPNAGAR_IDA),2025Q2,7,5.477121254719663,0.7142857142857143,0.8571428571428571,294.0,0.0,0.0,2914875.0
RUPNAGAR(DEPUTY COMMISSIONER ROOPNAGAR_IDA),2025Q3,19,5.477121254719663,0.7368421052631579,0.5263157894736842,229.5,0.0,0.0,7651417.0
RUPNAGAR(DEPUTY COMMISSIONER ROOPNAGAR_IDA),2025Q4,11,5.698970004336019,1.0,0.09090909090909091,113.0,0.36363636363636365,0.0,7000000.0
RUPNAGAR(DEPUTY COMMISSIONER ROOPNAGAR_IDA),2026Q1,10,5.477121254719663,1.0,0.0,345.0,0.0,0.0,14200000.0
"Ranipet(District Collector, Ranipet_2)",2023Q4,41,5.963787827345556,0.7560975609756098,0.0,345.0,0.0975609756097561,0.0,43882000.0
"Ranipet(District Collector, Ranipet_2)",2024Q1,18,5.845098040014257,0.8333333333333334,0.0,345.0,0.0,0.0,16289000.0
"Ranipet(District Collector, Ranipet_2)",2024Q4,21,5.902754364853926,0.9523809523809523,0.047619047619047616,511.0,0.14285714285714285,0.0,22799382.0
"Ranipet(District Collector, Ranipet_2)",2025Q1,8,5.3222192947339195,0.625,0.0,345.0,0.375,0.0,5480000.0
"Ranipet(District Collector, Ranipet_2)",2025Q2,3,6.290034611362518,1.0,0.0,345.0,0.0,0.0,6250000.0
"Ranipet(District Collector, Ranipet_2)",2025Q3,35,5.903089986991944,0.9142857142857143,0.0,345.0,0.0,0.0,35788000.0
"Ranipet(District Collector, Ranipet_2)",2025Q4,2,5.8750612633917,1.0,0.0,345.0,0.0,0.0,1500000.0
S.A.S Nagar(DEPUTY COMMISSIONER SAHIBZADA AJIT SINGH NAGAR MOHALI_IDA),2023Q3,22,5.4962978019431565,0.7272727272727273,0.8181818181818182,199.0,0.0,0.0,8379269.0
S.A.S Nagar(DEPUTY COMMISSIONER SAHIBZADA AJIT SINGH NAGAR MOHALI_IDA),2023Q4,16,5.477121254719663,0.8125,0.875,138.5,0.0,0.0,7448617.0
S.A.S Nagar(DEPUTY COMMISSIONER SAHIBZADA AJIT SINGH NAGAR MOHALI_IDA),2024Q1,12,5.427734345521248,0.6666666666666666,1.0,254.0,0.0,0.0,3572913.74
S.A.S Nagar(DEPUTY COMMISSIONER SAHIBZADA AJIT SINGH NAGAR MOHALI_IDA),2024Q3,3,5.836752501099801,0.0,1.0,96.0,0.6666666666666666,0.0,2132378.0
S.A.S Nagar(DEPUTY COMMISSIONER SAHIBZADA AJIT SINGH NAGAR MOHALI_IDA),2024Q4,2,5.698970004336019,1.0,1.0,489.5,0.0,0.0,1000000.0
S.A.S Nagar(DEPUTY COMMISSIONER SAHIBZADA AJIT SINGH NAGAR MOHALI_IDA),2025Q1,6,5.365575958051891,0.8333333333333334,1.0,241.0,0.0,0.0,2314094.0
S.A.S Nagar(DEPUTY COMMISSIONER SAHIBZADA AJIT SINGH NAGAR MOHALI_IDA),2025Q2,22,5.653212513775344,0.9545454545454546,0.22727272727272727,172.0,0.0,0.0,10249800.0
S.A.S Nagar(DEPUTY COMMISSIONER SAHIBZADA AJIT SINGH NAGAR MOHALI_IDA),2025Q3,26,5.477121254719663,0.8076923076923077,0.34615384615384615,176.0,0.0,0.0,10509199.0
S.A.S Nagar(DEPUTY COMMISSIONER SAHIBZADA AJIT SINGH NAGAR MOHALI_IDA),2025Q4,22,5.477121254719663,0.7272727272727273,0.045454545454545456,144.0,0.0,0.0,6645333.0
S.A.S Nagar(DEPUTY COMMISSIONER SAHIBZADA AJIT SINGH NAGAR MOHALI_IDA),2026Q1,14,5.477121254719663,1.0,0.07142857142857142,112.0,0.0,0.0,4000000.0
SABAR KANTHA(DISTRICT COLLECTOR SABARKANTHA_IDA),2023Q3,127,5.57969558592304,0.7795275590551181,0.8188976377952756,693.0,0.3228346456692913,0.18110236220472442,42096386.0
SABAR KANTHA(DISTRICT COLLECTOR SABARKANTHA_IDA),2023Q4,141,4.3979400086720375,0.20567375886524822,0.900709219858156,662.0,0.0,0.0070921985815602835,29835454.0
SABAR KANTHA(DISTRICT COLLECTOR SABARKANTHA_IDA),2024Q1,155,5.176091259055681,0.8,0.9225806451612903,533.0,0.0,0.0,38363324.0
SABAR KANTHA(DISTRICT COLLECTOR SABARKANTHA_IDA),2024Q3,72,5.165624130566475,0.1388888888888889,0.9444444444444444,331.0,0.0,0.0,21579548.0
SABAR KANTHA(DISTRICT COLLECTOR SABARKANTHA_IDA),2024Q4,28,5.698970004336019,0.9642857142857143,0.75,266.0,0.0,0.0,11438194.0
SABAR KANTHA(DISTRICT COLLECTOR SABARKANTHA_IDA),2025Q1,38,5.3979400086720375,0.8421052631578947,0.4473684210526316,214.0,0.4473684210526316,0.0,10950000.0
SABAR KANTHA(DISTRICT COLLECTOR SABARKANTHA_IDA),2025Q2,65,5.176091259055681,0.9692307692307692,0.13846153846153847,238.0,0.0,0.0,16990810.0
SABAR KANTHA(DISTRICT COLLECTOR SABARKANTHA_IDA),2025Q3,60,5.3979400086720375,0.9333333333333333,0.11666666666666667,138.0,0.0,0.0,21916249.0
SABAR KANTHA(DISTRICT COLLECTOR SABARKANTHA_IDA),2025Q4,34,5.698970004336019,0.9705882352941176,0.029411764705882353,85.0,0.0,0.0,23066000.0
SABAR KANTHA(DISTRICT COLLECTOR SABARKANTHA_IDA),2026Q1,28,5.653212513775344,1.0,0.0,345.0,0.0,0.0,11000000.0
SAGAR(DISTRICT COLLECTOR SAGAR_IDA),2023Q1,4,5.301029995663981,0.75,0.0,345.0,0.0,0.0,675000.0
SAGAR(DISTRICT COLLECTOR SAGAR_IDA),2023Q3,51,5.423281927076516,0.39215686274509803,0.7647058823529411,881.0,0.9803921568627451,0.0,14212865.0
SAGAR(DISTRICT COLLECTOR SAGAR_IDA),2023Q4,27,5.423281927076516,0.5185185185185185,0.7037037037037037,876.0,0.9629629629629629,0.0,7512021.0
SAGAR(DISTRICT COLLECTOR SAGAR_IDA),2024Q1,94,5.3979400086720375,0.574468085106383,0.5212765957446809,748.0,0.14893617021276595,0.0,39337456.0
SAGAR(DISTRICT COLLECTOR SAGAR_IDA),2024Q3,3,6.113846460422531,0.0,0.6666666666666666,54.5,0.0,0.0,4024130.0
SAGAR(DISTRICT COLLECTOR SAGAR_IDA),2024Q4,54,5.698970004336019,0.48148148148148145,0.8333333333333334,426.0,0.0,0.0,25568692.0
SAGAR(DISTRICT COLLECTOR SAGAR_IDA),2025Q1,15,5.698970004336019,0.7333333333333333,0.8666666666666667,290.0,0.0,0.0,7994091.0
SAGAR(DISTRICT COLLECTOR SAGAR_IDA),2025Q2,17,5.778151250383644,0.5294117647058824,0.7058823529411765,264.5,0.29411764705882354,0.0,19741100.0
SAGAR(DISTRICT COLLECTOR SAGAR_IDA),2025Q3,33,5.698970004336019,0.45454545454545453,0.3939393939393939,197.0,0.12121212121212122,0.0,20807822.0
SAGAR(DISTRICT COLLECTOR SAGAR_IDA),2025Q4,18,5.698589830313952,0.7777777777777778,0.16666666666666666,145.0,0.05555555555555555,0.0,9373989.0
SAGAR(DISTRICT COLLECTOR SAGAR_IDA),2026Q1,35,5.300169240160376,0.34285714285714286,0.02857142857142857,109.0,0.0,0.0,12091331.0
SAHARANPUR(DISTRICT MAGISTRAE SAHARANPUR_IDA),2023Q3,5,5.936497657200205,0.0,1.0,691.0,0.0,0.0,3997597.0
SAHARANPUR(DISTRICT MAGISTRAE SAHARANPUR_IDA),2023Q4,30,6.055358451243005,0.0,0.9666666666666667,228.0,0.0,0.0,35256643.0
SAHARANPUR(DISTRICT MAGISTRAE SAHARANPUR_IDA),2024Q1,75,5.929494537465133,0.0,0.9466666666666667,210.0,0.0,0.0,69373466.0
SAHARANPUR(DISTRICT MAGISTRAE SAHARANPUR_IDA),2025Q1,57,5.920489607756557,0.0,0.7543859649122807,205.0,0.0,0.0,47897911.0
SAHARANPUR(DISTRICT MAGISTRAE SAHARANPUR_IDA),2025Q2,28,5.961465233229706,0.0,0.6428571428571429,255.0,0.0,0.0,25042270.0
SAHARANPUR(DISTRICT MAGISTRAE SAHARANPUR_IDA),2025Q3,3,4.964655548876782,0.0,0.0,345.0,0.0,0.0,2661970.0
SAHARANPUR(DISTRICT MAGISTRAE SAHARANPUR_IDA),2025Q4,13,5.8779360222265575,0.0,0.0,345.0,0.0,0.0,11029432.0
SAHARANPUR(DISTRICT MAGISTRAE SAHARANPUR_IDA),2026Q1,42,5.903291344371792,0.047619047619047616,0.0,345.0,0.0,0.0,38390373.0
SAHARSA(DISTRICT PLANNING OFFICER SAHARSA_IDA),2023Q3,1,5.951838077657571,0.0,1.0,844.0,0.0,0.0,895031.0
SAHARSA(DISTRICT PLANNING OFFICER SAHARSA_IDA),2023Q4,73,5.774086837756384,0.0,0.9452054794520548,90.0,0.0,0.0,68995550.0
SAHARSA(DISTRICT PLANNING OFFICER SAHARSA_IDA),2024Q1,34,5.300812794118117,0.058823529411764705,0.9117647058823529,314.0,0.0,0.0,10485796.0
SAHARSA(DISTRICT PLANNING OFFICER SAHARSA_IDA),2024Q4,5,6.077971863149292,0.2,0.6,380.0,0.0,0.0,5975044.0
SAHARSA(DISTRICT PLANNING OFFICER SAHARSA_IDA),2025Q1,1,5.297760511099134,0.0,0.0,345.0,0.0,0.0,198500.0
SAHARSA(DISTRICT PLANNING OFFICER SAHARSA_IDA),2025Q2,74,5.84323277809801,0.02702702702702703,0.972972972972973,98.0,0.0,0.0,66032000.0
SAHARSA(DISTRICT PLANNING OFFICER SAHARSA_IDA),2025Q3,63,5.84323277809801,0.06349206349206349,0.9206349206349206,84.5,0.031746031746031744,0.0,48896423.0
SAHARSA(DISTRICT PLANNING OFFICER SAHARSA_IDA),2025Q4,14,5.84323277809801,0.0,0.7857142857142857,89.0,0.0,0.0,10077370.0
SAHARSA(DISTRICT PLANNING OFFICER SAHARSA_IDA),2026Q1,30,5.84323277809801,0.03333333333333333,0.8666666666666667,94.0,0.0,0.0,22417200.0
SAHEBGANJ(DEPUTY COMMISSIONER SAHEBGANJ_IDA),2024Q1,230,5.301029995663981,0.9782608695652174,0.004347826086956522,134.0,0.0,0.0,44425000.0
SAHEBGANJ(DEPUTY COMMISSIONER SAHEBGANJ_IDA),2025Q2,130,5.176091259055681,1.0,0.0,345.0,0.0,0.0,21300000.0
"SAITUAL(Dy. Commissioners Office, Saitual)",2023Q4,1,5.778151250383644,1.0,1.0,788.0,0.0,0.0,600000.0
"SAITUAL(Dy. Commissioners Office, Saitual)",2024Q1,1,6.0,1.0,0.0,345.0,0.0,0.0,1000000.0
"SAITUAL(Dy. Commissioners Office, Saitual)",2025Q3,2,6.176091259055681,1.0,0.0,345.0,0.0,0.0,3000000.0
"SAITUAL(Dy. Commissioners Office, Saitual)",2025Q4,2,5.698970004336019,1.0,1.0,156.0,0.0,0.0,1000000.0
SAKTI(COLLECTOR SAKTI_IDA),2024Q1,61,5.454561333185712,0.08196721311475409,1.0,571.0,0.0,0.0,17572497.0
SAKTI(COLLECTOR SAKTI_IDA),2024Q3,42,5.9995650534965534,0.6428571428571429,0.9047619047619048,340.0,0.0,0.0,38119443.0
SAKTI(COLLECTOR SAKTI_IDA),2024Q4,2,5.69857635518541,0.5,1.0,299.5,0.0,0.0,999094.0
SAKTI(COLLECTOR SAKTI_IDA),2025Q1,5,5.698970004336019,1.0,1.0,231.0,0.0,0.0,2500000.0
SAKTI(COLLECTOR SAKTI_IDA),2025Q2,40,5.301029995663981,1.0,1.0,246.0,0.0,0.0,8000000.0
SAKTI(COLLECTOR SAKTI_IDA),2025Q3,103,4.0,0.05825242718446602,0.04854368932038835,140.0,0.0,0.0,9989004.0
SAKTI(COLLECTOR SAKTI_IDA),2025Q4,34,5.176091259055681,0.7058823529411765,0.8529411764705882,94.0,0.14705882352941177,0.0,5913273.0
SAKTI(COLLECTOR SAKTI_IDA),2026Q1,2,5.698970004336019,1.0,0.0,345.0,0.0,0.0,1000000.0
SALEM(DISTRICT COLLECTOR SALEM_IDA),2023Q3,23,6.0,0.4782608695652174,0.5652173913043478,942.0,0.0,0.0,27199039.0
SALEM(DISTRICT COLLECTOR SALEM_IDA),2023Q4,89,5.740362689494244,0.1797752808988764,0.38202247191011235,914.0,0.0,0.0,77384764.0
SALEM(DISTRICT COLLECTOR SALEM_IDA),2024Q1,38,5.845098040014257,0.3157894736842105,0.39473684210526316,788.0,0.0,0.05263157894736842,43983610.0
SALEM(DISTRICT COLLECTOR SALEM_IDA),2024Q4,9,5.544068044350276,1.0,0.0,345.0,0.0,0.0,3150000.0
SALEM(DISTRICT COLLECTOR SALEM_IDA),2025Q1,43,5.573762501061184,0.13953488372093023,0.6511627906976745,395.0,0.0,0.0,25547061.0
SALEM(DISTRICT COLLECTOR SALEM_IDA),2025Q2,37,5.301029995663981,0.6216216216216216,0.8108108108108109,226.0,0.05405405405405406,0.0,14125419.0
SALEM(DISTRICT COLLECTOR SALEM_IDA),2025Q3,46,5.3706980925755765,0.0,0.8695652173913043,203.0,0.0,0.0,18316755.0
SALEM(DISTRICT COLLECTOR SALEM_IDA),2025Q4,71,5.874240540403344,0.7183098591549296,0.09859154929577464,184.0,0.0,0.0,79731713.5
SALEM(DISTRICT COLLECTOR SALEM_IDA),2026Q1,12,5.795880017344075,0.5833333333333334,0.16666666666666666,117.0,0.0,0.0,9675000.0
SAMASTIPUR(DISTRICT PLANNING OFFICER SAMASTIPUR_IDA),2023Q3,9,5.999342849812531,0.0,1.0,170.0,0.0,0.0,10542275.0
SAMASTIPUR(DISTRICT PLANNING OFFICER SAMASTIPUR_IDA),2023Q4,36,5.997229940303052,0.0,1.0,150.0,0.0,0.0,35069511.0
SAMASTIPUR(DISTRICT PLANNING OFFICER SAMASTIPUR_IDA),2024Q1,279,5.6020599913279625,0.5197132616487455,1.0,303.5,0.0,0.010752688172043012,80086052.0
SAMASTIPUR(DISTRICT PLANNING OFFICER SAMASTIPUR_IDA),2024Q3,2,6.144459314518195,0.0,1.0,496.5,0.0,0.0,2789262.0
SAMASTIPUR(DISTRICT PLANNING OFFICER SAMASTIPUR_IDA),2024Q4,34,5.507874753654135,0.0,0.8529411764705882,386.0,0.0,0.0,12040406.0
SAMASTIPUR(DISTRICT PLANNING OFFICER SAMASTIPUR_IDA),2025Q1,1,6.148439763831413,0.0,1.0,392.0,0.0,0.0,1407472.0
SAMASTIPUR(DISTRICT PLANNING OFFICER SAMASTIPUR_IDA),2025Q2,17,6.158671213972052,0.11764705882352941,0.7058823529411765,241.5,0.0,0.0,29684962.0
SAMASTIPUR(DISTRICT PLANNING OFFICER SAMASTIPUR_IDA),2025Q3,35,5.812913356642856,0.7142857142857143,0.0,345.0,0.0,0.0,23400000.0
SAMASTIPUR(DISTRICT PLANNING OFFICER SAMASTIPUR_IDA),2026Q1,82,5.844725627973226,0.5975609756097561,0.012195121951219513,66.0,0.0,0.0,60466820.0
SAMBA(Deputy Commissioner Samba_IDA),2023Q3,5,5.521138083704036,0.2,0.8,166.5,0.0,0.0,2681190.0
SAMBA(Deputy Commissioner Samba_IDA),2023Q4,14,5.521791649639123,0.21428571428571427,0.8571428571428571,147.0,0.0,0.07142857142857142,4671126.89
SAMBA(Deputy Commissioner Samba_IDA),2024Q1,9,5.419955748489758,0.0,1.0,272.0,0.0,0.0,3095500.0
SAMBA(Deputy Commissioner Samba_IDA),2024Q4,1,5.661812685537261,0.0,1.0,258.0,0.0,0.0,459000.0
SAMBA(Deputy Commissioner Samba_IDA),2025Q1,2,5.508866250938458,0.0,1.0,425.0,0.0,0.0,645500.0
SAMBA(Deputy Commissioner Samba_IDA),2025Q3,2,5.3979400086720375,1.0,0.0,345.0,0.0,0.0,500000.0
SAMBA(Deputy Commissioner Samba_IDA),2025Q4,22,5.5711262770843115,0.8636363636363636,0.13636363636363635,184.0,0.0,0.0,10190500.0
SAMBA(Deputy Commissioner Samba_IDA),2026Q1,9,5.301029995663981,1.0,0.0,345.0,0.0,0.0,2200000.0
SAMBALPUR(DISTRICT COLLECTOR SAMBALPUR_IDA),2025Q2,1,6.176091259055681,1.0,0.0,345.0,0.0,0.0,1500000.0
SAMBALPUR(DISTRICT COLLECTOR SAMBALPUR_IDA),2025Q3,2,6.458864378361518,0.0,0.0,345.0,0.0,0.0,5753000.0
SAMBALPUR(DISTRICT COLLECTOR SAMBALPUR_IDA),2025Q4,3,6.0,1.0,0.0,345.0,0.0,0.0,2500000.0
SAMBALPUR(DISTRICT COLLECTOR SAMBALPUR_IDA),2026Q1,64,5.845098040014257,1.0,0.0,345.0,0.0,0.0,46000000.0
SAMBHAL(DISTRICT MAGISTRAE BHIMNAGAR SAMBHAL_IDA),2023Q2,2,6.0,1.0,0.0,345.0,0.0,0.0,2000000.0
SAMBHAL(DISTRICT MAGISTRAE BHIMNAGAR SAMBHAL_IDA),2023Q3,33,5.145991521673458,0.09090909090909091,0.9090909090909091,668.5,0.0,0.0,9821590.0
SAMBHAL(DISTRICT MAGISTRAE BHIMNAGAR SAMBHAL_IDA),2023Q4,96,5.14580840142953,0.0,1.0,581.0,0.0,0.0,16054556.0
SAMBHAL(DISTRICT MAGISTRAE BHIMNAGAR SAMBHAL_IDA),2024Q1,52,5.387298152049738,0.019230769230769232,0.6538461538461539,787.0,0.0,0.0,23266264.0
SAMBHAL(DISTRICT MAGISTRAE BHIMNAGAR SAMBHAL_IDA),2024Q3,15,6.186956335465412,0.13333333333333333,0.0,345.0,0.0,0.0,20618000.0
SAMBHAL(DISTRICT MAGISTRAE BHIMNAGAR SAMBHAL_IDA),2024Q4,7,6.138302698166282,0.0,0.0,345.0,0.0,0.0,10234000.0
SAMBHAL(DISTRICT MAGISTRAE BHIMNAGAR SAMBHAL_IDA),2025Q2,5,5.474216264076255,0.0,0.0,345.0,0.0,0.0,925000.0
SAMBHAL(DISTRICT MAGISTRAE BHIMNAGAR SAMBHAL_IDA),2025Q3,143,5.146128035678238,0.0,0.0,345.0,0.0,0.0,42631010.85
SAMBHAL(DISTRICT MAGISTRAE BHIMNAGAR SAMBHAL_IDA),2025Q4,2,5.929418925714293,1.0,0.0,345.0,0.0,0.0,1700000.0
SAMBHAL(DISTRICT MAGISTRAE BHIMNAGAR SAMBHAL_IDA),2026Q1,57,5.605305046141109,0.0,0.0,345.0,0.0,0.0,24473500.0
SANGAREDDY(District Collector Sangareddy_IDA),2019Q2,1,5.176091259055681,1.0,0.0,345.0,0.0,0.0,150000.0
SANGAREDDY(District Collector Sangareddy_IDA),2020Q2,1,6.0,1.0,0.0,345.0,0.0,0.0,1000000.0
SANGAREDDY(District Collector Sangareddy_IDA),2023Q1,2,5.698970004336019,1.0,0.0,345.0,0.0,0.0,1000000.0
SANGAREDDY(District Collector Sangareddy_IDA),2023Q2,5,5.301029995663981,0.8,0.0,345.0,0.0,0.0,1399000.0
SANGAREDDY(District Collector Sangareddy_IDA),2023Q3,21,5.0,1.0,0.0,345.0,0.0,0.0,5000000.0
SANGAREDDY(District Collector Sangareddy_IDA),2023Q4,2,5.477121254719663,1.0,0.0,345.0,0.0,0.0,600000.0
SANGAREDDY(District Collector Sangareddy_IDA),2024Q1,210,5.0,0.9571428571428572,0.0,345.0,0.6285714285714286,0.0,38812000.0
SANGAREDDY(District Collector Sangareddy_IDA),2024Q3,1,6.3979400086720375,1.0,0.0,345.0,0.0,0.0,2500000.0
SANGAREDDY(District Collector Sangareddy_IDA),2024Q4,2,6.2342641243787895,0.5,0.0,345.0,0.0,0.0,3430000.0
SANGAREDDY(District Collector Sangareddy_IDA),2025Q1,11,5.698970004336019,0.9090909090909091,0.0,345.0,0.0,0.0,8275372.0
SANGAREDDY(District Collector Sangareddy_IDA),2025Q2,4,5.69810054562339,0.0,0.0,345.0,0.0,0.0,1996000.0
SANGAREDDY(District Collector Sangareddy_IDA),2025Q3,210,5.301029995663981,0.9904761904761905,0.0,345.0,0.0,0.0,57155654.0
SANGAREDDY(District Collector Sangareddy_IDA),2026Q1,60,5.0,1.0,0.0,345.0,0.03333333333333333,0.0,18900000.0
SANGLI(DISTRICT COLLECTOR SANGLI_IDA),2023Q3,62,5.902401899732383,0.3064516129032258,0.6935483870967742,830.0,0.0,0.0,46429471.0
SANGLI(DISTRICT COLLECTOR SANGLI_IDA),2023Q4,14,5.997735994880152,0.5,0.7142857142857143,694.0,0.0,0.0,11624968.0
SANGLI(DISTRICT COLLECTOR SANGLI_IDA),2024Q1,104,5.844787718827846,0.3942307692307692,0.8461538461538461,671.0,0.0,0.0,71897731.0
SANGLI(DISTRICT COLLECTOR SANGLI_IDA),2024Q3,4,5.999281952245013,0.25,0.75,396.0,0.5,0.0,4995491.0
SANGLI(DISTRICT COLLECTOR SANGLI_IDA),2024Q4,3,6.176091259055681,0.6666666666666666,0.0,345.0,0.0,0.0,6968967.0
SANGLI(DISTRICT COLLECTOR SANGLI_IDA),2025Q1,34,6.0,0.8235294117647058,0.058823529411764705,336.0,0.058823529411764705,0.0,35733621.0
SANGLI(DISTRICT COLLECTOR SANGLI_IDA),2025Q2,8,6.0,0.75,0.0,345.0,0.0,0.0,7498994.0
SANGLI(DISTRICT COLLECTOR SANGLI_IDA),2025Q3,40,6.0,0.8,0.0,345.0,0.0,0.0,42441780.0
SANGLI(DISTRICT COLLECTOR SANGLI_IDA),2025Q4,6,6.0,1.0,0.0,345.0,0.0,0.0,6000000.0
SANGRUR(DEPUTY COMMISSIONER SANGRUR_IDA),2023Q3,186,4.988342647553062,0.15591397849462366,0.989247311827957,140.5,0.010752688172043012,0.0,23335549.0
SANGRUR(DEPUTY COMMISSIONER SANGRUR_IDA),2023Q4,86,4.975891136401793,0.06976744186046512,0.9767441860465116,114.5,0.0,0.0,11853321.19
SANGRUR(DEPUTY COMMISSIONER SANGRUR_IDA),2024Q1,23,4.929418925714293,0.043478260869565216,1.0,154.0,0.0,0.0,4384654.0
SANGRUR(DEPUTY COMMISSIONER SANGRUR_IDA),2024Q4,2,6.069971885795877,0.0,1.0,399.5,0.0,0.0,2349643.0
SANGRUR(DEPUTY COMMISSIONER SANGRUR_IDA),2025Q2,8,5.477121254719663,0.875,0.625,235.0,0.0,0.0,2365800.0
SANGRUR(DEPUTY COMMISSIONER SANGRUR_IDA),2025Q3,57,5.511883360978874,0.47368421052631576,0.47368421052631576,212.0,0.0,0.0,20465000.0
SANGRUR(DEPUTY COMMISSIONER SANGRUR_IDA),2025Q4,3,5.477121254719663,0.3333333333333333,0.0,345.0,0.0,0.0,1624933.0
SANGRUR(DEPUTY COMMISSIONER SANGRUR_IDA),2026Q1,4,5.511883360978874,0.0,0.0,345.0,0.0,0.0,1243817.0
SARAIKELA KHARSAWAN(Deputy Commissioner saraikela_IDA),2023Q3,6,5.845098040014257,1.0,0.0,345.0,0.0,0.0,4200000.0
SARAIKELA KHARSAWAN(Deputy Commissioner saraikela_IDA),2023Q4,1,5.809020720483673,0.0,0.0,345.0,0.0,0.0,644200.0
SARAIKELA KHARSAWAN(Deputy Commissioner saraikela_IDA),2024Q1,48,5.698970004336019,0.3125,0.0,345.0,0.0,0.0,27006500.0
SARAIKELA KHARSAWAN(Deputy Commissioner saraikela_IDA),2024Q3,9,5.698970004336019,1.0,0.0,345.0,0.0,0.0,5000000.0
SARAIKELA KHARSAWAN(Deputy Commissioner saraikela_IDA),2025Q1,12,5.671358003443491,0.0,0.0,345.0,0.0,0.0,5806000.0
SARAIKELA KHARSAWAN(Deputy Commissioner saraikela_IDA),2025Q2,24,5.814217620385081,0.0,0.0,345.0,0.0,0.0,15342750.0
SARAIKELA KHARSAWAN(Deputy Commissioner saraikela_IDA),2025Q3,37,5.689131197234498,0.02702702702702703,0.0,345.0,0.0,0.0,15965740.0
SARAIKELA KHARSAWAN(Deputy Commissioner saraikela_IDA),2025Q4,7,5.778151250383644,1.0,0.0,345.0,0.0,0.0,4800000.0
SARAIKELA KHARSAWAN(Deputy Commissioner saraikela_IDA),2026Q1,8,5.691435152144062,0.0,0.0,345.0,0.0,0.0,5262700.0
SARAN(DISTRICT PLANNING OFFICE SARAN CHAPRA_IDA),2023Q3,61,6.017725570541282,0.0,0.9344262295081968,657.0,0.0,0.0,65822721.0
SARAN(DISTRICT PLANNING OFFICE SARAN CHAPRA_IDA),2023Q4,9,6.1363339681487465,0.3333333333333333,0.7777777777777778,567.0,0.0,0.0,11658815.0
SARAN(DISTRICT PLANNING OFFICE SARAN CHAPRA_IDA),2024Q1,39,6.431363764158987,0.38461538461538464,0.3333333333333333,165.0,0.0,0.0,176055224.0
SARAN(DISTRICT PLANNING OFFICE SARAN CHAPRA_IDA),2024Q4,3,4.910949737100534,0.0,0.6666666666666666,477.0,0.0,0.0,6153821.0
SARAN(DISTRICT PLANNING OFFICE SARAN CHAPRA_IDA),2025Q1,6,6.301029995663981,1.0,1.0,343.0,0.0,0.0,12000000.0
SARAN(DISTRICT PLANNING OFFICE SARAN CHAPRA_IDA),2025Q2,3,6.049329684038253,0.0,0.6666666666666666,294.0,0.0,0.0,2738637.0
SARAN(DISTRICT PLANNING OFFICE SARAN CHAPRA_IDA),2025Q3,17,6.014720839241361,0.0,0.058823529411764705,236.0,0.0,0.0,19359113.0
SARAN(DISTRICT PLANNING OFFICE SARAN CHAPRA_IDA),2025Q4,3,6.014709923775449,0.0,0.0,345.0,0.0,0.0,2793302.0
SARAN(DISTRICT PLANNING OFFICE SARAN CHAPRA_IDA),2026Q1,17,6.0234516542572445,0.0,0.0,345.0,0.0,0.0,17991112.0
SARANGARH BILAIGARH(Collector SB_IDA),2022Q4,1,4.795880017344075,0.0,0.0,345.0,0.0,0.0,62500.0
SARANGARH BILAIGARH(Collector SB_IDA),2023Q4,2,5.653212513775344,1.0,0.5,733.0,0.0,0.0,900000.0
SARANGARH BILAIGARH(Collector SB_IDA),2024Q1,22,5.4770336631667,0.45454545454545453,1.0,663.0,0.0,0.0,6596493.0
SARANGARH BILAIGARH(Collector SB_IDA),2024Q4,30,5.810505714876585,0.43333333333333335,0.6666666666666666,384.0,0.4666666666666667,0.0,21382369.0
SARANGARH BILAIGARH(Collector SB_IDA),2025Q2,8,5.929115580063339,0.375,0.75,284.0,0.375,0.0,5891455.0
SARANGARH BILAIGARH(Collector SB_IDA),2025Q3,4,5.8750612633917,0.75,0.75,201.0,0.0,0.0,3245584.0
SARANGARH BILAIGARH(Collector SB_IDA),2025Q4,1,5.301029995663981,1.0,0.0,345.0,0.0,0.0,200000.0
SARANGARH BILAIGARH(Collector SB_IDA),2026Q1,4,5.903089986991944,0.75,0.0,345.0,0.0,0.0,2890000.0
SATARA(DISTRICT COLLECTOR SATARA_IDA),2022Q2,16,5.079181246047625,0.0625,1.0,1372.0,0.0,0.0,2300000.0
SATARA(DISTRICT COLLECTOR SATARA_IDA),2022Q3,16,5.477121254719663,0.8125,0.125,1328.0,0.0,0.0,6097000.0
SATARA(DISTRICT COLLECTOR SATARA_IDA),2023Q1,20,5.079181246047625,0.05,1.0,1097.0,0.0,0.0,3659000.0
SATARA(DISTRICT COLLECTOR SATARA_IDA),2023Q2,45,5.694492004409267,0.3111111111111111,0.8666666666666667,991.0,0.0,0.0,17721717.0
SATARA(DISTRICT COLLECTOR SATARA_IDA),2023Q3,119,5.697229342759718,0.5126050420168067,0.6302521008403361,929.0,0.0,0.0,56530790.0
SATARA(DISTRICT COLLECTOR SATARA_IDA),2023Q4,40,5.698970004336019,0.75,0.625,820.0,0.0,0.0,22476058.0
SATARA(DISTRICT COLLECTOR SATARA_IDA),2024Q1,65,5.695456283530164,0.6307692307692307,0.3384615384615385,795.0,0.0,0.0,34476551.0
SATARA(DISTRICT COLLECTOR SATARA_IDA),2024Q3,1,6.176091259055681,1.0,0.0,345.0,0.0,0.0,1500000.0
SATARA(DISTRICT COLLECTOR SATARA_IDA),2024Q4,2,6.0,1.0,0.0,345.0,0.0,0.0,2000000.0
SATARA(DISTRICT COLLECTOR SATARA_IDA),2025Q1,75,6.0,0.8133333333333334,0.04,437.0,0.0,0.0,58338677.0
SATARA(DISTRICT COLLECTOR SATARA_IDA),2025Q2,2,5.841052414608034,0.0,1.0,263.0,0.0,0.0,1387019.0
SATARA(DISTRICT COLLECTOR SATARA_IDA),2025Q3,1,6.0,1.0,1.0,205.0,0.0,0.0,1000000.0
SATARA(DISTRICT COLLECTOR SATARA_IDA),2025Q4,130,5.977723605288848,1.0,0.0,345.0,0.0,0.0,113650000.0
SATARA(DISTRICT COLLECTOR SATARA_IDA),2026Q1,13,5.698970004336019,1.0,0.0,345.0,0.0,0.0,8400000.0
SATNA(DISTRICT COLLECTOR SATNA_IDA),2023Q3,1,5.698970004336019,1.0,0.0,345.0,0.0,0.0,500000.0
SATNA(DISTRICT COLLECTOR SATNA_IDA),2024Q1,246,5.301029995663981,0.3130081300813008,0.044715447154471545,570.0,0.11788617886178862,0.0,60784570.0
SATNA(DISTRICT COLLECTOR SATNA_IDA),2025Q1,1,5.698970004336019,1.0,0.0,345.0,0.0,0.0,500000.0
SATNA(DISTRICT COLLECTOR SATNA_IDA),2025Q2,228,5.269512944217916,0.16228070175438597,0.24561403508771928,329.0,0.3201754385964912,0.0,51195100.0
SATNA(DISTRICT COLLECTOR SATNA_IDA),2025Q3,4,5.690196080028514,0.5,0.0,345.0,0.0,0.0,3575000.0
SATNA(DISTRICT COLLECTOR SATNA_IDA),2025Q4,17,5.146128035678238,0.17647058823529413,0.0,345.0,0.0,0.0,3938000.0
SATNA(DISTRICT COLLECTOR SATNA_IDA),2026Q1,4,5.574031267727719,0.75,0.0,345.0,0.0,0.0,2870000.0
SAWAI MADHOPUR(DISTRICT COLLECTOR SAWAI MADHOPUR_IDA),2023Q3,2,5.8276926115698515,0.0,1.0,173.5,0.0,0.0,1345001.0
SAWAI MADHOPUR(DISTRICT COLLECTOR SAWAI MADHOPUR_IDA),2023Q4,17,5.698970004336019,0.9411764705882353,0.058823529411764705,85.0,0.0,0.0,7749865.0
SAWAI MADHOPUR(DISTRICT COLLECTOR SAWAI MADHOPUR_IDA),2024Q1,36,5.698572442973004,0.6944444444444444,0.0,345.0,0.0,0.0,15044402.0
SAWAI MADHOPUR(DISTRICT COLLECTOR SAWAI MADHOPUR_IDA),2025Q2,1,6.0,1.0,0.0,345.0,0.0,0.0,1000000.0
SAWAI MADHOPUR(DISTRICT COLLECTOR SAWAI MADHOPUR_IDA),2025Q4,1,5.0,1.0,0.0,345.0,0.0,0.0,100000.0
SAWAI MADHOPUR(DISTRICT COLLECTOR SAWAI MADHOPUR_IDA),2026Q1,1,6.0,1.0,0.0,345.0,0.0,0.0,1000000.0
SEHORE(DISTRICT COLLECTOR SEHORE_IDA),2023Q3,60,5.301029995663981,0.8,0.5166666666666667,842.0,0.85,0.0,16899517.0
SEHORE(DISTRICT COLLECTOR SEHORE_IDA),2023Q4,66,5.301029995663981,0.7878787878787878,0.5151515151515151,831.0,0.0,0.0,18195248.0
SEHORE(DISTRICT COLLECTOR SEHORE_IDA),2024Q1,78,5.4861852776888025,0.23076923076923078,0.8461538461538461,730.0,0.6538461538461539,0.0,27031943.0
SEHORE(DISTRICT COLLECTOR SEHORE_IDA),2024Q4,2,6.0,1.0,0.0,345.0,0.0,0.0,2000000.0
SEHORE(DISTRICT COLLECTOR SEHORE_IDA),2025Q1,23,5.778151250383644,1.0,0.08695652173913043,302.0,0.4782608695652174,0.0,17000000.0
SEHORE(DISTRICT COLLECTOR SEHORE_IDA),2025Q2,7,6.0,1.0,0.0,345.0,0.0,0.0,6600000.0
SEHORE(DISTRICT COLLECTOR SEHORE_IDA),2025Q3,3,6.301029995663981,1.0,0.0,345.0,0.0,0.0,5000000.0
SEHORE(DISTRICT COLLECTOR SEHORE_IDA),2025Q4,2,6.096910013008056,1.0,0.0,345.0,0.0,0.0,2500000.0
SEHORE(DISTRICT COLLECTOR SEHORE_IDA),2026Q1,16,5.698970004336019,0.75,0.0,345.0,0.125,0.0,8221860.0
SENAPATI(Deputy Commissioner Senapati_IDA),2023Q4,23,6.0,1.0,0.9565217391304348,83.0,0.0,0.0,29350000.0
SENAPATI(Deputy Commissioner Senapati_IDA),2024Q1,9,6.0,1.0,1.0,66.0,0.0,0.1111111111111111,12600000.0
SENAPATI(Deputy Commissioner Senapati_IDA),2025Q4,1,5.875043891264979,0.0,0.0,345.0,0.0,0.0,749970.0
SEONI(District Collector Seoni_IDA),2023Q3,149,4.3979400086720375,0.0738255033557047,0.959731543624161,875.0,0.9328859060402684,0.0,13651836.0
SEONI(District Collector Seoni_IDA),2023Q4,26,5.301029995663981,1.0,0.15384615384615385,924.0,0.0,0.0,8250000.0
SEONI(District Collector Seoni_IDA),2024Q1,45,5.311870363459812,0.4666666666666667,0.4666666666666667,743.0,0.5111111111111111,0.0,11398689.2
SEONI(District Collector Seoni_IDA),2024Q2,2,6.0,1.0,0.0,345.0,0.0,0.0,2000000.0
SEONI(District Collector Seoni_IDA),2024Q4,14,6.0,1.0,0.14285714285714285,539.0,0.0,0.0,13000000.0
SEONI(District Collector Seoni_IDA),2025Q1,26,5.437383476437923,0.38461538461538464,0.6923076923076923,360.0,0.07692307692307693,0.0,12021506.0
SEONI(District Collector Seoni_IDA),2025Q2,10,6.243038048686294,1.0,0.0,345.0,0.0,0.0,15300000.0
SEONI(District Collector Seoni_IDA),2025Q3,9,5.999999565705301,0.7777777777777778,0.0,345.0,0.0,0.0,8999985.0
SEONI(District Collector Seoni_IDA),2025Q4,1,6.0,1.0,1.0,75.0,0.0,0.0,1000000.0
SEONI(District Collector Seoni_IDA),2026Q1,39,5.477121254719663,0.9487179487179487,0.0,345.0,0.0,0.0,16050000.0
SERCHHIP(Deputy Commissioner Serchhip),2023Q4,10,5.698970004336019,1.0,1.0,789.5,0.0,0.0,6600000.0
SERCHHIP(Deputy Commissioner Serchhip),2024Q1,1,6.0,1.0,1.0,730.0,0.0,0.0,1000000.0
SERCHHIP(Deputy Commissioner Serchhip),2025Q1,11,6.0,1.0,0.9090909090909091,386.0,0.0,0.0,9500000.0
SERCHHIP(Deputy Commissioner Serchhip),2025Q3,13,5.698970004336019,0.9230769230769231,0.46153846153846156,181.5,0.0,0.0,8940000.0
SHAHDOL(District Collector Shahdol_IDA),2022Q2,10,4.821225213158303,0.0,1.0,286.0,0.0,0.0,662560.0
SHAHDOL(District Collector Shahdol_IDA),2022Q3,1,5.698970004336019,1.0,0.0,345.0,0.0,0.0,500000.0
SHAHDOL(District Collector Shahdol_IDA),2023Q3,21,5.29737089347227,0.0,1.0,896.0,1.0,0.0,4660566.0
SHAHDOL(District Collector Shahdol_IDA),2023Q4,1,6.0,1.0,1.0,357.0,0.0,0.0,1000000.0
SHAHDOL(District Collector Shahdol_IDA),2024Q1,39,5.311870363459812,0.0,0.9743589743589743,194.0,0.5897435897435898,0.0,5986280.0
SHAHDOL(District Collector Shahdol_IDA),2024Q4,6,6.0,0.8333333333333334,0.0,345.0,0.0,0.0,7499000.0
SHAHDOL(District Collector Shahdol_IDA),2025Q1,75,6.063597908964999,0.12,0.8,345.0,0.88,0.0,76914208.0
SHAHDOL(District Collector Shahdol_IDA),2025Q2,4,6.0,0.75,0.25,265.0,0.0,0.0,3698723.0
SHAHDOL(District Collector Shahdol_IDA),2025Q3,2,6.0,1.0,0.0,345.0,0.0,0.0,2000000.0
SHAHDOL(District Collector Shahdol_IDA),2025Q4,1,6.3979400086720375,1.0,0.0,345.0,0.0,0.0,2500000.0
SHAHDOL(District Collector Shahdol_IDA),2026Q1,3,6.021189299069938,1.0,0.0,345.0,0.0,0.0,3550000.0
SHAHJAHANPUR(DISTRICT MAGISTRAE SHAHJAHANAPUR_IDA),2023Q2,90,5.385606273598312,0.0,1.0,76.0,0.8888888888888888,0.0,21870000.0
SHAHJAHANPUR(DISTRICT MAGISTRAE SHAHJAHANAPUR_IDA),2023Q3,444,5.11293997608408,0.0,1.0,88.0,0.9121621621621622,0.0,79452930.0
SHAHJAHANPUR(DISTRICT MAGISTRAE SHAHJAHANAPUR_IDA),2023Q4,203,5.385606273598312,0.0,1.0,61.0,0.4236453201970443,0.0,50027380.0
SHAHJAHANPUR(DISTRICT MAGISTRAE SHAHJAHANAPUR_IDA),2024Q1,2,5.973755048423234,0.0,1.0,543.0,0.0,0.0,1882717.0
SHAHJAHANPUR(DISTRICT MAGISTRAE SHAHJAHANAPUR_IDA),2024Q3,5,7.299419908028304,0.2,1.0,35.0,0.0,0.0,117062990.0
SHAHJAHANPUR(DISTRICT MAGISTRAE SHAHJAHANAPUR_IDA),2024Q4,4,5.929418925714293,1.0,0.25,38.0,0.75,0.0,14650000.0
SHAHJAHANPUR(DISTRICT MAGISTRAE SHAHJAHANAPUR_IDA),2025Q1,2,6.664359874551141,0.0,0.5,36.0,0.0,0.0,9234000.0
SHAHJAHANPUR(DISTRICT MAGISTRAE SHAHJAHANAPUR_IDA),2025Q2,7,7.339848783037637,0.14285714285714285,0.8571428571428571,69.0,0.0,0.0,151638000.0
SHAHJAHANPUR(DISTRICT MAGISTRAE SHAHJAHANAPUR_IDA),2025Q3,2,5.971971276399756,0.0,1.0,168.0,0.0,0.0,1875000.0
SHAJAPUR(District Collector Shajapur_IDA),2023Q3,25,5.195160446430501,0.68,0.0,345.0,0.0,0.0,4639398.0
SHAJAPUR(District Collector Shajapur_IDA),2023Q4,20,5.698970004336019,1.0,0.0,345.0,0.0,0.0,12900000.0
SHAJAPUR(District Collector Shajapur_IDA),2024Q1,19,5.698970004336019,0.7894736842105263,0.0,345.0,0.0,0.0,11172500.0
SHAJAPUR(District Collector Shajapur_IDA),2024Q4,5,6.0,1.0,0.0,345.0,0.0,0.0,4000000.0
SHAJAPUR(District Collector Shajapur_IDA),2025Q1,16,5.206180699019942,0.1875,0.0,345.0,0.0,0.0,4789893.0
SHAJAPUR(District Collector Shajapur_IDA),2025Q2,4,6.0,1.0,0.0,345.0,0.0,0.0,3700000.0
SHAJAPUR(District Collector Shajapur_IDA),2025Q3,3,6.0,1.0,0.0,345.0,0.0,0.0,3000000.0
SHAJAPUR(District Collector Shajapur_IDA),2025Q4,5,6.0,1.0,0.0,345.0,0.0,0.0,5000000.0
SHAJAPUR(District Collector Shajapur_IDA),2026Q1,12,6.0,0.9166666666666666,0.0,345.0,0.0,0.0,11168435.0
SHAMLI(DISTRICT MAGISTRATE SHAMLI_IDA),2023Q4,22,6.105878923029103,0.0,0.9545454545454546,647.0,0.0,0.0,28535003.0
SHAMLI(DISTRICT MAGISTRATE SHAMLI_IDA),2024Q1,11,5.8720361693462895,0.18181818181818182,0.8181818181818182,574.0,0.0,0.0,9459266.0
SHAMLI(DISTRICT MAGISTRATE SHAMLI_IDA),2024Q3,2,6.135122629080781,0.0,1.0,553.5,0.0,0.0,2729937.0
SHAMLI(DISTRICT MAGISTRATE SHAMLI_IDA),2024Q4,1,5.902395646805098,0.0,1.0,466.0,0.0,0.0,798722.0
SHAMLI(DISTRICT MAGISTRATE SHAMLI_IDA),2025Q1,1,4.906938109026242,0.0,0.0,345.0,0.0,0.0,80712.0
SHAMLI(DISTRICT MAGISTRATE SHAMLI_IDA),2025Q2,7,6.1418221349119255,0.0,0.7142857142857143,265.0,0.0,0.0,9688973.0
SHAMLI(DISTRICT MAGISTRATE SHAMLI_IDA),2025Q3,12,5.25414186898565,0.08333333333333333,0.0,345.0,0.0,0.0,5387504.0
SHAMLI(DISTRICT MAGISTRATE SHAMLI_IDA),2026Q1,14,5.846027675364379,0.0,0.0,345.0,0.0,0.0,9868000.0
SHEIKHPURA(DISTRICT PLANNING OFFICER SHEIKHPURA_IDA),2023Q3,3,5.903057956592768,0.0,1.0,141.0,0.0,0.0,2399456.0
SHEIKHPURA(DISTRICT PLANNING OFFICER SHEIKHPURA_IDA),2023Q4,38,5.167077963670262,0.10526315789473684,0.8947368421052632,196.0,0.0,0.0,12027815.0
SHEIKHPURA(DISTRICT PLANNING OFFICER SHEIKHPURA_IDA),2024Q1,18,5.697875942511907,0.2777777777777778,0.6666666666666666,122.5,0.0,0.0,8776057.0
SHEIKHPURA(DISTRICT PLANNING OFFICER SHEIKHPURA_IDA),2024Q4,7,5.997147325574187,0.0,0.8571428571428571,457.0,0.7142857142857143,0.0,6545265.0
SHEIKHPURA(DISTRICT PLANNING OFFICER SHEIKHPURA_IDA),2025Q2,10,5.0,0.8,0.0,345.0,0.8,0.0,2551446.0
SHEIKHPURA(DISTRICT PLANNING OFFICER SHEIKHPURA_IDA),2025Q3,47,5.0,0.8936170212765957,0.10638297872340426,224.0,0.9787234042553191,0.0,12699995.0
SHEIKHPURA(DISTRICT PLANNING OFFICER SHEIKHPURA_IDA),2025Q4,5,5.975431808509263,0.0,0.0,345.0,1.0,0.0,4708636.0
SHEIKHPURA(DISTRICT PLANNING OFFICER SHEIKHPURA_IDA),2026Q1,1,6.176088074217803,0.0,0.0,345.0,0.0,0.0,1499989.0
SHEOHAR(DISTRICT PLANNING OFFICER SEOHAR_IDA),2023Q3,4,5.697665162647675,0.0,0.0,345.0,1.0,0.0,1994000.0
SHEOHAR(DISTRICT PLANNING OFFICER SEOHAR_IDA),2023Q4,22,5.874601826427668,0.0,1.0,126.5,0.0,0.0,18472662.0
SHEOHAR(DISTRICT PLANNING OFFICER SEOHAR_IDA),2024Q1,18,5.794863622137088,0.0,0.6666666666666666,55.0,0.0,0.0,11277975.0
SHEOHAR(DISTRICT PLANNING OFFICER SEOHAR_IDA),2025Q2,11,5.977723605288848,1.0,0.9090909090909091,249.0,0.0,0.0,10200000.0
SHEOHAR(DISTRICT PLANNING OFFICER SEOHAR_IDA),2025Q3,1,5.996765957669554,0.0,1.0,116.0,0.0,0.0,992581.0
SHEOHAR(DISTRICT PLANNING OFFICER SEOHAR_IDA),2026Q1,13,5.698970004336019,0.9230769230769231,0.0,345.0,0.0,0.0,8299000.0
SHEOPUR(District Collector Sheopur_IDA),2019Q4,4,5.0,0.75,0.0,345.0,0.0,0.0,449000.0
SHEOPUR(District Collector Sheopur_IDA),2022Q1,5,5.698970004336019,0.8,0.0,345.0,0.0,0.0,2499000.0
SHEOPUR(District Collector Sheopur_IDA),2022Q4,2,5.698970004336019,1.0,0.0,345.0,0.0,0.0,1000000.0
SHEOPUR(District Collector Sheopur_IDA),2023Q1,2,5.508529718971286,0.5,0.0,345.0,0.0,0.0,645000.0
SHEOPUR(District Collector Sheopur_IDA),2023Q2,1,5.619093330626742,0.0,0.0,345.0,0.0,0.0,416000.0
SHEOPUR(District Collector Sheopur_IDA),2023Q3,5,5.778151250383644,0.8,0.0,345.0,0.0,0.0,3846000.0
SHEOPUR(District Collector Sheopur_IDA),2023Q4,26,5.812913356642856,1.0,0.0,345.0,0.07692307692307693,0.0,18250000.0
SHEOPUR(District Collector Sheopur_IDA),2024Q3,7,5.903089986991944,1.0,0.0,345.0,0.0,0.0,5600000.0
SHEOPUR(District Collector Sheopur_IDA),2024Q4,14,5.903089986991944,1.0,0.0,345.0,0.0,0.0,10800000.0
SHEOPUR(District Collector Sheopur_IDA),2025Q1,31,5.2201761047408715,0.12903225806451613,0.0,345.0,0.0,0.0,9072294.0
SHEOPUR(District Collector Sheopur_IDA),2025Q2,1,5.698970004336019,1.0,0.0,345.0,0.0,0.0,500000.0
SHEOPUR(District Collector Sheopur_IDA),2025Q3,2,6.096910013008056,1.0,0.0,345.0,0.0,0.0,2500000.0
SHEOPUR(District Collector Sheopur_IDA),2026Q1,3,5.903089986991944,1.0,0.0,345.0,0.0,0.0,2200000.0
SHI YOMI(Deputy Commisioner Shi Yomi_IDA),2023Q3,1,5.698970004336019,1.0,0.0,345.0,0.0,0.0,500000.0
SHI YOMI(Deputy Commisioner Shi Yomi_IDA),2023Q4,4,5.6020599913279625,1.0,0.0,345.0,0.0,0.0,1700000.0
SHIMLA(DEPUTY COMMISSIONER SHIMLA_IDA),2020Q2,2,5.0,1.0,0.0,345.0,0.0,0.0,200000.0
SHIMLA(DEPUTY COMMISSIONER SHIMLA_IDA),2020Q4,1,4.959041392321094,0.0,0.0,345.0,0.0,0.0,91000.0
SHIMLA(DEPUTY COMMISSIONER SHIMLA_IDA),2023Q3,24,5.301029995663981,0.9583333333333334,0.5416666666666666,952.0,0.0,0.0,5610000.0
SHIMLA(DEPUTY COMMISSIONER SHIMLA_IDA),2023Q4,105,5.301029995663981,0.9809523809523809,0.1523809523809524,877.5,0.0,0.0,21221393.0
SHIMLA(DEPUTY COMMISSIONER SHIMLA_IDA),2024Q1,128,5.0,0.8515625,0.1875,791.0,0.0,0.0,16220000.0
SHIMLA(DEPUTY COMMISSIONER SHIMLA_IDA),2024Q3,8,5.511883360978874,1.0,0.0,345.0,0.0,0.0,2750000.0
SHIMLA(DEPUTY COMMISSIONER SHIMLA_IDA),2024Q4,49,5.301029995663981,0.8775510204081632,0.04081632653061224,492.5,0.12244897959183673,0.0,12970000.0
SHIMLA(DEPUTY COMMISSIONER SHIMLA_IDA),2025Q1,30,5.301029995663981,1.0,0.13333333333333333,386.5,0.0,0.0,9700000.0
SHIMLA(DEPUTY COMMISSIONER SHIMLA_IDA),2025Q2,170,5.0,0.9647058823529412,0.029411764705882353,340.0,0.011764705882352941,0.0,30680000.0
SHIMLA(DEPUTY COMMISSIONER SHIMLA_IDA),2025Q3,63,5.301029995663981,0.9682539682539683,0.047619047619047616,245.0,0.0,0.0,11955000.0
SHIMLA(DEPUTY COMMISSIONER SHIMLA_IDA),2025Q4,43,5.477121254719663,0.9534883720930233,0.023255813953488372,168.0,0.0,0.0,12950000.0
SHIMLA(DEPUTY COMMISSIONER SHIMLA_IDA),2026Q1,11,5.301029995663981,1.0,0.0,345.0,0.0,0.0,2900000.0
SHIVAMOGGA(DEPUTY COMMISSIONER SHIMOGA_IDA),2023Q4,137,5.544068044350276,0.6058394160583942,0.6788321167883211,803.0,0.0,0.0072992700729927005,59296772.0
SHIVAMOGGA(DEPUTY COMMISSIONER SHIMOGA_IDA),2024Q1,47,5.6020599913279625,0.7446808510638298,0.5319148936170213,713.0,0.0,0.0,18982658.0
SHIVAMOGGA(DEPUTY COMMISSIONER SHIMOGA_IDA),2024Q4,90,5.588271706842329,0.6222222222222222,0.3888888888888889,383.0,0.0,0.0,37336685.0
SHIVAMOGGA(DEPUTY COMMISSIONER SHIMOGA_IDA),2025Q1,12,5.574031267727719,0.75,0.3333333333333333,395.0,0.0,0.0,6197258.0
SHIVAMOGGA(DEPUTY COMMISSIONER SHIMOGA_IDA),2025Q2,1,6.3979400086720375,1.0,0.0,345.0,0.0,0.0,2500000.0
SHIVAMOGGA(DEPUTY COMMISSIONER SHIMOGA_IDA),2025Q3,6,5.874771637184298,0.6666666666666666,0.0,345.0,0.0,0.0,4698000.0
SHIVAMOGGA(DEPUTY COMMISSIONER SHIMOGA_IDA),2025Q4,113,5.544068044350276,0.7522123893805309,0.0,345.0,0.0,0.0,45301000.0
SHIVAMOGGA(DEPUTY COMMISSIONER SHIMOGA_IDA),2026Q1,10,5.438542348786111,0.9,0.0,345.0,0.0,0.0,53149000.0
SHIVPURI(District Collector Shivpuri_IDA),2023Q3,11,5.698970004336019,0.36363636363636365,0.18181818181818182,932.0,0.0,0.0,6544924.0
SHIVPURI(District Collector Shivpuri_IDA),2023Q4,7,6.181922153852692,0.2857142857142857,0.8571428571428571,774.0,0.7142857142857143,0.0,13858145.0
SHIVPURI(District Collector Shivpuri_IDA),2024Q1,29,5.311870363459812,0.1724137931034483,0.7931034482758621,723.0,0.0,0.0,11495159.0
SHIVPURI(District Collector Shivpuri_IDA),2024Q3,10,5.76715586608218,0.0,1.0,144.0,1.0,0.0,5850000.0
SHIVPURI(District Collector Shivpuri_IDA),2024Q4,4,6.0,0.75,0.5,253.0,0.5,0.0,6184764.0
SHIVPURI(District Collector Shivpuri_IDA),2025Q1,6,6.0,0.8333333333333334,0.6666666666666666,362.0,0.0,0.0,7198700.0
SHIVPURI(District Collector Shivpuri_IDA),2025Q2,9,6.0,0.8888888888888888,0.1111111111111111,274.0,0.8888888888888888,0.0,10599420.0
SHIVPURI(District Collector Shivpuri_IDA),2025Q4,2,5.631443769013172,0.0,0.0,345.0,0.0,0.0,856000.0
SHIVPURI(District Collector Shivpuri_IDA),2026Q1,2,5.190331698170292,0.5,0.5,77.0,0.0,0.0,310000.0
SHOPIAN(Deputy Commissioner Shopian_IDA),2023Q4,30,5.358120525337347,0.03333333333333333,0.9333333333333333,362.5,0.0,0.0,7306964.0
SHOPIAN(Deputy Commissioner Shopian_IDA),2024Q1,2,5.860936620700094,0.5,0.5,345.0,0.0,0.5,1452000.0
SHOPIAN(Deputy Commissioner Shopian_IDA),2025Q2,7,5.487138375477186,0.2857142857142857,0.5714285714285714,239.0,0.0,0.0,2706500.0
SHOPIAN(Deputy Commissioner Shopian_IDA),2025Q4,1,5.818225893613955,0.0,0.0,345.0,0.0,0.0,658000.0
SHOPIAN(Deputy Commissioner Shopian_IDA),2026Q1,1,5.673020907128897,0.0,0.0,345.0,0.0,0.0,471000.0
SIANG(Deputy Commisioner Siang_IDA),2023Q4,16,5.698970004336019,1.0,0.0,345.0,0.0,0.0,9900000.0
SIANG(Deputy Commisioner Siang_IDA),2024Q1,4,5.3979400086720375,1.0,0.0,345.0,0.0,0.0,1000000.0
SIANG(Deputy Commisioner Siang_IDA),2024Q3,1,6.0,1.0,0.0,345.0,0.0,0.0,1000000.0
SIANG(Deputy Commisioner Siang_IDA),2024Q4,1,6.0,1.0,0.0,345.0,0.0,0.0,1000000.0
SIANG(Deputy Commisioner Siang_IDA),2025Q3,7,5.698970004336019,1.0,0.0,345.0,0.0,0.0,3800000.0
SIANG(Deputy Commisioner Siang_IDA),2025Q4,1,5.6020599913279625,1.0,0.0,345.0,0.0,0.0,400000.0
SIANG(Deputy Commisioner Siang_IDA),2026Q1,1,6.0,1.0,0.0,345.0,0.0,0.0,1000000.0
SIDDIPET(District Collector Siddipet_IDA),2021Q2,3,4.769377326076138,0.0,0.0,345.0,0.0,0.0,254440.0
SIDDIPET(District Collector Siddipet_IDA),2023Q4,24,5.216640858325449,0.5,0.0,345.0,0.0,0.0,5854560.0
SIDDIPET(District Collector Siddipet_IDA),2024Q1,56,5.0,0.9642857142857143,0.03571428571428571,802.0,0.05357142857142857,0.0,9199744.0
SIDDIPET(District Collector Siddipet_IDA),2024Q3,1,6.096910013008056,1.0,0.0,345.0,0.0,0.0,1250000.0
SIDDIPET(District Collector Siddipet_IDA),2024Q4,41,5.0,0.9512195121951219,0.0975609756097561,480.0,0.0,0.0,11049067.0
SIDDIPET(District Collector Siddipet_IDA),2025Q1,37,5.698970004336019,0.8378378378378378,0.13513513513513514,389.0,0.0,0.0,18064215.0
SIDDIPET(District Collector Siddipet_IDA),2025Q2,48,5.301029995663981,0.9583333333333334,0.0,345.0,0.0,0.0,26988000.0
SIDDIPET(District Collector Siddipet_IDA),2025Q3,159,5.698970004336019,0.89937106918239,0.2138364779874214,222.0,0.0,0.0,74891666.0
SIDDIPET(District Collector Siddipet_IDA),2025Q4,18,5.601707526941813,0.5555555555555556,0.3333333333333333,156.0,0.0,0.0,7467472.0
SIDDIPET(District Collector Siddipet_IDA),2026Q1,27,5.698970004336019,1.0,0.0,345.0,0.0,0.0,16700000.0
SIDHI(DISTRICT COLLECTOR SIDHI_IDA),2023Q1,20,4.89413045076652,0.0,0.0,345.0,0.0,0.0,1567330.0
SIDHI(DISTRICT COLLECTOR SIDHI_IDA),2023Q2,10,5.056904851336473,0.1,0.0,345.0,0.0,0.0,1092000.0
SIDHI(DISTRICT COLLECTOR SIDHI_IDA),2023Q3,4,5.096910013008056,0.0,0.0,345.0,0.0,0.0,500000.0
SIDHI(DISTRICT COLLECTOR SIDHI_IDA),2024Q4,99,5.414876456086512,0.15151515151515152,0.8181818181818182,373.0,0.020202020202020204,0.0,29998665.0
SIDHI(DISTRICT COLLECTOR SIDHI_IDA),2025Q1,19,5.698970004336019,0.7894736842105263,0.05263157894736842,296.0,0.0,0.0,10738290.0
SIDHI(DISTRICT COLLECTOR SIDHI_IDA),2025Q2,24,5.14921911265538,0.25,0.0,345.0,0.7083333333333334,0.0,6238000.0
SIDHI(DISTRICT COLLECTOR SIDHI_IDA),2025Q3,21,5.698970004336019,0.8095238095238095,0.0,345.0,0.0,0.0,14890054.0
SIDHI(DISTRICT COLLECTOR SIDHI_IDA),2025Q4,28,5.847069598006118,0.0,0.0,345.0,0.5714285714285714,0.0,14837827.0
SIDHI(DISTRICT COLLECTOR SIDHI_IDA),2026Q1,27,6.017557099857529,0.5185185185185185,0.0,345.0,0.0,0.0,24034805.0
SIKAR(DISTRICT COLLECTOR SIKAR_IDA),2023Q3,6,6.0886509098748505,0.16666666666666666,1.0,860.0,0.0,0.0,7155359.0
SIKAR(DISTRICT COLLECTOR SIKAR_IDA),2023Q4,11,5.778125915799934,0.18181818181818182,0.9090909090909091,568.5,0.0,0.0,8406740.0
SIKAR(DISTRICT COLLECTOR SIKAR_IDA),2024Q1,62,5.852783040068354,0.1774193548387097,0.8225806451612904,570.0,0.03225806451612903,0.0,44079993.0
SIKAR(DISTRICT COLLECTOR SIKAR_IDA),2024Q3,7,6.0,0.42857142857142855,0.7142857142857143,584.0,0.0,0.0,8679677.0
SIKAR(DISTRICT COLLECTOR SIKAR_IDA),2024Q4,35,5.775829542169234,0.2857142857142857,0.6571428571428571,425.0,0.0,0.0,26863914.0
SIKAR(DISTRICT COLLECTOR SIKAR_IDA),2025Q1,33,5.778151250383644,0.30303030303030304,0.45454545454545453,391.0,0.0,0.0,22119223.0
SIKAR(DISTRICT COLLECTOR SIKAR_IDA),2025Q2,23,5.778151250383644,0.6086956521739131,0.08695652173913043,316.5,0.0,0.0,17054198.0
SIKAR(DISTRICT COLLECTOR SIKAR_IDA),2025Q3,34,5.698970004336019,0.35294117647058826,0.0,345.0,0.0,0.0,22599761.0
SIKAR(DISTRICT COLLECTOR SIKAR_IDA),2025Q4,29,5.698919623253959,0.41379310344827586,0.0,345.0,0.0,0.0,17334965.0
SIKAR(DISTRICT COLLECTOR SIKAR_IDA),2026Q1,13,5.778151250383644,0.6153846153846154,0.0,345.0,0.0,0.0,11439618.0
SIMDEGA(Deputy Commissioner simdega_IDA),2023Q3,29,5.301029995663981,1.0,0.034482758620689655,157.0,0.0,0.0,6600000.0
SIMDEGA(Deputy Commissioner simdega_IDA),2024Q1,18,5.653212513775344,1.0,0.0,345.0,0.0,0.0,10500000.0
SIMDEGA(Deputy Commissioner simdega_IDA),2024Q3,18,5.778151250383644,1.0,0.0,345.0,0.0,0.0,11500000.0
SIMDEGA(Deputy Commissioner simdega_IDA),2025Q3,33,5.477121254719663,1.0,0.0,345.0,0.0,0.0,10700000.0
SINDHUDURG(DISTRICT COLLECTOR SINDHUDURG_IDA),2024Q1,55,5.890213044240266,0.12727272727272726,0.8363636363636363,619.0,0.0,0.01818181818181818,42366672.0
SINDHUDURG(DISTRICT COLLECTOR SINDHUDURG_IDA),2024Q4,2,6.267170437255338,0.5,0.5,440.0,0.0,0.0,3699989.0
SINDHUDURG(DISTRICT COLLECTOR SINDHUDURG_IDA),2025Q1,3,6.0,1.0,0.0,345.0,0.0,0.0,2700000.0
SINDHUDURG(DISTRICT COLLECTOR SINDHUDURG_IDA),2025Q2,21,5.999565488225982,0.6666666666666666,0.38095238095238093,332.0,0.0,0.0,19127747.0
SINDHUDURG(DISTRICT COLLECTOR SINDHUDURG_IDA),2025Q3,3,5.778151250383644,1.0,0.0,345.0,0.0,0.0,3100000.0
SINDHUDURG(DISTRICT COLLECTOR SINDHUDURG_IDA),2025Q4,12,5.999782798454135,0.75,0.25,138.0,0.0,0.0,11097000.0
SINDHUDURG(DISTRICT COLLECTOR SINDHUDURG_IDA),2026Q1,14,6.0,1.0,0.0,345.0,0.0,0.0,15400000.0
SINGRAULI(District Collector Singrauli_IDA),2024Q4,4,6.041392685158225,1.0,0.0,345.0,0.0,0.0,4500000.0
SINGRAULI(District Collector Singrauli_IDA),2025Q1,4,6.096910013008056,0.75,0.0,345.0,0.0,0.0,5495000.0
SINGRAULI(District Collector Singrauli_IDA),2025Q2,13,6.39776625612645,0.07692307692307693,0.0,345.0,0.0,0.0,30988000.0
SINGRAULI(District Collector Singrauli_IDA),2025Q3,2,5.795288974848629,0.5,0.0,345.0,0.0,0.0,1248300.0
SINGRAULI(District Collector Singrauli_IDA),2026Q1,4,5.929418925714293,0.75,0.0,345.0,0.0,0.0,4895000.0
SIRMAUR(DEPUTY COMMISSIONER SIRMOUR_IDA),2023Q3,2,5.6020599913279625,1.0,0.5,907.0,0.0,0.0,800000.0
SIRMAUR(DEPUTY COMMISSIONER SIRMOUR_IDA),2023Q4,95,5.176091259055681,0.9894736842105263,0.5052631578947369,859.5,0.0,0.0,16720000.0
SIRMAUR(DEPUTY COMMISSIONER SIRMOUR_IDA),2024Q1,25,5.176091259055681,0.96,0.48,732.0,0.0,0.0,6211000.0
SIRMAUR(DEPUTY COMMISSIONER SIRMOUR_IDA),2024Q3,5,5.6020599913279625,0.8,1.0,550.0,0.0,0.0,3899934.21
SIRMAUR(DEPUTY COMMISSIONER SIRMOUR_IDA),2024Q4,48,5.301029995663981,0.9583333333333334,0.2708333333333333,459.0,0.041666666666666664,0.0,10280000.0
SIRMAUR(DEPUTY COMMISSIONER SIRMOUR_IDA),2025Q1,46,5.301029995663981,0.8913043478260869,0.1956521739130435,396.0,0.0,0.0,11665147.0
SIRMAUR(DEPUTY COMMISSIONER SIRMOUR_IDA),2025Q2,50,5.301029995663981,1.0,0.1,267.0,0.0,0.0,12100000.0
SIRMAUR(DEPUTY COMMISSIONER SIRMOUR_IDA),2025Q3,39,5.301029995663981,0.9487179487179487,0.15384615384615385,176.5,0.0,0.0,11163398.0
SIRMAUR(DEPUTY COMMISSIONER SIRMOUR_IDA),2025Q4,27,5.301029995663981,0.9629629629629629,0.14814814814814814,172.5,0.0,0.0,7090000.0
SIRMAUR(DEPUTY COMMISSIONER SIRMOUR_IDA),2026Q1,11,5.301029995663981,0.9090909090909091,0.0,345.0,0.0,0.0,2925000.0
SIROHI(DISTRICT COLLECTOR SIROHI_IDA),2024Q1,30,5.846607997692914,0.06666666666666667,0.7333333333333333,664.0,0.0,0.0,17789489.0
SIROHI(DISTRICT COLLECTOR SIROHI_IDA),2024Q4,2,5.914518743748643,0.0,1.0,476.0,0.0,0.0,1642664.0
SIROHI(DISTRICT COLLECTOR SIROHI_IDA),2025Q1,6,5.777357213688862,0.0,0.8333333333333334,379.0,0.0,0.0,4058689.0
SIROHI(DISTRICT COLLECTOR SIROHI_IDA),2025Q2,7,5.477121254719663,0.42857142857142855,0.2857142857142857,207.0,0.0,0.0,2687656.0
SIROHI(DISTRICT COLLECTOR SIROHI_IDA),2025Q3,36,5.477121254719663,0.8611111111111112,0.7222222222222222,180.0,0.0,0.0,12204447.0
SIROHI(DISTRICT COLLECTOR SIROHI_IDA),2025Q4,5,5.476264850755166,0.6,0.0,345.0,0.0,0.0,2399371.0
SIROHI(DISTRICT COLLECTOR SIROHI_IDA),2026Q1,21,5.477121254719663,0.6190476190476191,0.0,345.0,0.0,0.0,7624469.0
SIRSA(DEPUTY COMMISSIONER SIRSA_IDA),2023Q3,3,5.477121254719663,0.3333333333333333,1.0,743.0,0.0,0.0,1391178.0
SIRSA(DEPUTY COMMISSIONER SIRSA_IDA),2023Q4,47,5.300347617520274,0.10638297872340426,0.8085106382978723,307.0,0.3404255319148936,0.0,13293944.0
SIRSA(DEPUTY COMMISSIONER SIRSA_IDA),2024Q1,10,5.698860548334544,0.1,0.4,41.5,0.1,0.0,4775634.0
SIRSA(DEPUTY COMMISSIONER SIRSA_IDA),2025Q1,5,5.698970004336019,0.4,0.8,360.0,0.0,0.0,4529844.0
SIRSA(DEPUTY COMMISSIONER SIRSA_IDA),2025Q2,24,5.243038048686294,0.041666666666666664,0.7083333333333334,187.0,0.0,0.0,6024490.0
SIRSA(DEPUTY COMMISSIONER SIRSA_IDA),2025Q3,34,5.243038048686294,0.058823529411764705,0.4411764705882353,165.0,0.0,0.0,9135635.0
SIRSA(DEPUTY COMMISSIONER SIRSA_IDA),2025Q4,33,5.63724950023641,0.15151515151515152,0.09090909090909091,138.0,0.0,0.0,14302366.0
SIRSA(DEPUTY COMMISSIONER SIRSA_IDA),2026Q1,62,5.243038048686294,0.2903225806451613,0.0,345.0,0.0,0.0,17096785.0
SITAMARHI(DISTRICT PLANNING OFFICER SITAMARHI_IDA),2023Q3,103,5.697229342759718,0.0,1.0,184.0,0.4563106796116505,0.05825242718446602,59898933.0
SITAMARHI(DISTRICT PLANNING OFFICER SITAMARHI_IDA),2023Q4,80,5.697229342759718,0.0,1.0,150.0,0.0,0.0,47888079.0
SITAMARHI(DISTRICT PLANNING OFFICER SITAMARHI_IDA),2024Q1,7,5.697229342759718,0.0,1.0,126.0,0.0,0.0,4165965.0
SITAMARHI(DISTRICT PLANNING OFFICER SITAMARHI_IDA),2025Q1,49,5.3979400086720375,0.42857142857142855,0.673469387755102,138.0,0.6938775510204082,0.0,12750000.0
SITAMARHI(DISTRICT PLANNING OFFICER SITAMARHI_IDA),2025Q2,35,4.8750612633917,0.11428571428571428,0.0,345.0,0.0,0.0,9048771.0
SITAMARHI(DISTRICT PLANNING OFFICER SITAMARHI_IDA),2025Q3,67,5.574031267727719,0.47761194029850745,0.5522388059701493,88.0,0.029850746268656716,0.0,25875781.0
SITAMARHI(DISTRICT PLANNING OFFICER SITAMARHI_IDA),2025Q4,37,5.5820633629117085,0.02702702702702703,0.2702702702702703,117.0,0.05405405405405406,0.0,12578000.0
SITAMARHI(DISTRICT PLANNING OFFICER SITAMARHI_IDA),2026Q1,14,5.845098040014257,0.5,0.0,345.0,0.0,0.0,13800688.0
SITAPUR(DISTRICT MAGISTRATE SITAPUR_IDA),2023Q2,13,6.544374176081464,0.0,1.0,157.0,0.0,0.0,37409968.0
SITAPUR(DISTRICT MAGISTRATE SITAPUR_IDA),2023Q4,10,6.119656008253357,0.0,1.0,189.0,0.0,0.0,50557836.92
SITAPUR(DISTRICT MAGISTRATE SITAPUR_IDA),2024Q1,29,6.165139821647419,0.10344827586206896,1.0,264.0,0.0,0.0,45337602.92
SITAPUR(DISTRICT MAGISTRATE SITAPUR_IDA),2024Q4,69,5.2425339746678,0.014492753623188406,0.9420289855072463,222.0,0.7101449275362319,0.0,37135964.33
SITAPUR(DISTRICT MAGISTRATE SITAPUR_IDA),2025Q1,16,6.1178408092622,0.125,0.25,337.0,0.0,0.0,81781790.0
SITAPUR(DISTRICT MAGISTRATE SITAPUR_IDA),2025Q2,7,6.0,0.14285714285714285,0.14285714285714285,251.0,0.0,0.0,23335919.0
SITAPUR(DISTRICT MAGISTRATE SITAPUR_IDA),2025Q3,17,6.101894104464957,0.058823529411764705,0.0,345.0,0.0,0.0,26190999.0
SITAPUR(DISTRICT MAGISTRATE SITAPUR_IDA),2025Q4,4,5.76604755895927,0.25,0.0,345.0,0.0,0.0,2334136.0
SITAPUR(DISTRICT MAGISTRATE SITAPUR_IDA),2026Q1,9,5.999999131410168,0.1111111111111111,0.0,345.0,0.0,0.0,22182187.0
SIVAGANGA(DISTRICT COLLECTOR SIVAGANGA_IDA),2023Q3,66,5.6764622290434685,0.5,0.6212121212121212,916.0,0.0,0.0,33298706.0
SIVAGANGA(DISTRICT COLLECTOR SIVAGANGA_IDA),2023Q4,17,5.695650633207418,0.6470588235294118,0.35294117647058826,846.0,0.0,0.17647058823529413,8603799.0
SIVAGANGA(DISTRICT COLLECTOR SIVAGANGA_IDA),2024Q1,70,5.666272684669009,0.38571428571428573,0.7428571428571429,792.5,0.0,0.0,46291367.0
SIVAGANGA(DISTRICT COLLECTOR SIVAGANGA_IDA),2024Q2,1,6.059997495380586,0.0,1.0,345.0,0.0,1.0,1148147.0
SIVAGANGA(DISTRICT COLLECTOR SIVAGANGA_IDA),2024Q3,5,5.301029995663981,0.4,0.8,554.0,0.0,0.0,1899639.0
SIVAGANGA(DISTRICT COLLECTOR SIVAGANGA_IDA),2024Q4,27,5.544068044350276,0.14814814814814814,0.37037037037037035,460.0,0.0,0.0,31923912.0
SIVAGANGA(DISTRICT COLLECTOR SIVAGANGA_IDA),2025Q1,40,5.759167173431402,0.45,0.575,425.0,0.0,0.0,25962979.0
SIVAGANGA(DISTRICT COLLECTOR SIVAGANGA_IDA),2025Q2,55,5.973702220788893,0.5272727272727272,0.4909090909090909,292.0,0.0,0.0,62026521.0
SIVAGANGA(DISTRICT COLLECTOR SIVAGANGA_IDA),2025Q3,26,5.845098040014257,0.8461538461538461,0.38461538461538464,262.0,0.0,0.0,28021736.0
SIVAGANGA(DISTRICT COLLECTOR SIVAGANGA_IDA),2025Q4,3,5.9753169005890525,0.6666666666666666,0.3333333333333333,121.0,0.0,0.0,9044750.0
SIVAGANGA(DISTRICT COLLECTOR SIVAGANGA_IDA),2026Q1,5,6.079181246047625,0.8,0.0,345.0,0.0,0.0,14880000.0
SIVASAGAR(Deputy Commissioner Sivsagar_IDA),2023Q3,49,5.698970004336019,0.6938775510204082,0.30612244897959184,888.0,0.0,0.0,26312347.0
SIVASAGAR(Deputy Commissioner Sivsagar_IDA),2023Q4,14,5.698970004336019,0.8571428571428571,0.14285714285714285,861.5,0.0,0.0,8046695.09
SIVASAGAR(Deputy Commissioner Sivsagar_IDA),2024Q4,22,5.301029995663981,0.9090909090909091,0.09090909090909091,493.0,0.0,0.0,6747368.0
SIVASAGAR(Deputy Commissioner Sivsagar_IDA),2025Q1,63,5.6020599913279625,0.9841269841269841,0.015873015873015872,361.0,0.0,0.0,27999260.0
SIVASAGAR(Deputy Commissioner Sivsagar_IDA),2025Q2,30,5.301029995663981,1.0,0.0,345.0,0.0,0.0,6050000.0
SIVASAGAR(Deputy Commissioner Sivsagar_IDA),2025Q3,60,5.301029995663981,1.0,0.0,345.0,0.0,0.0,12300000.0
SIVASAGAR(Deputy Commissioner Sivsagar_IDA),2025Q4,7,5.301029995663981,1.0,0.0,345.0,0.0,0.0,1400000.0
SIVASAGAR(Deputy Commissioner Sivsagar_IDA),2026Q1,78,5.301029995663981,1.0,0.0,345.0,0.0,0.0,29150000.0
SIWAN(DISTRICT PLANNING OFFICER SIWAN_IDA),2023Q3,60,5.9965116721541785,0.0,0.9833333333333333,691.0,0.0,0.0,56912904.0
SIWAN(DISTRICT PLANNING OFFICER SIWAN_IDA),2023Q4,53,5.951337518795918,0.0,1.0,632.0,0.0,0.0,49136827.0
SIWAN(DISTRICT PLANNING OFFICER SIWAN_IDA),2024Q1,36,6.007916471626072,0.0,0.9444444444444444,546.0,0.0,0.0,35554084.0
SIWAN(DISTRICT PLANNING OFFICER SIWAN_IDA),2024Q3,5,5.9991383741833415,0.0,1.0,330.0,0.2,0.0,5770242.0
SIWAN(DISTRICT PLANNING OFFICER SIWAN_IDA),2024Q4,41,5.981592117214081,0.0,1.0,251.0,0.975609756097561,0.0,39536500.0
SIWAN(DISTRICT PLANNING OFFICER SIWAN_IDA),2025Q2,53,5.981365509078544,0.0,0.9622641509433962,193.0,0.8490566037735849,0.0,48002246.0
SIWAN(DISTRICT PLANNING OFFICER SIWAN_IDA),2025Q3,13,5.998716937829822,0.46153846153846156,0.3076923076923077,197.0,0.15384615384615385,0.0,12047066.0
SIWAN(DISTRICT PLANNING OFFICER SIWAN_IDA),2026Q1,3,6.17574368442176,0.3333333333333333,0.0,345.0,0.0,0.0,4128800.0
SOLAN(DEPUTY COMMISSIONER SOLAN_IDA),2023Q3,1,5.477121254719663,1.0,0.0,345.0,0.0,0.0,300000.0
SOLAN(DEPUTY COMMISSIONER SOLAN_IDA),2023Q4,94,5.301029995663981,0.9787234042553191,0.02127659574468085,891.5,0.0,0.0,17639000.0
SOLAN(DEPUTY COMMISSIONER SOLAN_IDA),2024Q1,21,5.301029995663981,1.0,0.047619047619047616,786.0,0.0,0.0,6000000.0
SOLAN(DEPUTY COMMISSIONER SOLAN_IDA),2024Q3,4,5.778127439535952,0.75,0.25,196.0,0.0,0.0,3299934.21
SOLAN(DEPUTY COMMISSIONER SOLAN_IDA),2024Q4,11,5.3979400086720375,1.0,0.09090909090909091,548.0,0.0,0.0,2700000.0
SOLAN(DEPUTY COMMISSIONER SOLAN_IDA),2025Q1,32,5.301029995663981,0.90625,0.1875,429.0,0.0,0.0,8005000.0
SOLAN(DEPUTY COMMISSIONER SOLAN_IDA),2025Q2,16,5.3979400086720375,0.9375,0.125,270.5,0.0,0.0,6275900.0
SOLAN(DEPUTY COMMISSIONER SOLAN_IDA),2025Q3,33,5.301029995663981,1.0,0.030303030303030304,292.0,0.0,0.0,8650000.0
SOLAN(DEPUTY COMMISSIONER SOLAN_IDA),2025Q4,5,5.301029995663981,1.0,0.0,345.0,0.0,0.0,1300000.0
SOLAN(DEPUTY COMMISSIONER SOLAN_IDA),2026Q1,1,6.380211241711606,1.0,0.0,345.0,0.0,0.0,2400000.0
SOLAPUR(DISTRICT COLLECTOR SOLAPUR_IDA),2020Q1,1,5.176091259055681,1.0,0.0,345.0,0.0,0.0,150000.0
SOLAPUR(DISTRICT COLLECTOR SOLAPUR_IDA),2022Q4,23,5.9922781859530225,0.21739130434782608,0.34782608695652173,1199.0,0.0,0.0,20907729.0
SOLAPUR(DISTRICT COLLECTOR SOLAPUR_IDA),2023Q1,411,4.954242509439325,0.10218978102189781,0.41362530413625304,1047.0,0.0,0.0,84832908.0
SOLAPUR(DISTRICT COLLECTOR SOLAPUR_IDA),2023Q4,129,4.954242509439325,0.031007751937984496,0.015503875968992248,750.0,0.015503875968992248,0.0,14258937.0
SOLAPUR(DISTRICT COLLECTOR SOLAPUR_IDA),2024Q1,180,5.4313090717805625,0.08888888888888889,0.4444444444444444,688.0,0.011111111111111112,0.0,72400592.0
SOLAPUR(DISTRICT COLLECTOR SOLAPUR_IDA),2024Q3,4,5.875026518443331,0.5,0.25,505.0,0.0,0.0,4299822.0
SOLAPUR(DISTRICT COLLECTOR SOLAPUR_IDA),2024Q4,3,5.844579058350811,0.3333333333333333,0.3333333333333333,525.0,0.0,0.0,2419164.0
SOLAPUR(DISTRICT COLLECTOR SOLAPUR_IDA),2025Q1,73,5.342422680822207,0.410958904109589,0.0,345.0,0.0,0.0,39660000.0
SOLAPUR(DISTRICT COLLECTOR SOLAPUR_IDA),2025Q2,12,5.929115068771352,0.8333333333333334,0.0,345.0,0.0,0.0,8897811.0
SOLAPUR(DISTRICT COLLECTOR SOLAPUR_IDA),2025Q3,21,6.0,1.0,0.0,345.0,0.19047619047619047,0.0,20000000.0
SOLAPUR(DISTRICT COLLECTOR SOLAPUR_IDA),2025Q4,31,5.999981324935761,0.3548387096774194,0.0,345.0,0.0,0.0,29696938.0
SOLAPUR(DISTRICT COLLECTOR SOLAPUR_IDA),2026Q1,87,5.342422680822207,0.10344827586206896,0.0,345.0,0.0,0.0,27978422.0
SONBHADRA(DISTRICT MAGISTRATE SONBHADRA_IDA),2021Q2,1,4.991226075692495,0.0,0.0,345.0,0.0,0.0,98000.0
SONBHADRA(DISTRICT MAGISTRATE SONBHADRA_IDA),2022Q4,3,4.698970004336019,0.3333333333333333,0.0,345.0,0.0,0.0,338000.0
SONBHADRA(DISTRICT MAGISTRATE SONBHADRA_IDA),2023Q3,62,5.269512944217916,0.3387096774193548,0.12903225806451613,330.0,0.0,0.0,27708852.0
SONBHADRA(DISTRICT MAGISTRATE SONBHADRA_IDA),2023Q4,178,5.439332693830263,0.3202247191011236,0.6235955056179775,290.0,0.0,0.0,100319084.89
SONBHADRA(DISTRICT MAGISTRATE SONBHADRA_IDA),2024Q1,8,5.222711269984918,0.0,0.5,126.5,0.0,0.0,4277316.0
SONBHADRA(DISTRICT MAGISTRATE SONBHADRA_IDA),2024Q3,93,5.414973347970818,0.08602150537634409,0.5376344086021505,473.0,0.0,0.0,30645922.0
SONBHADRA(DISTRICT MAGISTRATE SONBHADRA_IDA),2025Q1,135,5.298853076409706,0.05925925925925926,0.5851851851851851,321.0,0.0,0.0,46676771.77
SONBHADRA(DISTRICT MAGISTRATE SONBHADRA_IDA),2025Q2,122,5.161368002234975,0.18032786885245902,0.04918032786885246,217.0,0.01639344262295082,0.0,30223799.0
SONBHADRA(DISTRICT MAGISTRATE SONBHADRA_IDA),2025Q3,13,4.3979400086720375,0.07692307692307693,0.0,345.0,0.0,0.0,800000.0
SONBHADRA(DISTRICT MAGISTRATE SONBHADRA_IDA),2025Q4,110,5.674861140737812,0.08181818181818182,0.0,345.0,0.0,0.0,42224000.0
SONBHADRA(DISTRICT MAGISTRATE SONBHADRA_IDA),2026Q1,2,5.77706415474243,0.0,0.0,345.0,0.0,0.0,1197000.0
SONEPUR(District Collector Subarnapur_IDA),2023Q3,118,5.301029995663981,1.0,0.0,345.0,0.0,0.0,25600000.0
SONEPUR(District Collector Subarnapur_IDA),2023Q4,20,5.477121254719663,1.0,0.0,345.0,0.0,0.0,6100000.0
SONEPUR(District Collector Subarnapur_IDA),2024Q1,4,5.653212513775344,1.0,0.0,345.0,0.0,0.0,1900000.0
SONEPUR(District Collector Subarnapur_IDA),2025Q2,4,5.698970004336019,1.0,0.0,345.0,0.0,0.0,2500000.0
SONEPUR(District Collector Subarnapur_IDA),2025Q4,36,5.477121254719663,1.0,0.0,345.0,0.0,0.0,12200000.0
SONIPAT(DEPUTY COMMISSIONER SONEPAT_IDA),2023Q3,48,5.473880940928732,0.20833333333333334,0.0,345.0,0.041666666666666664,0.0,19794436.0
SONIPAT(DEPUTY COMMISSIONER SONEPAT_IDA),2023Q4,23,5.698970004336019,0.4782608695652174,0.0,345.0,0.0,0.0,15946184.0
SONIPAT(DEPUTY COMMISSIONER SONEPAT_IDA),2024Q1,12,5.539076098792776,0.3333333333333333,0.0,345.0,0.16666666666666666,0.0,6501500.0
SONIPAT(DEPUTY COMMISSIONER SONEPAT_IDA),2025Q1,13,5.7363965022766426,0.6153846153846154,0.0,345.0,0.0,0.0,8449000.0
SONIPAT(DEPUTY COMMISSIONER SONEPAT_IDA),2025Q2,21,5.698970004336019,0.5714285714285714,0.0,345.0,0.0,0.0,11659000.0
SONIPAT(DEPUTY COMMISSIONER SONEPAT_IDA),2025Q3,30,5.652246341003323,0.6,0.0,345.0,0.0,0.0,14132000.0
SONIPAT(DEPUTY COMMISSIONER SONEPAT_IDA),2025Q4,8,5.698970004336019,0.5,0.0,345.0,0.0,0.0,4943000.0
SONIPAT(DEPUTY COMMISSIONER SONEPAT_IDA),2026Q1,6,5.903089986991944,0.6666666666666666,0.0,345.0,0.0,0.0,5545000.0
SONITPUR(DEPUTY COMMISSIONER SONITPUR_IDA),2024Q1,68,5.698970004336019,0.6323529411764706,0.36764705882352944,659.0,0.0,0.0,37749700.0
SONITPUR(DEPUTY COMMISSIONER SONITPUR_IDA),2024Q2,1,6.301029995663981,1.0,0.0,345.0,0.0,0.0,2000000.0
SONITPUR(DEPUTY COMMISSIONER SONITPUR_IDA),2024Q4,5,6.0,1.0,0.0,345.0,0.0,0.0,4500000.0
SONITPUR(DEPUTY COMMISSIONER SONITPUR_IDA),2025Q1,19,5.698970004336019,0.9473684210526315,0.0,345.0,0.0,0.0,17667316.0
SONITPUR(DEPUTY COMMISSIONER SONITPUR_IDA),2025Q2,21,5.698970004336019,1.0,0.0,345.0,0.0,0.0,15500000.0
SONITPUR(DEPUTY COMMISSIONER SONITPUR_IDA),2025Q3,3,5.698970004336019,1.0,0.0,345.0,0.0,0.0,1500000.0
SONITPUR(DEPUTY COMMISSIONER SONITPUR_IDA),2025Q4,2,5.812913356642856,1.0,0.0,345.0,0.0,0.0,1300000.0
SONITPUR(DEPUTY COMMISSIONER SONITPUR_IDA),2026Q1,3,5.698970004336019,1.0,0.0,345.0,0.0,0.0,3500000.0
SOUTH ANDAMANS(Implementing District Authority(SA)),2023Q4,24,6.301143006098052,0.5,0.08333333333333333,312.5,0.0,0.0,46570825.0
SOUTH ANDAMANS(Implementing District Authority(SA)),2024Q1,1,6.319799959251979,0.0,0.0,345.0,0.0,0.0,2088334.0
SOUTH ANDAMANS(Implementing District Authority(SA)),2025Q1,4,6.508254982913154,0.0,0.0,345.0,0.0,0.0,12415328.0
SOUTH ANDAMANS(Implementing District Authority(SA)),2025Q2,2,6.309298891568471,0.0,0.0,345.0,0.0,0.0,4076889.0
SOUTH ANDAMANS(Implementing District Authority(SA)),2025Q4,2,6.269841692758674,0.0,0.0,345.0,0.0,0.0,3722817.0
SOUTH ANDAMANS(Implementing District Authority(SA)),2026Q1,7,6.301029995663981,1.0,0.0,345.0,0.0,0.0,13500000.0
SOUTH GARO HILLS(DEPUTY COMMISSIONER BAGHMARA_IDA),2024Q1,1,6.0,1.0,0.0,345.0,0.0,0.0,1000000.0
SOUTH GARO HILLS(DEPUTY COMMISSIONER BAGHMARA_IDA),2024Q4,8,5.301029995663981,1.0,0.0,345.0,0.5,0.0,2300000.0
SOUTH GARO HILLS(DEPUTY COMMISSIONER BAGHMARA_IDA),2025Q1,1,5.301029995663981,1.0,0.0,345.0,0.0,0.0,200000.0
SOUTH GARO HILLS(DEPUTY COMMISSIONER BAGHMARA_IDA),2025Q2,3,5.6020599913279625,1.0,0.0,345.0,0.0,0.0,1100000.0
SOUTH GARO HILLS(DEPUTY COMMISSIONER BAGHMARA_IDA),2025Q3,6,5.6020599913279625,1.0,0.0,345.0,0.0,0.0,2300000.0
SOUTH GARO HILLS(DEPUTY COMMISSIONER BAGHMARA_IDA),2025Q4,1,6.0,1.0,0.0,345.0,0.0,0.0,1000000.0
SOUTH GOA(DISTRICT COLLECTOR SOUTH GOA_IDA),2023Q3,54,5.884228769632604,0.3148148148148148,0.5555555555555556,800.5,0.12962962962962962,0.0,63070724.0
SOUTH GOA(DISTRICT COLLECTOR SOUTH GOA_IDA),2023Q4,20,6.176091259055681,0.55,0.45,764.0,0.0,0.0,28825596.0
SOUTH GOA(DISTRICT COLLECTOR SOUTH GOA_IDA),2024Q1,2,6.4400301631449555,0.5,0.0,345.0,0.0,0.0,5508840.0
SOUTH GOA(DISTRICT COLLECTOR SOUTH GOA_IDA),2024Q3,1,6.442018103914224,0.0,1.0,461.0,0.0,0.0,2767056.99
SOUTH GOA(DISTRICT COLLECTOR SOUTH GOA_IDA),2024Q4,2,6.378850766545865,0.5,0.5,445.0,0.0,0.0,4784987.0
SOUTH GOA(DISTRICT COLLECTOR SOUTH GOA_IDA),2025Q1,6,6.225733158195771,0.0,0.5,313.0,0.0,0.0,10372336.0
SOUTH GOA(DISTRICT COLLECTOR SOUTH GOA_IDA),2025Q2,36,5.8587777373054495,0.25,0.3888888888888889,198.5,0.0,0.0,40549790.0
SOUTH GOA(DISTRICT COLLECTOR SOUTH GOA_IDA),2025Q3,19,5.698970004336019,0.631578947368421,0.10526315789473684,118.0,0.0,0.0,17793580.0
SOUTH GOA(DISTRICT COLLECTOR SOUTH GOA_IDA),2025Q4,13,6.0,0.46153846153846156,0.0,345.0,0.0,0.0,16183066.0
SOUTH GOA(DISTRICT COLLECTOR SOUTH GOA_IDA),2026Q1,29,5.845098040014257,0.5517241379310345,0.0,345.0,0.0,0.0,19725600.0
SOUTH SALMARA MANCACHAR(Deputy Commissioner South Salmara Mankachar_IDA),2023Q4,11,5.681422155721009,0.0,0.0,345.0,0.0,0.0,5762400.0
SOUTH SALMARA MANCACHAR(Deputy Commissioner South Salmara Mankachar_IDA),2024Q3,2,5.698970004336019,1.0,0.0,345.0,0.0,0.0,1000000.0
SOUTH SALMARA MANCACHAR(Deputy Commissioner South Salmara Mankachar_IDA),2025Q1,6,5.653212513775344,1.0,0.0,345.0,0.0,0.0,3300000.0
SOUTH SALMARA MANCACHAR(Deputy Commissioner South Salmara Mankachar_IDA),2025Q4,2,6.0,1.0,0.0,345.0,0.0,0.0,2000000.0
SOUTH WEST GARO HILLS(DEPUTY COMMISSIONER SOUTH WEST GARO HILLS AMPATI_IDA),2024Q1,133,5.301029995663981,1.0,0.9924812030075187,193.5,0.19548872180451127,0.0,34250000.0
SOUTH WEST GARO HILLS(DEPUTY COMMISSIONER SOUTH WEST GARO HILLS AMPATI_IDA),2024Q4,10,5.301029995663981,1.0,0.0,345.0,1.0,0.0,2000000.0
SOUTH WEST GARO HILLS(DEPUTY COMMISSIONER SOUTH WEST GARO HILLS AMPATI_IDA),2025Q1,2,5.698970004336019,1.0,0.0,345.0,0.0,0.0,1000000.0
SOUTH WEST GARO HILLS(DEPUTY COMMISSIONER SOUTH WEST GARO HILLS AMPATI_IDA),2025Q2,2,5.3979400086720375,1.0,0.0,345.0,0.0,0.0,500000.0
SOUTH WEST GARO HILLS(DEPUTY COMMISSIONER SOUTH WEST GARO HILLS AMPATI_IDA),2025Q3,3,5.6020599913279625,1.0,0.3333333333333333,180.0,0.0,0.0,1100000.0
SOUTH WEST GARO HILLS(DEPUTY COMMISSIONER SOUTH WEST GARO HILLS AMPATI_IDA),2025Q4,1,5.0,1.0,1.0,115.0,0.0,0.0,100000.0
SOUTH WEST KHASI HILLS(DEPUTY COMMISSIONER SOUTH WEST KHASI HILLS MAWKRYWAT_IDA),2024Q1,13,5.301029995663981,1.0,0.9230769230769231,548.5,0.0,0.0,4750000.0
SOUTH WEST KHASI HILLS(DEPUTY COMMISSIONER SOUTH WEST KHASI HILLS MAWKRYWAT_IDA),2024Q3,3,6.0,1.0,1.0,412.0,0.0,0.0,2500000.0
SOUTH WEST KHASI HILLS(DEPUTY COMMISSIONER SOUTH WEST KHASI HILLS MAWKRYWAT_IDA),2024Q4,1,5.301029995663981,1.0,1.0,479.0,0.0,0.0,200000.0
SOUTH WEST KHASI HILLS(DEPUTY COMMISSIONER SOUTH WEST KHASI HILLS MAWKRYWAT_IDA),2025Q1,8,5.301029995663981,1.0,0.875,373.0,0.0,0.0,1900000.0
SOUTH WEST KHASI HILLS(DEPUTY COMMISSIONER SOUTH WEST KHASI HILLS MAWKRYWAT_IDA),2025Q3,4,5.544068044350276,1.0,0.0,345.0,0.0,0.0,1450000.0
SOUTH WEST(COMMISSIONER MCD SOUTH WEST),2023Q2,4,6.166768358772343,0.0,0.0,345.0,0.0,0.0,5740190.0
SOUTH WEST(COMMISSIONER MCD SOUTH WEST),2023Q3,8,6.05985354479022,0.0,0.0,345.0,0.0,0.0,9172353.0
SOUTH WEST(COMMISSIONER MCD SOUTH WEST),2023Q4,13,5.888311503870283,0.0,0.5384615384615384,69.0,0.0,0.0,33241662.0
SOUTH WEST(COMMISSIONER MCD SOUTH WEST),2024Q1,4,6.234034634717812,0.0,0.0,345.0,0.0,0.0,9358039.0
SOUTH WEST(COMMISSIONER MCD SOUTH WEST),2024Q4,5,6.029197843615441,0.0,0.0,345.0,0.0,0.0,6212914.0
SOUTH WEST(COMMISSIONER MCD SOUTH WEST),2025Q2,4,5.625003601014863,0.0,0.0,345.0,0.0,0.0,2104027.0
SOUTH WEST(COMMISSIONER MCD SOUTH WEST),2025Q3,9,5.932940279122394,0.0,0.0,345.0,1.0,0.0,5675718.0
SOUTH WEST(COMMISSIONER MCD SOUTH WEST),2025Q4,11,5.477121254719663,0.09090909090909091,0.0,345.0,0.0,0.0,6201160.0
SOUTH WEST(COMMISSIONER MCD SOUTH WEST),2026Q1,7,5.576767371842893,0.0,0.0,345.0,0.0,0.0,23293110.0
SOUTH(COMMISSIONER SOUTH),2019Q3,1,5.44781672854592,0.0,0.0,345.0,0.0,0.0,280425.0
SOUTH(COMMISSIONER SOUTH),2019Q4,2,5.556679328974793,0.0,0.0,345.0,0.0,0.0,720625.0
SOUTH(COMMISSIONER SOUTH),2020Q1,1,5.874389034601981,0.0,0.0,345.0,0.0,0.0,748840.0
SOUTH(COMMISSIONER SOUTH),2020Q4,1,5.101334573220179,0.0,0.0,345.0,0.0,0.0,126280.0
SOUTH(COMMISSIONER SOUTH),2021Q1,1,5.708760723690316,0.0,0.0,345.0,0.0,0.0,511400.0
SOUTH(COMMISSIONER SOUTH),2021Q3,1,5.20046197538544,0.0,0.0,345.0,0.0,0.0,158658.0
SOUTH(COMMISSIONER SOUTH),2022Q1,2,6.023208204623709,0.0,0.0,345.0,0.0,0.0,2109785.0
SOUTH(COMMISSIONER SOUTH),2022Q2,2,6.369754957250696,0.0,0.0,345.0,0.0,0.0,4685813.0
SOUTH(COMMISSIONER SOUTH),2022Q4,2,5.792325139277291,0.0,0.0,345.0,0.0,0.0,1239810.0
SOUTH(COMMISSIONER SOUTH),2023Q1,2,6.931477169411953,0.0,0.0,345.0,0.0,0.0,17080759.0
SOUTH(COMMISSIONER SOUTH),2023Q3,1,6.375614970254814,0.0,0.0,345.0,0.0,0.0,2374734.0
SOUTH(COMMISSIONER SOUTH),2023Q4,6,6.536562734995778,0.0,0.16666666666666666,73.0,0.0,0.0,30092377.0
SOUTH(COMMISSIONER SOUTH),2024Q1,10,6.223358336334444,0.1,0.3,115.0,0.0,0.0,16337125.0
SOUTH(COMMISSIONER SOUTH),2024Q4,5,5.301029995663981,0.2,0.0,345.0,0.2,0.0,1593905.0
SOUTH(COMMISSIONER SOUTH),2025Q1,11,5.776380791811687,0.18181818181818182,0.18181818181818182,367.0,0.09090909090909091,0.0,7536765.0
SOUTH(COMMISSIONER SOUTH),2025Q2,27,5.669106657204085,0.0,0.0,345.0,0.5185185185185185,0.0,38254009.0
SOUTH(COMMISSIONER SOUTH),2025Q3,89,5.882064386086517,0.0449438202247191,0.0,345.0,0.06741573033707865,0.0,79959753.0
SOUTH(COMMISSIONER SOUTH),2025Q4,22,5.912183250028575,0.22727272727272727,0.0,345.0,0.045454545454545456,0.0,30090729.0
SOUTH(COMMISSIONER SOUTH),2026Q1,26,6.003625084752876,0.07692307692307693,0.0,345.0,0.2692307692307692,0.0,35907844.0
SRI MUKTSAR SAHIB(DEPUTY COMMISSIONER SRI MUKTSAR SAHIB_IDA),2023Q3,12,5.7615519885641815,0.0,0.8333333333333334,435.5,0.0,0.0,8149444.0
SRI MUKTSAR SAHIB(DEPUTY COMMISSIONER SRI MUKTSAR SAHIB_IDA),2023Q4,37,5.698970004336019,0.4594594594594595,0.8648648648648649,470.5,0.05405405405405406,0.0,21691001.0
SRI MUKTSAR SAHIB(DEPUTY COMMISSIONER SRI MUKTSAR SAHIB_IDA),2024Q1,22,5.692013649233827,0.18181818181818182,1.0,425.0,0.09090909090909091,0.0,12307351.7
SRI MUKTSAR SAHIB(DEPUTY COMMISSIONER SRI MUKTSAR SAHIB_IDA),2024Q3,14,5.493458050995188,0.6428571428571429,0.7857142857142857,515.0,0.5714285714285714,0.0,3741774.0
SRI MUKTSAR SAHIB(DEPUTY COMMISSIONER SRI MUKTSAR SAHIB_IDA),2025Q1,35,5.378281588943986,0.22857142857142856,0.7142857142857143,295.0,0.11428571428571428,0.0,8938314.0
SRI MUKTSAR SAHIB(DEPUTY COMMISSIONER SRI MUKTSAR SAHIB_IDA),2025Q2,41,5.381943152165929,0.43902439024390244,0.5609756097560976,251.0,0.14634146341463414,0.0,15846436.0
SRI MUKTSAR SAHIB(DEPUTY COMMISSIONER SRI MUKTSAR SAHIB_IDA),2025Q3,15,5.531478917042255,0.6666666666666666,0.0,345.0,0.2,0.0,6834000.0
SRI MUKTSAR SAHIB(DEPUTY COMMISSIONER SRI MUKTSAR SAHIB_IDA),2025Q4,7,4.653212513775344,0.2857142857142857,0.5714285714285714,122.0,0.0,0.0,1949000.0
SRI MUKTSAR SAHIB(DEPUTY COMMISSIONER SRI MUKTSAR SAHIB_IDA),2026Q1,7,5.385606273598312,0.42857142857142855,0.0,345.0,0.0,0.0,2055000.0
SRIKAKULAM(District Collector Srikakulam_IDA),2023Q3,57,5.3560258571931225,0.10526315789473684,0.5263157894736842,800.0,0.0,0.017543859649122806,17346734.0
SRIKAKULAM(District Collector Srikakulam_IDA),2023Q4,111,5.6939124075697745,0.25225225225225223,0.6846846846846847,714.0,0.0,0.0,64386067.0
SRIKAKULAM(District Collector Srikakulam_IDA),2024Q1,13,5.629179137606563,0.07692307692307693,0.9230769230769231,606.5,0.0,0.0,6371075.0
SRIKAKULAM(District Collector Srikakulam_IDA),2025Q1,55,5.696589639217268,0.34545454545454546,0.6545454545454545,446.0,0.0,0.0,38131447.0
SRIKAKULAM(District Collector Srikakulam_IDA),2025Q2,19,5.677808542650192,0.15789473684210525,0.6842105263157895,281.0,0.0,0.0,9908446.0
SRIKAKULAM(District Collector Srikakulam_IDA),2025Q4,77,5.698970004336019,0.7532467532467533,0.03896103896103896,128.0,0.0,0.0,49325209.0
SRIKAKULAM(District Collector Srikakulam_IDA),2026Q1,51,5.698970004336019,0.43137254901960786,0.0196078431372549,100.0,0.0,0.0,34347391.0
SRINAGAR(DEPUTY COMMISSIONER SRINAGAR_IDA),2025Q1,33,5.477121254719663,0.30303030303030304,0.0,345.0,0.0,0.0,13090000.0
SRINAGAR(DEPUTY COMMISSIONER SRINAGAR_IDA),2025Q2,13,5.6020599913279625,0.6923076923076923,0.0,345.0,0.0,0.0,8068000.0
SRINAGAR(DEPUTY COMMISSIONER SRINAGAR_IDA),2025Q3,4,5.8221680793680175,0.5,0.0,345.0,0.0,0.0,3324650.6
SRINAGAR(DEPUTY COMMISSIONER SRINAGAR_IDA),2025Q4,5,5.477121254719663,0.4,0.0,345.0,0.0,0.0,1185500.0
SRINAGAR(DEPUTY COMMISSIONER SRINAGAR_IDA),2026Q1,3,5.698970004336019,1.0,0.0,345.0,0.0,0.0,1300000.0
SUKMA(Collector Sukma_IDA),2024Q1,10,5.770721335593638,0.0,1.0,120.5,0.0,0.0,5450914.0
SUKMA(Collector Sukma_IDA),2024Q4,9,5.698970004336019,0.6666666666666666,0.3333333333333333,418.0,0.0,0.0,4842910.0
SUKMA(Collector Sukma_IDA),2025Q2,11,5.778151250383644,1.0,0.0,345.0,0.0,0.0,7500000.0
SUKMA(Collector Sukma_IDA),2025Q3,1,6.0,1.0,0.0,345.0,0.0,0.0,1000000.0
SULTANPUR(DISTRICT MAGISTRATE SULTANPUR_IDA),2023Q3,1,6.307496037913213,0.0,0.0,345.0,0.0,0.0,2030000.0
SULTANPUR(DISTRICT MAGISTRATE SULTANPUR_IDA),2023Q4,34,5.973358799886397,0.14705882352941177,0.0,345.0,0.0,0.0,32716000.0
SULTANPUR(DISTRICT MAGISTRATE SULTANPUR_IDA),2024Q1,51,5.8750612633917,0.5098039215686274,0.0,345.0,0.0,0.0,42016000.0
SULTANPUR(DISTRICT MAGISTRATE SULTANPUR_IDA),2024Q3,4,6.096910013008056,1.0,0.0,345.0,0.0,0.0,5500000.0
SULTANPUR(DISTRICT MAGISTRATE SULTANPUR_IDA),2024Q4,11,6.3979400086720375,0.5454545454545454,0.0,345.0,0.0,0.0,51435024.0
SULTANPUR(DISTRICT MAGISTRATE SULTANPUR_IDA),2025Q1,1,6.3979400086720375,1.0,0.0,345.0,0.0,0.0,2500000.0
SULTANPUR(DISTRICT MAGISTRATE SULTANPUR_IDA),2025Q2,13,5.94255169747621,0.6153846153846154,0.0,345.0,0.0,0.0,14951261.0
SULTANPUR(DISTRICT MAGISTRATE SULTANPUR_IDA),2025Q3,8,6.3979400086720375,0.75,0.0,345.0,0.0,0.0,37629001.0
SULTANPUR(DISTRICT MAGISTRATE SULTANPUR_IDA),2025Q4,4,5.44905778617105,0.0,0.0,345.0,0.0,0.0,10622946.0
SULTANPUR(DISTRICT MAGISTRATE SULTANPUR_IDA),2026Q1,6,6.190331698170292,1.0,0.0,345.0,0.0,0.0,12100000.0
SUNDARGARH(DISTRICT COLLECTOR SUNDARGARH_IDA),2023Q3,46,5.698970004336019,1.0,0.06521739130434782,860.0,0.021739130434782608,0.0,23450000.0
SUNDARGARH(DISTRICT COLLECTOR SUNDARGARH_IDA),2023Q4,61,5.681241237375588,0.47540983606557374,0.2786885245901639,95.0,0.01639344262295082,0.0,31180000.0
SUNDARGARH(DISTRICT COLLECTOR SUNDARGARH_IDA),2024Q1,55,5.681241237375588,0.6363636363636364,0.12727272727272726,757.0,0.0,0.0,27700000.0
SUNDARGARH(DISTRICT COLLECTOR SUNDARGARH_IDA),2024Q3,15,5.681241237375588,0.0,0.0,345.0,0.0,0.0,7200000.0
SUNDARGARH(DISTRICT COLLECTOR SUNDARGARH_IDA),2024Q4,52,5.778151250383644,0.9038461538461539,0.1346153846153846,314.0,0.0,0.0,33388256.0
SUNDARGARH(DISTRICT COLLECTOR SUNDARGARH_IDA),2025Q1,48,5.698970004336019,0.7916666666666666,0.020833333333333332,208.0,0.0,0.0,29100000.0
SUNDARGARH(DISTRICT COLLECTOR SUNDARGARH_IDA),2025Q2,44,5.681241237375588,0.5,0.022727272727272728,215.0,0.0,0.0,23080000.0
SUNDARGARH(DISTRICT COLLECTOR SUNDARGARH_IDA),2025Q3,1,5.99563519459755,0.0,0.0,345.0,0.0,0.0,990000.0
SUNDARGARH(DISTRICT COLLECTOR SUNDARGARH_IDA),2025Q4,12,5.3979400086720375,1.0,0.0,345.0,0.0,0.0,3900000.0
SUNDARGARH(DISTRICT COLLECTOR SUNDARGARH_IDA),2026Q1,23,5.681241237375588,0.08695652173913043,0.0,345.0,0.043478260869565216,0.0,11790000.0
SUPAUL(DISTRICT PLANNING OFFICER SUPAUL_IDA),2023Q3,37,5.964259630196849,0.0,1.0,178.0,0.0,0.0,37956868.0
SUPAUL(DISTRICT PLANNING OFFICER SUPAUL_IDA),2023Q4,2,6.170581742912651,0.0,1.0,403.0,0.0,0.0,2962182.0
SUPAUL(DISTRICT PLANNING OFFICER SUPAUL_IDA),2024Q1,6,6.172752923694973,0.0,1.0,165.5,0.0,0.0,10349372.0
SUPAUL(DISTRICT PLANNING OFFICER SUPAUL_IDA),2024Q3,28,5.964259630196849,0.0,0.9642857142857143,281.0,0.8928571428571429,0.0,33380384.0
SUPAUL(DISTRICT PLANNING OFFICER SUPAUL_IDA),2024Q4,7,5.964259630196849,0.0,1.0,229.0,1.0,0.0,6447000.0
SUPAUL(DISTRICT PLANNING OFFICER SUPAUL_IDA),2025Q1,5,5.964259630196849,0.2,0.8,43.0,0.6,0.0,7293000.0
SUPAUL(DISTRICT PLANNING OFFICER SUPAUL_IDA),2025Q2,72,5.913813852383717,0.013888888888888888,0.6666666666666666,130.0,0.3194444444444444,0.0,69895249.0
SUPAUL(DISTRICT PLANNING OFFICER SUPAUL_IDA),2025Q3,16,5.913813852383717,0.0625,0.375,149.0,0.3125,0.0,14917000.0
SUPAUL(DISTRICT PLANNING OFFICER SUPAUL_IDA),2026Q1,2,5.964259630196849,0.0,0.0,345.0,0.0,0.0,1842000.0
SURAJPUR(DISTRICT COLLECTOR Surajpur_IDA),2023Q4,66,5.176070991506946,0.07575757575757576,0.9696969696969697,744.0,0.0,0.0,28673416.0
SURAJPUR(DISTRICT COLLECTOR Surajpur_IDA),2024Q4,57,5.2552725051033065,0.03508771929824561,0.0,345.0,0.0,0.0,10707806.0
SURAJPUR(DISTRICT COLLECTOR Surajpur_IDA),2025Q1,5,5.698681537018284,0.2,0.2,445.0,0.0,0.0,2495971.0
SURAJPUR(DISTRICT COLLECTOR Surajpur_IDA),2025Q2,33,5.25386117004511,0.0,0.0,345.0,0.0,0.0,5335263.0
SURAJPUR(DISTRICT COLLECTOR Surajpur_IDA),2025Q3,4,5.147320706331922,0.0,0.0,345.0,0.0,0.0,600571.0
SURAJPUR(DISTRICT COLLECTOR Surajpur_IDA),2025Q4,6,6.0,1.0,0.0,345.0,0.0,0.0,5500000.0
SURAJPUR(DISTRICT COLLECTOR Surajpur_IDA),2026Q1,11,5.476608484637135,0.6363636363636364,0.0,345.0,0.0,0.0,4243991.0
SURAT(DISTRICT COLLECTOR SURAT_IDA),2023Q3,28,5.093071306376063,0.0,1.0,183.0,0.0,0.0,9800543.0
SURAT(DISTRICT COLLECTOR SURAT_IDA),2023Q4,92,5.283301228703549,0.05434782608695652,1.0,550.0,0.25,0.0,20522705.0
SURAT(DISTRICT COLLECTOR SURAT_IDA),2024Q1,105,5.651084089243011,0.19047619047619047,0.9523809523809523,537.5,0.08571428571428572,0.0,89101337.0
SURAT(DISTRICT COLLECTOR SURAT_IDA),2024Q2,1,5.778151250383644,1.0,0.0,345.0,0.0,0.0,600000.0
SURAT(DISTRICT COLLECTOR SURAT_IDA),2024Q3,23,5.283255987338656,0.043478260869565216,1.0,293.5,0.0,0.043478260869565216,5436663.0
SURAT(DISTRICT COLLECTOR SURAT_IDA),2024Q4,81,5.440594261839831,0.2345679012345679,0.8888888888888888,233.0,0.0,0.0,23688383.0
SURAT(DISTRICT COLLECTOR SURAT_IDA),2025Q1,36,5.437573004696644,0.25,0.6388888888888888,182.0,0.0,0.0,11334613.0
SURAT(DISTRICT COLLECTOR SURAT_IDA),2025Q2,94,5.301029995663981,0.6276595744680851,0.24468085106382978,234.0,0.02127659574468085,0.0,33839994.0
SURAT(DISTRICT COLLECTOR SURAT_IDA),2025Q3,39,5.4361626470407565,0.5384615384615384,0.1282051282051282,156.0,0.0,0.0,17073657.0
SURAT(DISTRICT COLLECTOR SURAT_IDA),2025Q4,26,5.447237903160725,0.46153846153846156,0.19230769230769232,147.0,0.0,0.0,14971623.0
SURAT(DISTRICT COLLECTOR SURAT_IDA),2026Q1,75,5.698970004336019,0.32,0.0,345.0,0.04,0.0,65628329.0
SURENDRANAGAR(DISTRICT COLLECTOR SURENDRANAGAR_IDA),2023Q3,98,5.475010529411962,0.030612244897959183,0.9795918367346939,697.0,0.0,0.01020408163265306,29210199.0
SURENDRANAGAR(DISTRICT COLLECTOR SURENDRANAGAR_IDA),2023Q4,50,5.514576970266439,0.14,0.98,649.0,0.0,0.0,21888595.0
SURENDRANAGAR(DISTRICT COLLECTOR SURENDRANAGAR_IDA),2024Q1,14,5.476541809027429,0.0,1.0,761.5,0.0,0.0,4245627.0
SURENDRANAGAR(DISTRICT COLLECTOR SURENDRANAGAR_IDA),2024Q3,6,5.6020599913279625,0.5,0.16666666666666666,329.0,0.0,0.0,2596368.0
SURENDRANAGAR(DISTRICT COLLECTOR SURENDRANAGAR_IDA),2024Q4,41,5.69727032845751,0.3902439024390244,0.4878048780487805,258.5,0.0,0.0,21731988.0
SURENDRANAGAR(DISTRICT COLLECTOR SURENDRANAGAR_IDA),2025Q1,10,5.653127094127362,0.6,0.3,308.0,0.0,0.0,4494770.0
SURENDRANAGAR(DISTRICT COLLECTOR SURENDRANAGAR_IDA),2025Q2,1,5.698970004336019,1.0,0.0,345.0,0.0,0.0,500000.0
SURENDRANAGAR(DISTRICT COLLECTOR SURENDRANAGAR_IDA),2025Q3,45,5.6988857430329185,0.8222222222222222,0.1111111111111111,146.0,0.0,0.0,19694204.0
SURENDRANAGAR(DISTRICT COLLECTOR SURENDRANAGAR_IDA),2025Q4,12,5.698752802790154,0.75,0.08333333333333333,112.0,0.0,0.0,5945086.0
SURENDRANAGAR(DISTRICT COLLECTOR SURENDRANAGAR_IDA),2026Q1,13,5.690196080028514,0.9230769230769231,0.0,345.0,0.0,0.0,5490000.0
SURGUJA(Collector Surguja_IDA),2023Q4,130,5.176091259055681,0.8615384615384616,0.13846153846153847,740.0,0.05384615384615385,0.0,41689650.0
SURGUJA(Collector Surguja_IDA),2024Q3,14,5.695481676490197,0.0,1.0,410.0,0.6428571428571429,0.0,9461500.0
SURGUJA(Collector Surguja_IDA),2024Q4,33,5.255265266801621,0.2727272727272727,0.7272727272727273,311.0,0.0,0.0,11379225.0
SURGUJA(Collector Surguja_IDA),2025Q1,14,5.698970004336019,0.6428571428571429,0.35714285714285715,305.0,0.0,0.0,5241970.0
SURGUJA(Collector Surguja_IDA),2025Q2,73,5.2552725051033065,0.2876712328767123,0.1506849315068493,179.0,0.2876712328767123,0.0,19890106.0
SURGUJA(Collector Surguja_IDA),2025Q3,1,6.079181246047625,1.0,0.0,345.0,0.0,0.0,1200000.0
SURGUJA(Collector Surguja_IDA),2025Q4,1,6.176091259055681,1.0,0.0,345.0,0.0,0.0,1500000.0
SURGUJA(Collector Surguja_IDA),2026Q1,21,5.698970004336019,0.9523809523809523,0.0,345.0,0.0,0.0,13320000.0
SURYAPET(DISTRICT COLLECTOR SURYAPET),2020Q1,8,4.902062752379211,0.25,0.625,2197.0,0.0,0.0,1450652.0
SURYAPET(DISTRICT COLLECTOR SURYAPET),2023Q1,3,4.903089986991944,0.0,0.0,345.0,0.0,0.0,240000.0
SURYAPET(DISTRICT COLLECTOR SURYAPET),2023Q2,1,5.698474626207436,0.0,1.0,1043.0,0.0,0.0,499430.0
SURYAPET(DISTRICT COLLECTOR SURYAPET),2023Q3,10,5.6020420763110845,0.4,0.7,921.0,0.0,0.0,3313241.0
SURYAPET(DISTRICT COLLECTOR SURYAPET),2023Q4,272,5.601998099954426,0.41911764705882354,0.9044117647058824,821.0,0.029411764705882353,0.0,104735055.0
SURYAPET(DISTRICT COLLECTOR SURYAPET),2024Q4,23,5.175665441778854,0.43478260869565216,0.9565217391304348,398.0,0.0,0.0,4495524.0
SURYAPET(DISTRICT COLLECTOR SURYAPET),2025Q1,13,5.697973458905673,0.5384615384615384,0.9230769230769231,310.5,0.0,0.0,5145905.0
SURYAPET(DISTRICT COLLECTOR SURYAPET),2025Q2,3,5.697679101665124,0.0,1.0,271.0,0.0,0.0,1496032.0
SURYAPET(DISTRICT COLLECTOR SURYAPET),2025Q3,8,5.698970004336019,1.0,0.5,182.0,0.0,0.0,4000000.0
SURYAPET(DISTRICT COLLECTOR SURYAPET),2025Q4,6,5.698970004336019,0.8333333333333334,0.0,345.0,0.0,0.0,2840000.0
SURYAPET(DISTRICT COLLECTOR SURYAPET),2026Q1,3,5.698970004336019,0.6666666666666666,0.0,345.0,0.0,0.0,1180000.0
Salumbar(DISTRICT COLLECTOR Salumbar_IDA),2024Q1,22,5.812913356642856,0.9090909090909091,0.13636363636363635,660.0,0.0,0.0,16891095.0
Salumbar(DISTRICT COLLECTOR Salumbar_IDA),2024Q3,4,5.8958516556206035,0.25,0.5,484.5,0.0,0.0,3072759.0
Salumbar(DISTRICT COLLECTOR Salumbar_IDA),2024Q4,1,5.301029995663981,1.0,0.0,345.0,0.0,0.0,200000.0
Salumbar(DISTRICT COLLECTOR Salumbar_IDA),2025Q2,14,5.419129307741976,0.7857142857142857,0.0,345.0,0.0,0.0,5225000.0
Salumbar(DISTRICT COLLECTOR Salumbar_IDA),2025Q3,3,5.623249290397901,0.6666666666666666,0.0,345.0,0.0,0.0,1720000.0
Salumbar(DISTRICT COLLECTOR Salumbar_IDA),2025Q4,1,6.61066016308988,0.0,0.0,345.0,0.0,0.0,4080000.0
Salumbar(DISTRICT COLLECTOR Salumbar_IDA),2026Q1,7,5.2552725051033065,0.42857142857142855,0.0,345.0,0.0,0.0,2850000.0
Sanchor(DISTRICT COLLECTOR Sanchor_IDA),2024Q1,30,5.698970004336019,0.16666666666666666,0.4,309.5,0.0,0.0,16389867.0
Sanchor(DISTRICT COLLECTOR Sanchor_IDA),2024Q4,2,5.874912419645883,0.0,0.5,487.0,0.0,0.0,1499486.0
Sanchor(DISTRICT COLLECTOR Sanchor_IDA),2025Q1,7,5.845097419593126,0.14285714285714285,0.0,345.0,0.0,0.0,4899751.0
Sanchor(DISTRICT COLLECTOR Sanchor_IDA),2025Q3,2,5.740128107131076,0.0,1.0,245.0,0.0,0.0,1099406.0
Sant Kabir Nagar(DISTRICT MAGISTRATE SANT KABIR NAGAR_2),2023Q4,11,6.0,0.6363636363636364,0.7272727272727273,789.5,0.0,0.0,15329900.42
Sant Kabir Nagar(DISTRICT MAGISTRATE SANT KABIR NAGAR_2),2024Q1,118,5.47639682672533,0.13559322033898305,0.6949152542372882,670.0,0.0,0.0,70945284.4
Sant Kabir Nagar(DISTRICT MAGISTRATE SANT KABIR NAGAR_2),2024Q3,3,6.3979400086720375,1.0,0.3333333333333333,480.0,0.0,0.0,7500000.0
Sant Kabir Nagar(DISTRICT MAGISTRATE SANT KABIR NAGAR_2),2024Q4,3,6.0,0.6666666666666666,0.6666666666666666,292.5,0.0,0.0,3498365.0
Sant Kabir Nagar(DISTRICT MAGISTRATE SANT KABIR NAGAR_2),2025Q2,2,5.999980890622387,0.5,0.0,345.0,0.0,0.0,1999912.0
Sant Kabir Nagar(DISTRICT MAGISTRATE SANT KABIR NAGAR_2),2025Q3,2,6.021189299069938,1.0,0.0,345.0,0.0,0.0,2100000.0
Sant Kabir Nagar(DISTRICT MAGISTRATE SANT KABIR NAGAR_2),2025Q4,30,5.869152483104366,0.0,0.0,345.0,1.0,0.0,21773170.0
Sant Kabir Nagar(DISTRICT MAGISTRATE SANT KABIR NAGAR_2),2026Q1,354,5.024054443090109,0.00847457627118644,0.0,345.0,0.1694915254237288,0.0,41098945.0
Sepahijala(DISTRICT MAGISTRATE and COLLECTOR SIPAHIJALA_IDA),2023Q4,4,6.351435275161011,0.5,0.5,870.5,0.0,0.0,8432264.0
Sepahijala(DISTRICT MAGISTRATE and COLLECTOR SIPAHIJALA_IDA),2024Q1,41,5.5910646070264995,0.12195121951219512,0.9024390243902439,744.0,0.8048780487804879,0.0,21239846.0
Sepahijala(DISTRICT MAGISTRATE and COLLECTOR SIPAHIJALA_IDA),2025Q1,2,6.916918027112308,0.5,0.0,345.0,0.0,0.0,16517641.0
Sepahijala(DISTRICT MAGISTRATE and COLLECTOR SIPAHIJALA_IDA),2025Q2,2,6.923577954918059,0.5,0.0,345.0,0.0,0.0,16772892.0
Sepahijala(DISTRICT MAGISTRATE and COLLECTOR SIPAHIJALA_IDA),2025Q4,1,6.3979400086720375,1.0,0.0,345.0,0.0,0.0,2500000.0
Sepahijala(DISTRICT MAGISTRATE and COLLECTOR SIPAHIJALA_IDA),2026Q1,2,6.414973347970818,1.0,0.0,345.0,0.0,0.0,5200000.0
Shahid Bhagat Singh Nagar(Deputy Commissioner Shahid Bhagat Singh Nagar_ida),2023Q3,23,5.3979400086720375,0.782608695652174,0.8695652173913043,406.5,0.0,0.0,6042354.0
Shahid Bhagat Singh Nagar(Deputy Commissioner Shahid Bhagat Singh Nagar_ida),2023Q4,33,5.3979400086720375,0.8787878787878788,0.7878787878787878,358.5,0.0,0.0,8596843.0
Shahid Bhagat Singh Nagar(Deputy Commissioner Shahid Bhagat Singh Nagar_ida),2024Q1,30,5.3979400086720375,0.7666666666666667,0.7666666666666667,587.0,0.0,0.0,7386209.0
Shahid Bhagat Singh Nagar(Deputy Commissioner Shahid Bhagat Singh Nagar_ida),2024Q4,40,5.439332693830263,0.925,0.55,380.0,0.0,0.0,15544281.0
Shahid Bhagat Singh Nagar(Deputy Commissioner Shahid Bhagat Singh Nagar_ida),2025Q1,1,5.540904815317018,0.0,0.0,345.0,0.0,0.0,347460.0
Shahid Bhagat Singh Nagar(Deputy Commissioner Shahid Bhagat Singh Nagar_ida),2025Q2,9,5.477121254719663,1.0,0.4444444444444444,260.0,0.0,0.0,3100000.0
Shahid Bhagat Singh Nagar(Deputy Commissioner Shahid Bhagat Singh Nagar_ida),2025Q3,18,5.477121254719663,0.9444444444444444,0.1111111111111111,209.0,0.0,0.0,6001750.0
Shahid Bhagat Singh Nagar(Deputy Commissioner Shahid Bhagat Singh Nagar_ida),2025Q4,1,5.698970004336019,1.0,0.0,345.0,0.0,0.0,500000.0
Shahid Bhagat Singh Nagar(Deputy Commissioner Shahid Bhagat Singh Nagar_ida),2026Q1,6,5.698970004336019,1.0,0.0,345.0,0.0,0.0,3750000.0
Shahpura(DISTRICT COLLECTOR Shahpura_IDA),2024Q1,32,5.698665022548586,0.625,0.0625,794.5,0.0,0.0,12685414.0
Shahpura(DISTRICT COLLECTOR Shahpura_IDA),2024Q3,1,6.3979400086720375,1.0,0.0,345.0,0.0,0.0,2500000.0
Shahpura(DISTRICT COLLECTOR Shahpura_IDA),2025Q1,31,5.698970004336019,1.0,0.0,345.0,0.0,0.0,15500000.0
Shahpura(DISTRICT COLLECTOR Shahpura_IDA),2025Q2,39,5.698970004336019,0.5128205128205128,0.0,345.0,0.0,0.0,14585000.0
Shahpura(DISTRICT COLLECTOR Shahpura_IDA),2025Q3,5,5.698970004336019,1.0,0.0,345.0,0.0,0.0,3000000.0
Shamator(Deputy Commissioner Shamator_IDA),2023Q4,1,7.021189299069938,1.0,0.0,345.0,0.0,0.0,10500000.0
Shrawasti(DISTRICT MAGISTRATE SHRAVASTI_IDA),2023Q4,287,4.4697778481917725,0.003484320557491289,0.18466898954703834,771.0,0.006968641114982578,0.0,19778265.0
Shrawasti(DISTRICT MAGISTRATE SHRAVASTI_IDA),2024Q1,69,4.4697778481917725,0.0,0.028985507246376812,684.0,0.0,0.0,13112720.0
Shrawasti(DISTRICT MAGISTRATE SHRAVASTI_IDA),2025Q3,1,6.362482474751174,0.0,0.0,345.0,0.0,0.0,2304000.0
Shrawasti(DISTRICT MAGISTRATE SHRAVASTI_IDA),2026Q1,758,4.417471693203293,0.0,0.0,345.0,0.010554089709762533,0.0,54807110.0
"Siaha(Deputy Commissioner, Siaha)",2023Q4,3,6.176091259055681,1.0,0.0,345.0,0.0,0.0,4300000.0
"Siaha(Deputy Commissioner, Siaha)",2024Q1,4,5.8750612633917,1.0,0.0,345.0,0.0,0.0,4000000.0
"Siaha(Deputy Commissioner, Siaha)",2024Q4,19,5.3979400086720375,1.0,0.0,345.0,0.0,0.0,6000000.0
"Siaha(Deputy Commissioner, Siaha)",2025Q1,2,5.8750612633917,1.0,0.0,345.0,0.0,0.0,1500000.0
"Siaha(Deputy Commissioner, Siaha)",2026Q1,1,5.977723605288848,1.0,0.0,345.0,0.0,0.0,950000.0
Siddharthnagar(DISTRICT MAGISTRATE SIDDHARTH NAGAR_IDA),2023Q3,1,6.176091259055681,1.0,0.0,345.0,0.0,0.0,1500000.0
Siddharthnagar(DISTRICT MAGISTRATE SIDDHARTH NAGAR_IDA),2023Q4,191,4.698970004336019,0.2356020942408377,0.0,345.0,0.5602094240837696,0.0,79155000.0
Siddharthnagar(DISTRICT MAGISTRATE SIDDHARTH NAGAR_IDA),2024Q1,13,5.863322860120456,0.23076923076923078,0.0,345.0,0.0,0.0,18539000.0
Siddharthnagar(DISTRICT MAGISTRATE SIDDHARTH NAGAR_IDA),2024Q3,1,6.698970004336019,1.0,0.0,345.0,0.0,0.0,5000000.0
Siddharthnagar(DISTRICT MAGISTRATE SIDDHARTH NAGAR_IDA),2024Q4,7,6.580012112529424,0.0,0.0,345.0,0.42857142857142855,0.0,22183000.0
Siddharthnagar(DISTRICT MAGISTRATE SIDDHARTH NAGAR_IDA),2025Q1,2,6.660391098402467,1.0,0.0,345.0,0.0,0.0,9150000.0
Siddharthnagar(DISTRICT MAGISTRATE SIDDHARTH NAGAR_IDA),2025Q2,8,6.801952234854282,0.375,0.0,345.0,0.75,0.0,54018155.0
Siddharthnagar(DISTRICT MAGISTRATE SIDDHARTH NAGAR_IDA),2025Q3,3,6.778151250383644,0.6666666666666666,0.0,345.0,0.3333333333333333,0.0,17495000.0
Siddharthnagar(DISTRICT MAGISTRATE SIDDHARTH NAGAR_IDA),2025Q4,81,5.942008053022313,0.38271604938271603,0.0,345.0,0.04938271604938271,0.0,110352282.0
Siddharthnagar(DISTRICT MAGISTRATE SIDDHARTH NAGAR_IDA),2026Q1,2,5.827369273053825,0.5,0.0,345.0,1.0,0.0,1344000.0
Soreng(DISTRICT COLLECTOR SORENG_IDA),2023Q3,5,6.502469864476078,0.0,1.0,801.0,0.0,0.0,15426092.0
Soreng(DISTRICT COLLECTOR SORENG_IDA),2023Q4,3,5.9995046218714165,0.3333333333333333,0.6666666666666666,434.0,0.0,0.0,4039549.0
Soreng(DISTRICT COLLECTOR SORENG_IDA),2024Q1,5,5.698196271331383,0.0,1.0,660.0,0.0,0.0,2595558.0
Soreng(DISTRICT COLLECTOR SORENG_IDA),2024Q3,1,5.391984266524012,0.0,1.0,437.0,0.0,0.0,246595.0
Soreng(DISTRICT COLLECTOR SORENG_IDA),2025Q3,6,6.3755690646181336,0.6666666666666666,0.3333333333333333,186.0,0.0,0.0,12998767.0
Soreng(DISTRICT COLLECTOR SORENG_IDA),2025Q4,4,5.3979400086720375,1.0,0.0,345.0,0.5,0.0,1450000.0
South 24 Parganas(DISTRICT MAGISTRATE SOUTH TWENTY FOUR PARGANAS_IDA),2023Q3,175,5.477777990230981,0.26857142857142857,0.3314285714285714,677.0,0.0,0.0,107266440.0
South 24 Parganas(DISTRICT MAGISTRATE SOUTH TWENTY FOUR PARGANAS_IDA),2023Q4,314,5.239076642666029,0.12738853503184713,0.3630573248407643,250.5,0.0,0.0,109412728.0
South 24 Parganas(DISTRICT MAGISTRATE SOUTH TWENTY FOUR PARGANAS_IDA),2024Q1,174,5.33163275322847,0.13218390804597702,0.21839080459770116,81.0,0.0,0.0,55444828.0
South 24 Parganas(DISTRICT MAGISTRATE SOUTH TWENTY FOUR PARGANAS_IDA),2024Q3,289,5.477115464087966,0.24567474048442905,0.5363321799307958,308.0,0.0,0.0,97502467.0
South 24 Parganas(DISTRICT MAGISTRATE SOUTH TWENTY FOUR PARGANAS_IDA),2024Q4,119,5.236789099409293,0.29411764705882354,0.5210084033613446,281.0,0.01680672268907563,0.0,27887229.0
South 24 Parganas(DISTRICT MAGISTRATE SOUTH TWENTY FOUR PARGANAS_IDA),2025Q1,49,5.633286619828186,0.14285714285714285,0.02040816326530612,176.0,0.0,0.0,24867934.0
South 24 Parganas(DISTRICT MAGISTRATE SOUTH TWENTY FOUR PARGANAS_IDA),2025Q2,290,5.477087233652737,0.31724137931034485,0.3689655172413793,146.0,0.0,0.0,113106154.0
South 24 Parganas(DISTRICT MAGISTRATE SOUTH TWENTY FOUR PARGANAS_IDA),2025Q3,32,5.740362689494244,0.625,0.0625,79.0,0.125,0.0,21950194.0
South 24 Parganas(DISTRICT MAGISTRATE SOUTH TWENTY FOUR PARGANAS_IDA),2025Q4,70,5.475792454299747,0.24285714285714285,0.0,345.0,0.0,0.0,24418961.0
South 24 Parganas(DISTRICT MAGISTRATE SOUTH TWENTY FOUR PARGANAS_IDA),2026Q1,27,5.698970004336019,0.8518518518518519,0.0,345.0,0.0,0.0,22142233.0
South East(COMMISSIONER MCD SOUTH EAST_IDA),2023Q2,1,5.874655732598101,0.0,0.0,345.0,0.0,0.0,749300.0
South East(COMMISSIONER MCD SOUTH EAST_IDA),2023Q3,2,7.119400278088544,0.5,0.5,704.0,0.0,0.0,26328752.0
South East(COMMISSIONER MCD SOUTH EAST_IDA),2023Q4,9,5.631543198890155,0.1111111111111111,0.8888888888888888,585.0,0.0,0.0,35424784.0
South East(COMMISSIONER MCD SOUTH EAST_IDA),2024Q4,1,6.300470916107928,0.0,0.0,345.0,0.0,0.0,1997427.0
South East(COMMISSIONER MCD SOUTH EAST_IDA),2025Q1,1,6.375022396464427,0.0,0.0,345.0,0.0,0.0,2371496.0
South East(COMMISSIONER MCD SOUTH EAST_IDA),2025Q2,2,6.266640743027415,0.0,0.0,345.0,0.0,0.0,3695479.0
South East(COMMISSIONER MCD SOUTH EAST_IDA),2025Q3,1,5.940517979062389,0.0,0.0,345.0,0.0,0.0,872003.0
South East(COMMISSIONER MCD SOUTH EAST_IDA),2025Q4,6,5.7775402751591365,0.0,0.0,345.0,0.6666666666666666,0.0,3576397.0
South East(COMMISSIONER MCD SOUTH EAST_IDA),2026Q1,15,5.971804938715998,0.0,0.0,345.0,0.0,0.0,15916841.0
South Tripura(DISTRICT MAGISTRATE and COLLECTOR SOUTH TRIPURA DISTRICT_IDA),2023Q4,2,6.206083434433529,0.5,0.0,345.0,0.0,0.0,3214500.0
South Tripura(DISTRICT MAGISTRATE and COLLECTOR SOUTH TRIPURA DISTRICT_IDA),2024Q1,4,6.096910013008056,0.5,0.0,345.0,0.0,0.0,4960379.0
South Tripura(DISTRICT MAGISTRATE and COLLECTOR SOUTH TRIPURA DISTRICT_IDA),2025Q1,1,6.3979400086720375,1.0,0.0,345.0,0.0,0.0,2500000.0
South Tripura(DISTRICT MAGISTRATE and COLLECTOR SOUTH TRIPURA DISTRICT_IDA),2026Q1,11,6.0,1.0,0.0,345.0,0.9090909090909091,0.0,12500000.0
Sri Potti Sriramulu Nellore(DISTRICT COLLECTOR NELLORE_IDA),2023Q2,1,5.6970775747990094,0.0,1.0,917.0,0.0,0.0,497826.0
Sri Potti Sriramulu Nellore(DISTRICT COLLECTOR NELLORE_IDA),2023Q3,2,5.693015142769598,0.0,0.0,345.0,0.0,0.0,986382.0
Sri Potti Sriramulu Nellore(DISTRICT COLLECTOR NELLORE_IDA),2023Q4,83,5.886692033223557,0.012048192771084338,0.9879518072289156,702.0,0.0,0.0,88129851.0
Sri Potti Sriramulu Nellore(DISTRICT COLLECTOR NELLORE_IDA),2024Q1,32,5.698813630173495,0.09375,0.71875,633.0,0.0625,0.0,22915935.0
Sri Potti Sriramulu Nellore(DISTRICT COLLECTOR NELLORE_IDA),2024Q4,1,6.1712246048622,0.0,0.0,345.0,0.0,0.0,1483285.0
Sri Potti Sriramulu Nellore(DISTRICT COLLECTOR NELLORE_IDA),2025Q1,76,5.698817105766661,0.17105263157894737,0.8552631578947368,293.0,0.0,0.0,43720581.0
Sri Potti Sriramulu Nellore(DISTRICT COLLECTOR NELLORE_IDA),2025Q2,36,5.698268486765136,0.3055555555555556,0.6388888888888888,231.0,0.0,0.0,27939657.0
Sri Potti Sriramulu Nellore(DISTRICT COLLECTOR NELLORE_IDA),2025Q3,15,6.352182518111363,0.7333333333333333,0.26666666666666666,228.0,0.0,0.0,32494396.0
Sri Potti Sriramulu Nellore(DISTRICT COLLECTOR NELLORE_IDA),2025Q4,78,5.698970004336019,0.7435897435897436,0.23076923076923078,159.0,0.0,0.0,53905949.0
Sri Potti Sriramulu Nellore(DISTRICT COLLECTOR NELLORE_IDA),2026Q1,36,5.698970004336019,0.9166666666666666,0.0,345.0,0.0,0.0,30460000.0
Sri Sathya Sai(DISTRICT COLLECTOR SRI SATHYA SAI_IDA),2023Q3,3,5.698970004336019,0.3333333333333333,0.0,345.0,0.0,0.0,1719853.0
Sri Sathya Sai(DISTRICT COLLECTOR SRI SATHYA SAI_IDA),2023Q4,21,5.698621560416837,0.0,1.0,858.0,0.0,0.0,20221140.0
Sri Sathya Sai(DISTRICT COLLECTOR SRI SATHYA SAI_IDA),2024Q1,47,5.698970004336019,0.0851063829787234,0.851063829787234,843.5,0.0,0.0,43091362.0
Sri Sathya Sai(DISTRICT COLLECTOR SRI SATHYA SAI_IDA),2024Q4,12,5.698970004336019,0.6666666666666666,0.25,420.0,0.0,0.0,20989960.0
Sri Sathya Sai(DISTRICT COLLECTOR SRI SATHYA SAI_IDA),2025Q1,42,5.698970004336019,0.5714285714285714,0.42857142857142855,410.5,0.0,0.0,23583590.0
Sri Sathya Sai(DISTRICT COLLECTOR SRI SATHYA SAI_IDA),2025Q2,10,5.57301847108558,0.0,1.0,321.5,0.0,0.0,3350810.0
Sri Sathya Sai(DISTRICT COLLECTOR SRI SATHYA SAI_IDA),2025Q3,14,5.697060999223155,0.35714285714285715,0.5714285714285714,243.0,0.0,0.0,17307992.0
Sri Sathya Sai(DISTRICT COLLECTOR SRI SATHYA SAI_IDA),2025Q4,12,5.7596678446896306,1.0,0.0,345.0,0.0,0.0,12350000.0
Sri Sathya Sai(DISTRICT COLLECTOR SRI SATHYA SAI_IDA),2026Q1,15,5.698970004336019,0.6666666666666666,0.0,345.0,0.0,0.0,16340000.0
TAMENGLONG(Deputy Commissioner Tamenglong_ida),2023Q4,3,6.176091259055681,1.0,1.0,103.0,0.0,0.0,4000000.0
TAMENGLONG(Deputy Commissioner Tamenglong_ida),2024Q1,2,5.6020599913279625,1.0,1.0,207.0,0.0,0.0,800000.0
TAMENGLONG(Deputy Commissioner Tamenglong_ida),2025Q1,2,6.176091259055681,1.0,1.0,417.5,0.0,0.0,3000000.0
TAMULPUR(IDA Tamulpur),2024Q2,3,6.0,1.0,0.0,345.0,0.0,0.0,2700000.0
TAMULPUR(IDA Tamulpur),2025Q3,51,5.477121254719663,1.0,0.0,345.0,0.0,0.0,15450000.0
TAPI(District collector Tapi_IDA),2023Q3,5,5.296524789554932,0.0,1.0,334.0,0.0,0.0,861204.0
TAPI(District collector Tapi_IDA),2023Q4,2,5.5887550457014905,0.0,1.0,497.0,0.0,0.0,775863.0
TAPI(District collector Tapi_IDA),2024Q1,10,5.599329484972007,0.3,1.0,620.5,0.0,0.0,3519816.0
TAPI(District collector Tapi_IDA),2024Q3,5,5.165837624690128,0.0,0.6,488.0,0.0,0.0,823500.0
TAPI(District collector Tapi_IDA),2024Q4,6,5.469822015978163,0.0,0.0,345.0,0.5,0.0,1770000.0
TAPI(District collector Tapi_IDA),2025Q3,3,5.903089986991944,0.6666666666666666,0.0,345.0,0.0,0.0,2592000.0
TAPI(District collector Tapi_IDA),2025Q4,1,6.544068044350276,1.0,0.0,345.0,0.0,0.0,3500000.0
TAPI(District collector Tapi_IDA),2026Q1,96,5.290942339754987,0.3333333333333333,0.0,345.0,0.0,0.0,21838976.0
TAWANG(Deputy Commisioner Tawang_IDA),2023Q4,4,6.0,1.0,0.0,345.0,0.0,0.0,3500000.0
TAWANG(Deputy Commisioner Tawang_IDA),2025Q3,2,6.176091259055681,1.0,0.0,345.0,0.0,0.0,3000000.0
TAWANG(Deputy Commisioner Tawang_IDA),2026Q1,1,6.176091259055681,1.0,0.0,345.0,0.0,0.0,1500000.0
TEHRI GARHWAL(DISTRICT MAGISTRATE TEHRI GARHWAL_IDA),2023Q3,4,5.693871103731323,0.25,0.75,356.0,0.0,0.0,1786327.0
TEHRI GARHWAL(DISTRICT MAGISTRATE TEHRI GARHWAL_IDA),2023Q4,44,5.3979400086720375,0.8863636363636364,0.11363636363636363,841.0,0.0,0.0,13544367.0
TEHRI GARHWAL(DISTRICT MAGISTRATE TEHRI GARHWAL_IDA),2024Q3,7,6.079181246047625,1.0,0.0,345.0,0.0,0.0,8100000.0
TEHRI GARHWAL(DISTRICT MAGISTRATE TEHRI GARHWAL_IDA),2024Q4,9,5.301029995663981,0.8888888888888888,0.0,345.0,0.0,0.0,4420000.0
TEHRI GARHWAL(DISTRICT MAGISTRATE TEHRI GARHWAL_IDA),2025Q1,23,5.3979400086720375,1.0,0.0,345.0,0.0,0.0,11900000.0
TEHRI GARHWAL(DISTRICT MAGISTRATE TEHRI GARHWAL_IDA),2025Q2,5,5.778151250383644,1.0,0.0,345.0,0.0,0.0,3900000.0
TEHRI GARHWAL(DISTRICT MAGISTRATE TEHRI GARHWAL_IDA),2025Q3,1,6.698970004336019,1.0,0.0,345.0,0.0,0.0,5000000.0
TEHRI GARHWAL(DISTRICT MAGISTRATE TEHRI GARHWAL_IDA),2025Q4,3,5.3979400086720375,1.0,0.0,345.0,0.3333333333333333,0.0,1500000.0
TEHRI GARHWAL(DISTRICT MAGISTRATE TEHRI GARHWAL_IDA),2026Q1,10,5.929418925714293,1.0,0.0,345.0,0.1,0.0,8600000.0
TENGNOUPAL(Deputy Commissioner Tengnoupal MPLADS_ida),2024Q1,4,5.845098040014257,1.0,1.0,673.0,0.0,0.0,2600000.0
TENGNOUPAL(Deputy Commissioner Tengnoupal MPLADS_ida),2025Q2,1,6.176091259055681,1.0,0.0,345.0,0.0,0.0,1500000.0
TENKASI(DISTRICT COLLECTOR TENKASI_IDA),2023Q3,4,6.397578959921034,0.0,1.0,926.0,0.0,0.0,9949769.0
TENKASI(DISTRICT COLLECTOR TENKASI_IDA),2023Q4,71,5.521138083704036,0.22535211267605634,1.0,846.0,0.0,0.0,33522759.0
TENKASI(DISTRICT COLLECTOR TENKASI_IDA),2024Q1,97,5.619483602661099,0.10309278350515463,0.9690721649484536,720.0,0.061855670103092786,0.0,68771142.0
TENKASI(DISTRICT COLLECTOR TENKASI_IDA),2024Q3,8,6.395804290879485,0.25,1.0,566.5,0.0,0.0,19921313.0
TENKASI(DISTRICT COLLECTOR TENKASI_IDA),2024Q4,22,5.6216248902282375,0.045454545454545456,1.0,421.0,0.0,0.0,11675906.0
TENKASI(DISTRICT COLLECTOR TENKASI_IDA),2025Q1,7,6.300706325692923,0.0,1.0,382.0,0.0,0.0,11590396.0
TENKASI(DISTRICT COLLECTOR TENKASI_IDA),2025Q2,24,5.999851880325831,0.25,0.6666666666666666,285.0,0.08333333333333333,0.0,35703435.0
TENKASI(DISTRICT COLLECTOR TENKASI_IDA),2025Q3,39,5.627218335301392,0.10256410256410256,0.9743589743589743,217.5,0.0,0.0,35765732.0
TENKASI(DISTRICT COLLECTOR TENKASI_IDA),2025Q4,11,6.079181246047625,0.18181818181818182,0.45454545454545453,74.0,0.0,0.0,15775356.0
THANE(DISTRICT COLLECTOR THANE_IDA),2023Q1,5,5.477121254719663,0.6,0.0,345.0,0.0,0.0,2898000.0
THANE(DISTRICT COLLECTOR THANE_IDA),2023Q4,2,6.176091259055681,1.0,0.0,345.0,0.0,0.0,3000000.0
THANE(DISTRICT COLLECTOR THANE_IDA),2024Q1,126,6.0,0.5476190476190477,0.015873015873015872,766.0,0.06349206349206349,0.0,233748112.0
THANE(DISTRICT COLLECTOR THANE_IDA),2024Q3,1,6.301029995663981,1.0,0.0,345.0,0.0,0.0,2000000.0
THANE(DISTRICT COLLECTOR THANE_IDA),2025Q1,12,6.0,1.0,0.0,345.0,0.0,0.0,17800000.0
THANE(DISTRICT COLLECTOR THANE_IDA),2025Q2,32,5.778151250383644,0.875,0.125,368.0,0.0,0.0,25896237.0
THANE(DISTRICT COLLECTOR THANE_IDA),2025Q3,51,6.0,0.9607843137254902,0.0,345.0,0.0,0.0,45798269.0
THANE(DISTRICT COLLECTOR THANE_IDA),2025Q4,13,6.0,1.0,0.0,345.0,0.0,0.0,11300000.0
THANJAVUR(DISTRICT COLLECTOR THANJAVUR_IDA),2023Q4,59,5.995995202685166,0.1016949152542373,0.9322033898305084,610.0,0.03389830508474576,0.01694915254237288,127539436.0
THANJAVUR(DISTRICT COLLECTOR THANJAVUR_IDA),2024Q1,23,5.972720164714628,0.21739130434782608,0.9565217391304348,290.0,0.0,0.043478260869565216,32959306.0
THANJAVUR(DISTRICT COLLECTOR THANJAVUR_IDA),2024Q3,21,6.1303337684950066,0.2857142857142857,0.5714285714285714,344.0,0.0,0.0,35859423.0
THANJAVUR(DISTRICT COLLECTOR THANJAVUR_IDA),2024Q4,1,6.176091259055681,1.0,1.0,583.0,0.0,0.0,1500000.0
THANJAVUR(DISTRICT COLLECTOR THANJAVUR_IDA),2025Q1,16,5.845098040014257,0.625,0.75,433.0,0.0,0.0625,15879258.0
THANJAVUR(DISTRICT COLLECTOR THANJAVUR_IDA),2025Q2,17,6.1895355094158475,0.7058823529411765,0.23529411764705882,325.0,0.0,0.0,35597314.0
THANJAVUR(DISTRICT COLLECTOR THANJAVUR_IDA),2025Q3,15,6.027349607774757,0.6,0.2,279.0,0.0,0.0,15391584.0
THANJAVUR(DISTRICT COLLECTOR THANJAVUR_IDA),2025Q4,17,5.954242509439325,0.7058823529411765,0.058823529411764705,215.0,0.0,0.0,14495430.0
THANJAVUR(DISTRICT COLLECTOR THANJAVUR_IDA),2026Q1,28,5.812913356642856,0.5,0.0,345.0,0.0,0.0,18478000.0
THE NILGIRIS(DISTRICT COLLECTOR NILGIRIS_IDA),2023Q4,66,5.698945683164033,0.5,0.696969696969697,731.0,0.0,0.015151515151515152,38962834.0
THE NILGIRIS(DISTRICT COLLECTOR NILGIRIS_IDA),2024Q1,2,6.0,1.0,0.0,345.0,0.0,0.0,2000000.0
THE NILGIRIS(DISTRICT COLLECTOR NILGIRIS_IDA),2025Q1,18,5.698929178735886,0.3888888888888889,0.7222222222222222,396.0,0.0,0.0,12062370.0
THE NILGIRIS(DISTRICT COLLECTOR NILGIRIS_IDA),2025Q2,18,5.698970004336019,0.7222222222222222,0.2777777777777778,167.0,0.0,0.0,10797034.0
THE NILGIRIS(DISTRICT COLLECTOR NILGIRIS_IDA),2025Q3,18,5.6989369967010886,0.7222222222222222,0.16666666666666666,89.0,0.0,0.0,13309571.0
THE NILGIRIS(DISTRICT COLLECTOR NILGIRIS_IDA),2026Q1,5,5.672097857935717,0.4,0.0,345.0,0.0,0.0,2050000.0
THENI(District Collector Theni_5),2023Q4,20,6.079181246047625,0.75,0.0,345.0,0.0,0.0,32400000.0
THENI(District Collector Theni_5),2024Q1,79,6.0,0.8860759493670886,0.0,345.0,0.11392405063291139,0.0,85603000.0
THENI(District Collector Theni_5),2025Q1,25,5.6020599913279625,0.96,0.0,345.0,0.48,0.0,29175000.0
THENI(District Collector Theni_5),2025Q2,22,6.0,0.9545454545454546,0.045454545454545456,338.0,0.09090909090909091,0.0,26798891.0
THENI(District Collector Theni_5),2025Q3,2,6.1303337684950066,1.0,0.0,345.0,0.0,0.0,2700000.0
THIRUVALLUR(DISTRICT COLLECTOR TIRUVALLUR_IDA),2023Q3,13,5.845035373003639,0.3076923076923077,0.46153846153846156,884.0,0.0,0.07692307692307693,8851151.0
THIRUVALLUR(DISTRICT COLLECTOR TIRUVALLUR_IDA),2023Q4,83,5.638489256954637,0.13253012048192772,0.927710843373494,799.0,0.04819277108433735,0.6506024096385542,61331687.0
THIRUVALLUR(DISTRICT COLLECTOR TIRUVALLUR_IDA),2024Q1,101,5.638303518912101,0.0891089108910891,0.9405940594059405,172.0,0.0,0.06930693069306931,71674375.0
THIRUVALLUR(DISTRICT COLLECTOR TIRUVALLUR_IDA),2024Q3,5,5.999849708107265,0.2,0.8,486.0,0.0,0.0,6826948.0
THIRUVALLUR(DISTRICT COLLECTOR TIRUVALLUR_IDA),2024Q4,11,5.812913356642856,0.36363636363636365,0.6363636363636364,468.0,0.36363636363636365,0.0,11965599.0
THIRUVALLUR(DISTRICT COLLECTOR TIRUVALLUR_IDA),2025Q1,66,5.637725325391731,0.09090909090909091,0.5,374.5,0.0,0.015151515151515152,29749219.0
THIRUVALLUR(DISTRICT COLLECTOR TIRUVALLUR_IDA),2025Q2,20,5.653212513775344,0.4,0.7,322.5,0.0,0.0,13372064.0
THIRUVALLUR(DISTRICT COLLECTOR TIRUVALLUR_IDA),2025Q3,65,5.637705822305149,0.6153846153846154,0.26153846153846155,196.0,0.0,0.0,45509369.0
THIRUVALLUR(DISTRICT COLLECTOR TIRUVALLUR_IDA),2025Q4,20,5.8750612633917,0.6,0.2,88.0,0.0,0.0,18563562.0
THIRUVALLUR(DISTRICT COLLECTOR TIRUVALLUR_IDA),2026Q1,45,5.638489256954637,0.8222222222222222,0.022222222222222223,83.0,0.0,0.0,25700000.0
THIRUVANANTHAPURAM(DISTRICT COLLECTOR THIRUVANANTHAPURAM_IDA),2022Q1,1,5.398197034933055,0.0,1.0,917.0,0.0,0.0,250148.0
THIRUVANANTHAPURAM(DISTRICT COLLECTOR THIRUVANANTHAPURAM_IDA),2022Q4,1,6.18122027113662,0.0,1.0,1192.0,0.0,0.0,1517820.0
THIRUVANANTHAPURAM(DISTRICT COLLECTOR THIRUVANANTHAPURAM_IDA),2023Q2,1,6.0,1.0,0.0,345.0,0.0,0.0,1000000.0
THIRUVANANTHAPURAM(DISTRICT COLLECTOR THIRUVANANTHAPURAM_IDA),2023Q3,5,5.4065401804339555,0.0,0.2,840.0,0.0,0.0,1253208.0
THIRUVANANTHAPURAM(DISTRICT COLLECTOR THIRUVANANTHAPURAM_IDA),2023Q4,137,5.397644587969917,0.0948905109489051,0.9051094890510949,78.0,0.7299270072992701,0.291970802919708,53703713.0
THIRUVANANTHAPURAM(DISTRICT COLLECTOR THIRUVANANTHAPURAM_IDA),2024Q1,324,5.3981484200086305,0.037037037037037035,0.9475308641975309,39.0,0.0,0.2623456790123457,126559445.0
THIRUVANANTHAPURAM(DISTRICT COLLECTOR THIRUVANANTHAPURAM_IDA),2024Q3,8,6.300997422356324,0.5,0.375,81.0,0.0,0.0,20211646.0
THIRUVANANTHAPURAM(DISTRICT COLLECTOR THIRUVANANTHAPURAM_IDA),2024Q4,8,5.979531530671132,0.125,0.5,307.0,0.0,0.0,8753858.0
THIRUVANANTHAPURAM(DISTRICT COLLECTOR THIRUVANANTHAPURAM_IDA),2025Q1,192,5.407339907995509,0.109375,0.484375,313.0,0.0,0.005208333333333333,87513416.0
THIRUVANANTHAPURAM(DISTRICT COLLECTOR THIRUVANANTHAPURAM_IDA),2025Q2,55,5.6172069490041645,0.2909090909090909,0.34545454545454546,265.0,0.0,0.0,33364935.0
THIRUVANANTHAPURAM(DISTRICT COLLECTOR THIRUVANANTHAPURAM_IDA),2025Q3,40,5.407339907995509,0.2,0.15,208.5,0.0,0.0,24070213.0
THIRUVANANTHAPURAM(DISTRICT COLLECTOR THIRUVANANTHAPURAM_IDA),2025Q4,162,5.407339907995509,0.19135802469135801,0.012345679012345678,105.5,0.0,0.0,69434781.0
THIRUVANANTHAPURAM(DISTRICT COLLECTOR THIRUVANANTHAPURAM_IDA),2026Q1,104,5.407339907995509,0.1346153846153846,0.009615384615384616,34.0,0.057692307692307696,0.0,46441306.0
THIRUVARUR(DISTRICT COLLECTOR THIRUVARUR_IDA),2023Q3,39,5.681241237375588,0.4358974358974359,0.5384615384615384,875.0,0.0,0.0,31501575.0
THIRUVARUR(DISTRICT COLLECTOR THIRUVARUR_IDA),2023Q4,12,5.681241237375588,0.3333333333333333,0.75,714.0,0.0,0.0,12518494.0
THIRUVARUR(DISTRICT COLLECTOR THIRUVARUR_IDA),2024Q1,11,6.0,0.5454545454545454,0.36363636363636365,703.5,0.0,0.0,14966019.0
THIRUVARUR(DISTRICT COLLECTOR THIRUVARUR_IDA),2024Q3,5,6.123789921049981,0.0,1.0,509.0,0.0,0.0,6519871.0
THIRUVARUR(DISTRICT COLLECTOR THIRUVARUR_IDA),2025Q1,19,5.698772789870163,0.15789473684210525,0.8421052631578947,323.0,0.0,0.0,14605363.0
THIRUVARUR(DISTRICT COLLECTOR THIRUVARUR_IDA),2025Q2,7,6.6020599913279625,1.0,0.0,345.0,0.0,0.0,18100000.0
THIRUVARUR(DISTRICT COLLECTOR THIRUVARUR_IDA),2025Q3,1,6.078683693962887,0.0,1.0,206.0,0.0,0.0,1198626.0
THIRUVARUR(DISTRICT COLLECTOR THIRUVARUR_IDA),2025Q4,7,5.681241237375588,0.14285714285714285,0.8571428571428571,62.5,0.0,0.0,3080000.0
THIRUVARUR(DISTRICT COLLECTOR THIRUVARUR_IDA),2026Q1,14,5.681241237375588,0.35714285714285715,0.14285714285714285,51.0,0.0,0.0,12950000.0
THOUBAL(Deputy Commissioner Thoubal MPLADS_ida),2024Q1,3,6.176091259055681,1.0,1.0,642.0,0.0,0.0,4300000.0
THOUBAL(Deputy Commissioner Thoubal MPLADS_ida),2024Q4,1,6.690196080028514,1.0,0.0,345.0,0.0,0.0,4900000.0
THOUBAL(Deputy Commissioner Thoubal MPLADS_ida),2025Q1,1,6.477121254719663,1.0,0.0,345.0,0.0,0.0,3000000.0
THOUBAL(Deputy Commissioner Thoubal MPLADS_ida),2025Q2,1,6.45484486000851,1.0,0.0,345.0,0.0,0.0,2850000.0
THOUBAL(Deputy Commissioner Thoubal MPLADS_ida),2025Q4,1,6.778151250383644,1.0,0.0,345.0,0.0,0.0,6000000.0
THOUBAL(Deputy Commissioner Thoubal MPLADS_ida),2026Q1,1,6.230448921378274,1.0,0.0,345.0,0.0,0.0,1700000.0
THRISSUR(DISTRICT COLLECTOR THRISSUR_IDA),2022Q4,7,5.175987015870342,0.0,1.0,976.0,0.0,0.0,1067751.0
THRISSUR(DISTRICT COLLECTOR THRISSUR_IDA),2023Q1,8,5.175987015870342,0.0,1.0,884.0,0.0,0.0,1200228.0
THRISSUR(DISTRICT COLLECTOR THRISSUR_IDA),2023Q2,1,5.204643534670856,0.0,1.0,932.0,0.0,0.0,160193.0
THRISSUR(DISTRICT COLLECTOR THRISSUR_IDA),2024Q1,288,5.236673272103125,0.05555555555555555,0.9409722222222222,261.5,0.027777777777777776,0.08680555555555555,162378201.4
THRISSUR(DISTRICT COLLECTOR THRISSUR_IDA),2024Q2,4,5.6928354671419275,0.5,0.75,4.0,0.0,0.25,2035974.0
THRISSUR(DISTRICT COLLECTOR THRISSUR_IDA),2024Q3,7,5.996623296006451,0.0,0.8571428571428571,406.0,0.0,0.0,10425119.0
THRISSUR(DISTRICT COLLECTOR THRISSUR_IDA),2024Q4,14,6.0407336369936795,0.2857142857142857,0.2857142857142857,325.0,0.0,0.0,17648172.0
THRISSUR(DISTRICT COLLECTOR THRISSUR_IDA),2025Q1,44,5.352182518111363,0.11363636363636363,0.045454545454545456,350.0,0.0,0.0,30140620.0
THRISSUR(DISTRICT COLLECTOR THRISSUR_IDA),2025Q2,66,5.460696427682402,0.696969696969697,0.15151515151515152,264.0,0.0,0.0,59004183.0
THRISSUR(DISTRICT COLLECTOR THRISSUR_IDA),2025Q3,48,5.997386384397314,0.3541666666666667,0.08333333333333333,254.5,0.0,0.0,52927746.0
THRISSUR(DISTRICT COLLECTOR THRISSUR_IDA),2025Q4,15,5.6020599913279625,0.6666666666666666,0.0,345.0,0.06666666666666667,0.0,12340000.0
THRISSUR(DISTRICT COLLECTOR THRISSUR_IDA),2026Q1,4,5.224014811372864,0.25,0.0,345.0,0.0,0.0,6545000.0
TIKAMGARH(DISTRICT COLLECTOR TIKAMGARH_IDA),2023Q3,119,5.318063334962762,0.8151260504201681,0.03361344537815126,264.0,0.8739495798319328,0.0,34522600.0
TIKAMGARH(DISTRICT COLLECTOR TIKAMGARH_IDA),2024Q1,4,5.301029995663981,0.75,0.0,345.0,0.25,0.0,1640000.0
TIKAMGARH(DISTRICT COLLECTOR TIKAMGARH_IDA),2024Q4,15,6.079181246047625,0.9333333333333333,0.06666666666666667,357.0,0.5333333333333333,0.0,15349039.0
TIKAMGARH(DISTRICT COLLECTOR TIKAMGARH_IDA),2025Q3,99,5.317306837038121,0.04040404040404041,0.0,345.0,0.9494949494949495,0.0,26451334.0
TIKAMGARH(DISTRICT COLLECTOR TIKAMGARH_IDA),2025Q4,1,5.317306837038121,0.0,0.0,345.0,1.0,0.0,207638.0
TIKAMGARH(DISTRICT COLLECTOR TIKAMGARH_IDA),2026Q1,8,5.544068044350276,1.0,0.0,345.0,0.125,0.0,4200000.0
TINSUKIA(DC Tinsukia),2023Q3,7,5.698970004336019,0.7142857142857143,0.5714285714285714,754.0,0.0,0.0,3899954.0
TINSUKIA(DC Tinsukia),2023Q4,49,5.698970004336019,0.9795918367346939,0.02040816326530612,451.0,0.0,0.0,25698475.0
TINSUKIA(DC Tinsukia),2024Q1,10,6.051152522447381,1.0,0.0,345.0,0.0,0.0,11000000.0
TINSUKIA(DC Tinsukia),2024Q4,2,6.4391816120371725,0.5,0.5,395.0,0.0,0.0,5498087.0
TINSUKIA(DC Tinsukia),2025Q1,44,5.698970004336019,0.9318181818181818,0.06818181818181818,462.0,0.0,0.0,31242773.0
TINSUKIA(DC Tinsukia),2025Q2,1,5.999999131410168,0.0,0.0,345.0,0.0,0.0,999998.0
TINSUKIA(DC Tinsukia),2025Q4,5,6.0,1.0,0.0,345.0,0.0,0.0,5000000.0
TINSUKIA(DC Tinsukia),2026Q1,20,6.0,1.0,0.0,345.0,0.0,0.0,20300000.0
TIRAP(DEPUTY COMMISSIONER TIRAP_IDA),2023Q4,4,5.950670262421919,0.75,1.0,92.5,0.0,0.0,3785255.0
TIRAP(DEPUTY COMMISSIONER TIRAP_IDA),2024Q1,4,5.477121254719663,1.0,1.0,71.0,0.0,0.0,1850000.0
TIRAP(DEPUTY COMMISSIONER TIRAP_IDA),2024Q3,1,6.0,1.0,1.0,76.0,0.0,0.0,1000000.0
TIRAP(DEPUTY COMMISSIONER TIRAP_IDA),2025Q2,1,6.0,1.0,0.0,345.0,0.0,0.0,1000000.0
TIRAP(DEPUTY COMMISSIONER TIRAP_IDA),2025Q3,3,5.698970004336019,1.0,1.0,152.0,0.0,0.0,2000000.0
TIRUCHIRAPPALLI(DISTRICT COLLECTOR TIRUCHIRAPPALLI_IDA),2023Q2,7,5.6984946260934795,0.2857142857142857,0.7142857142857143,967.0,0.0,0.0,3159349.0
TIRUCHIRAPPALLI(DISTRICT COLLECTOR TIRUCHIRAPPALLI_IDA),2023Q3,46,5.539555315493731,0.15217391304347827,1.0,887.0,0.0,0.0,20754124.0
TIRUCHIRAPPALLI(DISTRICT COLLECTOR TIRUCHIRAPPALLI_IDA),2023Q4,104,5.698478539301091,0.15384615384615385,0.9423076923076923,808.5,0.0,0.0,90685523.0
TIRUCHIRAPPALLI(DISTRICT COLLECTOR TIRUCHIRAPPALLI_IDA),2024Q1,7,5.845098040014257,0.2857142857142857,0.42857142857142855,729.0,0.0,0.0,6670707.0
TIRUCHIRAPPALLI(DISTRICT COLLECTOR TIRUCHIRAPPALLI_IDA),2024Q3,1,6.539076098792776,0.0,0.0,345.0,0.0,0.0,3460000.0
TIRUCHIRAPPALLI(DISTRICT COLLECTOR TIRUCHIRAPPALLI_IDA),2024Q4,8,6.196029091600485,0.125,0.875,448.0,0.0,0.0,13236571.0
TIRUCHIRAPPALLI(DISTRICT COLLECTOR TIRUCHIRAPPALLI_IDA),2025Q1,25,6.175327097461473,0.28,0.76,343.0,0.0,0.0,43745678.0
TIRUCHIRAPPALLI(DISTRICT COLLECTOR TIRUCHIRAPPALLI_IDA),2025Q2,24,5.902851874065263,0.5,0.5833333333333334,280.0,0.0,0.0,30996741.0
TIRUCHIRAPPALLI(DISTRICT COLLECTOR TIRUCHIRAPPALLI_IDA),2025Q3,25,5.954242509439325,0.56,0.32,175.5,0.0,0.0,31235862.0
TIRUCHIRAPPALLI(DISTRICT COLLECTOR TIRUCHIRAPPALLI_IDA),2025Q4,9,6.0,0.4444444444444444,0.1111111111111111,132.0,0.0,0.0,21881900.0
TIRUCHIRAPPALLI(DISTRICT COLLECTOR TIRUCHIRAPPALLI_IDA),2026Q1,13,5.778151250383644,0.8461538461538461,0.0,345.0,0.0,0.0,13155000.0
TIRUNELVELI(DISTRICT COLLECTOR TIRUNELVELI_IDA),2024Q1,91,5.9344984512435675,0.43956043956043955,0.24175824175824176,857.0,0.0,0.0,89234256.0
TIRUNELVELI(DISTRICT COLLECTOR TIRUNELVELI_IDA),2025Q1,47,5.698970004336019,0.2127659574468085,0.23404255319148937,435.0,0.0,0.0,35601432.0
TIRUNELVELI(DISTRICT COLLECTOR TIRUNELVELI_IDA),2025Q2,12,5.47567118832443,0.3333333333333333,0.08333333333333333,376.0,0.0,0.0,7357483.0
TIRUNELVELI(DISTRICT COLLECTOR TIRUNELVELI_IDA),2025Q3,12,6.2552725051033065,0.5,0.25,307.0,0.0,0.0,21432419.0
TIRUNELVELI(DISTRICT COLLECTOR TIRUNELVELI_IDA),2025Q4,43,5.8750612633917,0.5116279069767442,0.0,345.0,0.0,0.0,37470000.0
TIRUNELVELI(DISTRICT COLLECTOR TIRUNELVELI_IDA),2026Q1,14,5.301029995663981,0.6428571428571429,0.0,345.0,0.0,0.0,11773000.0
TIRUPPUR(DISTRICT COLLECTOR TIRUPPUR_IDA),2023Q4,86,5.8856438718357635,0.27906976744186046,0.8255813953488372,796.0,0.313953488372093,0.0,77568464.0
TIRUPPUR(DISTRICT COLLECTOR TIRUPPUR_IDA),2024Q1,44,5.542145454271203,0.3181818181818182,0.5227272727272727,727.0,0.0,0.0,32656357.0
TIRUPPUR(DISTRICT COLLECTOR TIRUPPUR_IDA),2024Q3,28,5.92935019956162,0.32142857142857145,0.8214285714285714,513.0,0.0,0.0,31742414.0
TIRUPPUR(DISTRICT COLLECTOR TIRUPPUR_IDA),2024Q4,11,5.734325285655756,0.2727272727272727,0.6363636363636364,435.0,0.0,0.0,8130421.0
TIRUPPUR(DISTRICT COLLECTOR TIRUPPUR_IDA),2025Q1,15,5.778151250383644,0.7333333333333333,0.6,335.0,0.0,0.0,12181127.0
TIRUPPUR(DISTRICT COLLECTOR TIRUPPUR_IDA),2025Q2,60,5.845098040014257,0.8166666666666667,0.4,258.0,0.0,0.0,48691408.0
TIRUPPUR(DISTRICT COLLECTOR TIRUPPUR_IDA),2025Q3,16,6.021189299069938,0.8125,0.3125,199.0,0.0,0.0,19128000.0
TIRUPPUR(DISTRICT COLLECTOR TIRUPPUR_IDA),2025Q4,5,6.113943352306837,1.0,0.0,345.0,0.0,0.0,6200000.0
TIRUPPUR(DISTRICT COLLECTOR TIRUPPUR_IDA),2026Q1,6,5.8372727025023,0.8333333333333334,0.16666666666666666,37.0,0.0,0.0,5975000.0
TIRUVANNAMALAI(DISTRICT COLLECTOR TIRUVANNAMALAI_IDA),2023Q3,41,5.638489256954637,0.0,0.9024390243902439,974.0,0.12195121951219512,0.0,19714495.0
TIRUVANNAMALAI(DISTRICT COLLECTOR TIRUVANNAMALAI_IDA),2023Q4,109,5.300812794118117,0.07339449541284404,0.908256880733945,829.0,0.0,0.0,41494354.0
TIRUVANNAMALAI(DISTRICT COLLECTOR TIRUVANNAMALAI_IDA),2024Q1,23,5.638489256954637,0.08695652173913043,0.9565217391304348,801.0,0.043478260869565216,0.0,18757961.0
TIRUVANNAMALAI(DISTRICT COLLECTOR TIRUVANNAMALAI_IDA),2024Q3,43,5.6985354925620015,0.16279069767441862,0.7441860465116279,574.0,0.0,0.0,23612581.0
TIRUVANNAMALAI(DISTRICT COLLECTOR TIRUVANNAMALAI_IDA),2024Q4,18,5.477121254719663,1.0,0.8888888888888888,532.0,0.0,0.0,6600000.0
TIRUVANNAMALAI(DISTRICT COLLECTOR TIRUVANNAMALAI_IDA),2025Q1,72,5.301029995663981,0.3472222222222222,0.7222222222222222,380.0,0.0,0.0,30419381.0
TIRUVANNAMALAI(DISTRICT COLLECTOR TIRUVANNAMALAI_IDA),2025Q2,80,5.676579306562777,0.4625,0.7625,318.0,0.0,0.0,49580341.0
TIRUVANNAMALAI(DISTRICT COLLECTOR TIRUVANNAMALAI_IDA),2025Q3,82,5.638489256954637,0.32926829268292684,0.6585365853658537,261.5,0.0,0.0,48705549.0
TIRUVANNAMALAI(DISTRICT COLLECTOR TIRUVANNAMALAI_IDA),2025Q4,22,5.740362689494244,0.6818181818181818,0.5909090909090909,170.0,0.0,0.0,24631608.0
TIRUVANNAMALAI(DISTRICT COLLECTOR TIRUVANNAMALAI_IDA),2026Q1,11,5.477121254719663,0.7272727272727273,0.18181818181818182,67.0,0.0,0.0,4240000.0
TONK(DISTRICT COLLECTOR TONK_IDA),2023Q3,1,5.698970004336019,1.0,0.0,345.0,0.0,0.0,500000.0
TONK(DISTRICT COLLECTOR TONK_IDA),2023Q4,36,5.6989682671546165,0.6388888888888888,0.8333333333333334,788.0,0.0,0.0,15523974.0
TONK(DISTRICT COLLECTOR TONK_IDA),2024Q1,38,5.698970004336019,0.6842105263157895,0.4473684210526316,725.0,0.0,0.0,19045237.0
TONK(DISTRICT COLLECTOR TONK_IDA),2025Q1,1,7.176091259055681,1.0,0.0,345.0,0.0,0.0,15000000.0
TONK(DISTRICT COLLECTOR TONK_IDA),2025Q2,2,6.477121254719663,1.0,0.0,345.0,0.0,0.0,6000000.0
TONK(DISTRICT COLLECTOR TONK_IDA),2025Q3,2,5.903089986991944,1.0,0.0,345.0,0.0,0.0,1600000.0
TONK(DISTRICT COLLECTOR TONK_IDA),2025Q4,3,6.0,1.0,0.0,345.0,0.0,0.0,3500000.0
TUENSANG(Deputy Commissioner Tuensang_IDA),2024Q3,1,6.301029995663981,1.0,1.0,116.0,0.0,0.0,2000000.0
TUENSANG(Deputy Commissioner Tuensang_IDA),2025Q3,1,6.0,1.0,1.0,175.0,0.0,0.0,1000000.0
TUENSANG(Deputy Commissioner Tuensang_IDA),2025Q4,1,6.176091259055681,1.0,1.0,111.0,0.0,0.0,1500000.0
TUMAKURU(DEPUTY COMMISSIONER TUMKUR_IDA),2023Q4,5,5.698970004336019,1.0,0.0,345.0,0.8,0.0,2500000.0
TUMAKURU(DEPUTY COMMISSIONER TUMKUR_IDA),2024Q1,287,5.6020599913279625,0.9825783972125436,0.04529616724738676,668.0,0.6445993031358885,0.0,141390797.0
TUMAKURU(DEPUTY COMMISSIONER TUMKUR_IDA),2024Q3,34,5.698970004336019,0.9411764705882353,0.0,345.0,0.14705882352941177,0.0,16990000.0
TUMAKURU(DEPUTY COMMISSIONER TUMKUR_IDA),2024Q4,16,5.698970004336019,0.8125,0.0,345.0,0.125,0.0,11070000.0
TUMAKURU(DEPUTY COMMISSIONER TUMKUR_IDA),2025Q1,37,5.698970004336019,1.0,0.0,345.0,0.0,0.0,36450000.0
TUMAKURU(DEPUTY COMMISSIONER TUMKUR_IDA),2025Q2,48,5.698970004336019,0.9583333333333334,0.0,345.0,0.0,0.0,32339000.0
TUMAKURU(DEPUTY COMMISSIONER TUMKUR_IDA),2025Q3,29,5.698970004336019,1.0,0.0,345.0,0.0,0.0,22900000.0
TUMAKURU(DEPUTY COMMISSIONER TUMKUR_IDA),2025Q4,23,5.698970004336019,1.0,0.0,345.0,0.0,0.0,22300000.0
TUMAKURU(DEPUTY COMMISSIONER TUMKUR_IDA),2026Q1,19,5.698970004336019,0.9473684210526315,0.0,345.0,0.0,0.0,15230000.0
TUTICORIN(DISTRICT COLLECTOR THOOTHUKUDI_IDA),2023Q3,5,6.133219456732494,0.6,0.0,345.0,0.0,0.0,8000000.0
TUTICORIN(DISTRICT COLLECTOR THOOTHUKUDI_IDA),2023Q4,46,6.060697840353612,0.9130434782608695,0.021739130434782608,885.0,0.0,0.0,75942478.0
TUTICORIN(DISTRICT COLLECTOR THOOTHUKUDI_IDA),2024Q1,16,5.9661417327390325,0.9375,0.1875,803.0,0.0,0.0,19034540.0
TUTICORIN(DISTRICT COLLECTOR THOOTHUKUDI_IDA),2024Q4,13,6.301029995663981,0.8461538461538461,0.15384615384615385,541.5,0.0,0.0,33698784.0
TUTICORIN(DISTRICT COLLECTOR THOOTHUKUDI_IDA),2025Q1,3,6.278753600952829,1.0,0.0,345.0,0.0,0.0,6300000.0
TUTICORIN(DISTRICT COLLECTOR THOOTHUKUDI_IDA),2025Q3,25,6.230448921378274,0.92,0.0,345.0,0.0,0.0,58000000.0
TUTICORIN(DISTRICT COLLECTOR THOOTHUKUDI_IDA),2025Q4,2,6.096910013008056,0.0,0.0,345.0,0.0,0.0,2500000.0
TUTICORIN(DISTRICT COLLECTOR THOOTHUKUDI_IDA),2026Q1,1,6.176091259055681,1.0,0.0,345.0,0.0,0.0,1500000.0
Tarn Taran(DEPUTY COMMOSSIONER TARN TARAN_IDA_2),2023Q3,18,5.301029995663981,0.7222222222222222,0.8333333333333334,615.0,0.05555555555555555,0.0,5071200.0
Tarn Taran(DEPUTY COMMOSSIONER TARN TARAN_IDA_2),2023Q4,15,6.0,1.0,1.0,529.0,0.0,0.0,12050000.0
Tarn Taran(DEPUTY COMMOSSIONER TARN TARAN_IDA_2),2024Q1,42,5.488744554701342,0.6190476190476191,1.0,552.0,0.11904761904761904,0.0,18015975.0
Tarn Taran(DEPUTY COMMOSSIONER TARN TARAN_IDA_2),2025Q1,3,5.563243701140398,0.0,1.0,293.0,1.0,0.0,1097400.0
Tarn Taran(DEPUTY COMMOSSIONER TARN TARAN_IDA_2),2025Q2,1,5.563243701140398,0.0,1.0,353.0,1.0,0.0,365800.0
Tarn Taran(DEPUTY COMMOSSIONER TARN TARAN_IDA_2),2025Q3,1,5.698970004336019,1.0,1.0,155.0,0.0,0.0,500000.0
Tarn Taran(DEPUTY COMMOSSIONER TARN TARAN_IDA_2),2026Q1,2,5.8750612633917,1.0,0.0,345.0,0.0,0.0,1500000.0
Tirupathur(District Collector Tirupathur_IDA),2023Q3,31,6.041392685158225,0.4838709677419355,0.5161290322580645,956.0,0.0,0.0,37392684.0
Tirupathur(District Collector Tirupathur_IDA),2023Q4,17,6.0,0.6470588235294118,0.35294117647058826,856.0,0.0,0.0,11099214.0
Tirupathur(District Collector Tirupathur_IDA),2024Q1,14,5.461678570100143,0.5,0.5,805.0,0.0,0.0,4974482.0
Tirupathur(District Collector Tirupathur_IDA),2024Q3,11,6.0,0.5454545454545454,0.18181818181818182,604.0,0.0,0.0,8174912.0
Tirupathur(District Collector Tirupathur_IDA),2024Q4,1,6.3979400086720375,1.0,0.0,345.0,0.0,0.0,2500000.0
Tirupathur(District Collector Tirupathur_IDA),2025Q2,87,5.778151250383644,0.6551724137931034,0.2988505747126437,342.0,0.0,0.0,63461834.0
Tirupathur(District Collector Tirupathur_IDA),2025Q3,4,6.0,1.0,0.0,345.0,0.0,0.0,4100000.0
Tirupathur(District Collector Tirupathur_IDA),2025Q4,6,6.0,0.6666666666666666,0.0,345.0,0.0,0.0,4870000.0
Tirupati(DISTRICT COLLECTOR TIRUPATI_IDA),2023Q4,58,5.697697831515353,0.46551724137931033,0.5172413793103449,835.0,0.0,0.0,45336391.0
Tirupati(DISTRICT COLLECTOR TIRUPATI_IDA),2024Q1,33,5.691762914578947,0.24242424242424243,0.7575757575757576,733.0,0.0,0.0,23736863.0
Tirupati(DISTRICT COLLECTOR TIRUPATI_IDA),2024Q3,7,5.687577114401309,0.14285714285714285,0.7142857142857143,528.0,0.0,0.0,3463532.0
Tirupati(DISTRICT COLLECTOR TIRUPATI_IDA),2024Q4,73,5.139879086401237,0.2328767123287671,0.2465753424657534,457.0,0.0,0.0,20989473.0
Tirupati(DISTRICT COLLECTOR TIRUPATI_IDA),2025Q1,47,5.600071807302217,0.2765957446808511,0.5106382978723404,395.0,0.0,0.0,14729030.0
Tirupati(DISTRICT COLLECTOR TIRUPATI_IDA),2025Q2,36,5.682823977055332,0.5277777777777778,0.3333333333333333,270.0,0.0,0.0,16346252.0
Tirupati(DISTRICT COLLECTOR TIRUPATI_IDA),2025Q3,63,5.698970004336019,0.6349206349206349,0.20634920634920634,205.0,0.0,0.0,37353218.0
Tirupati(DISTRICT COLLECTOR TIRUPATI_IDA),2025Q4,10,5.698970004336019,0.7,0.2,135.0,0.0,0.0,6141282.0
Tirupati(DISTRICT COLLECTOR TIRUPATI_IDA),2026Q1,5,5.698970004336019,1.0,0.0,345.0,0.0,0.0,3800000.0
Tseminyu(Deputy Commissioner Tseminyu_IDA),2024Q3,1,5.698970004336019,1.0,1.0,182.0,0.0,0.0,500000.0
Tseminyu(Deputy Commissioner Tseminyu_IDA),2025Q3,1,6.0,1.0,1.0,167.0,0.0,0.0,1000000.0
UDAIPUR(DISTRICT COLLECTOR UDAIPUR_IDA),2023Q4,1,5.6020599913279625,1.0,0.0,345.0,0.0,0.0,400000.0
UDAIPUR(DISTRICT COLLECTOR UDAIPUR_IDA),2024Q1,62,6.0,0.6451612903225806,0.20967741935483872,675.0,0.0,0.0,55795711.0
UDAIPUR(DISTRICT COLLECTOR UDAIPUR_IDA),2024Q3,1,5.6020599913279625,1.0,0.0,345.0,0.0,0.0,400000.0
UDAIPUR(DISTRICT COLLECTOR UDAIPUR_IDA),2024Q4,8,6.1748906587638075,0.125,0.875,422.0,0.0,0.0,13979338.0
UDAIPUR(DISTRICT COLLECTOR UDAIPUR_IDA),2025Q1,4,5.8750612633917,1.0,0.0,345.0,0.0,0.0,2750000.0
UDAIPUR(DISTRICT COLLECTOR UDAIPUR_IDA),2025Q2,16,5.0,1.0,0.0,345.0,0.0,0.0,9000000.0
UDAIPUR(DISTRICT COLLECTOR UDAIPUR_IDA),2025Q3,7,5.0,0.8571428571428571,0.0,345.0,0.42857142857142855,0.0,1210000.0
UDAIPUR(DISTRICT COLLECTOR UDAIPUR_IDA),2025Q4,7,5.477121254719663,0.7142857142857143,0.0,345.0,0.0,0.0,2730000.0
UDAIPUR(DISTRICT COLLECTOR UDAIPUR_IDA),2026Q1,12,5.380211241711606,0.8333333333333334,0.0,345.0,0.0,0.0,3880000.0
UDALGURI(DEPUTY COMMISSIONER Udalguri_IDA),2023Q4,73,5.3979400086720375,1.0,0.0410958904109589,836.0,0.0,0.0,19400000.0
UDALGURI(DEPUTY COMMISSIONER Udalguri_IDA),2024Q1,42,5.301029995663981,1.0,0.047619047619047616,726.0,0.0,0.0,9500000.0
UDALGURI(DEPUTY COMMISSIONER Udalguri_IDA),2024Q2,3,6.0,1.0,0.3333333333333333,564.0,0.0,0.0,3000000.0
UDALGURI(DEPUTY COMMISSIONER Udalguri_IDA),2025Q1,7,5.477121254719663,1.0,0.0,345.0,0.0,0.0,2300000.0
UDALGURI(DEPUTY COMMISSIONER Udalguri_IDA),2025Q2,1,5.698970004336019,1.0,0.0,345.0,0.0,0.0,500000.0
UDALGURI(DEPUTY COMMISSIONER Udalguri_IDA),2025Q3,118,5.477121254719663,1.0,0.0,345.0,0.0,0.0,36400000.0
UDALGURI(DEPUTY COMMISSIONER Udalguri_IDA),2025Q4,1,5.778151250383644,1.0,0.0,345.0,0.0,0.0,600000.0
UDAM SINGH NAGAR(DISTRICT MAGISTRATE UDHAMSINGH NAGAR_IDA),2023Q3,7,5.695320537356352,0.42857142857142855,0.5714285714285714,767.0,0.0,0.0,4244007.0
UDAM SINGH NAGAR(DISTRICT MAGISTRATE UDHAMSINGH NAGAR_IDA),2023Q4,76,5.5117704297318815,0.5,0.47368421052631576,796.0,0.0,0.0,28901309.0
UDAM SINGH NAGAR(DISTRICT MAGISTRATE UDHAMSINGH NAGAR_IDA),2024Q1,27,5.393796242382464,0.37037037037037035,0.6666666666666666,708.5,0.07407407407407407,0.0,6577111.0
UDAM SINGH NAGAR(DISTRICT MAGISTRATE UDHAMSINGH NAGAR_IDA),2024Q4,1,5.903089986991944,1.0,0.0,345.0,0.0,0.0,800000.0
UDAM SINGH NAGAR(DISTRICT MAGISTRATE UDHAMSINGH NAGAR_IDA),2025Q1,19,5.69746996941352,0.7894736842105263,0.21052631578947367,293.0,0.10526315789473684,0.0,7596855.0
UDAM SINGH NAGAR(DISTRICT MAGISTRATE UDHAMSINGH NAGAR_IDA),2025Q2,47,5.3979400086720375,0.6382978723404256,0.3191489361702128,276.0,0.3617021276595745,0.0,13657467.0
UDAM SINGH NAGAR(DISTRICT MAGISTRATE UDHAMSINGH NAGAR_IDA),2025Q3,14,5.439332693830263,0.7142857142857143,0.14285714285714285,131.0,0.35714285714285715,0.0,6343731.0
UDAM SINGH NAGAR(DISTRICT MAGISTRATE UDHAMSINGH NAGAR_IDA),2025Q4,20,5.6986506805259385,0.75,0.2,96.0,0.15,0.0,8021697.0
UDAM SINGH NAGAR(DISTRICT MAGISTRATE UDHAMSINGH NAGAR_IDA),2026Q1,13,5.3979400086720375,0.9230769230769231,0.0,345.0,0.46153846153846156,0.0,5130000.0
UDHAMPUR(Deputy Commissioner Udhampur_IDA),2024Q1,19,5.301029995663981,0.42105263157894735,0.631578947368421,686.0,0.0,0.0,12139400.0
UDHAMPUR(Deputy Commissioner Udhampur_IDA),2024Q4,24,5.301029995663981,0.2916666666666667,0.75,408.0,0.0,0.0,5128405.0
UDHAMPUR(Deputy Commissioner Udhampur_IDA),2025Q1,7,5.3979400086720375,0.42857142857142855,0.5714285714285714,308.0,0.0,0.0,1687218.0
UDHAMPUR(Deputy Commissioner Udhampur_IDA),2025Q3,18,5.439332693830263,0.8888888888888888,0.05555555555555555,187.0,0.0,0.0,5863000.0
UDHAMPUR(Deputy Commissioner Udhampur_IDA),2026Q1,10,5.477121254719663,1.0,0.0,345.0,0.2,0.0,3050000.0
UDUPI(DEPUTY COMMISSIONER UDUPI_IDA),2023Q3,48,5.698970004336019,0.5833333333333334,0.9791666666666666,654.0,0.0,0.0,22583310.0
UDUPI(DEPUTY COMMISSIONER UDUPI_IDA),2023Q4,91,5.602015473862008,0.5714285714285714,0.8681318681318682,616.0,0.0,0.0,35232725.0
UDUPI(DEPUTY COMMISSIONER UDUPI_IDA),2024Q1,38,5.6020599913279625,0.6052631578947368,0.8421052631578947,522.0,0.0,0.0,14813854.0
UDUPI(DEPUTY COMMISSIONER UDUPI_IDA),2024Q3,4,5.874966866466129,0.75,0.25,557.0,0.0,0.0,3999674.0
UDUPI(DEPUTY COMMISSIONER UDUPI_IDA),2024Q4,48,5.6987588859118805,0.875,0.4583333333333333,434.0,0.0,0.0,21970400.0
UDUPI(DEPUTY COMMISSIONER UDUPI_IDA),2025Q1,22,5.698970004336019,0.9090909090909091,0.45454545454545453,361.0,0.0,0.0,8346292.0
UDUPI(DEPUTY COMMISSIONER UDUPI_IDA),2025Q2,2,5.8750612633917,1.0,0.0,345.0,0.0,0.0,1500000.0
UDUPI(DEPUTY COMMISSIONER UDUPI_IDA),2025Q3,46,5.698970004336019,0.9565217391304348,0.0,345.0,0.0,0.0,18881000.0
UDUPI(DEPUTY COMMISSIONER UDUPI_IDA),2025Q4,41,5.6020599913279625,0.9512195121951219,0.024390243902439025,40.0,0.0,0.0,17136699.0
UDUPI(DEPUTY COMMISSIONER UDUPI_IDA),2026Q1,12,5.698970004336019,0.9166666666666666,0.0,345.0,0.0,0.0,9165000.0
UJJAIN(DISTRICT COLLECTOR UJJAIN_IDA),2023Q3,179,5.176091259055681,0.3687150837988827,0.6312849162011173,138.0,0.08379888268156424,0.1005586592178771,31158985.0
UJJAIN(DISTRICT COLLECTOR UJJAIN_IDA),2024Q1,98,5.477121254719663,0.673469387755102,0.3673469387755102,40.0,0.0,0.0,41793241.8
UJJAIN(DISTRICT COLLECTOR UJJAIN_IDA),2024Q4,31,5.0,0.8709677419354839,0.12903225806451613,356.0,0.8709677419354839,0.0,8076192.0
UJJAIN(DISTRICT COLLECTOR UJJAIN_IDA),2025Q1,58,5.206180699019942,0.13793103448275862,0.5689655172413793,211.0,0.7931034482758621,0.0,23838257.0
UJJAIN(DISTRICT COLLECTOR UJJAIN_IDA),2025Q2,89,5.20197579793292,0.5280898876404494,0.48314606741573035,193.0,0.0,0.0,40357342.0
UJJAIN(DISTRICT COLLECTOR UJJAIN_IDA),2025Q3,38,5.860338006570994,0.9473684210526315,0.05263157894736842,192.0,0.0,0.0,29869973.0
UJJAIN(DISTRICT COLLECTOR UJJAIN_IDA),2025Q4,42,5.698970004336019,1.0,0.0,345.0,0.0,0.0,27250000.0
UJJAIN(DISTRICT COLLECTOR UJJAIN_IDA),2026Q1,46,6.0,0.9130434782608695,0.0,345.0,0.0,0.0,51838980.0
UKHRUL(Deputy Commissioner Ukhrul_ida),2023Q4,3,6.301029995663981,1.0,1.0,779.0,0.0,0.0,4600000.0
UKHRUL(Deputy Commissioner Ukhrul_ida),2024Q1,11,5.778151250383644,1.0,0.9090909090909091,667.0,0.0,0.0,8450000.0
UKHRUL(Deputy Commissioner Ukhrul_ida),2024Q4,1,7.041392685158225,1.0,0.0,345.0,0.0,0.0,11000000.0
UKHRUL(Deputy Commissioner Ukhrul_ida),2025Q1,2,6.096910013008056,1.0,0.0,345.0,0.0,0.0,2500000.0
UKHRUL(Deputy Commissioner Ukhrul_ida),2025Q2,4,6.6020599913279625,1.0,0.0,345.0,0.0,0.0,14500000.0
UKHRUL(Deputy Commissioner Ukhrul_ida),2025Q3,2,6.829303772831025,1.0,0.0,345.0,0.0,0.0,13500000.0
UKHRUL(Deputy Commissioner Ukhrul_ida),2025Q4,1,6.176091259055681,1.0,0.0,345.0,0.0,0.0,1500000.0
UMARIA(District Collector Umariya_IDA),2023Q3,13,5.316532256767408,0.0,1.0,679.0,1.0,0.0,2729022.0
UMARIA(District Collector Umariya_IDA),2023Q4,24,5.311870363459812,0.0,0.0,345.0,0.8333333333333334,0.0,4921320.0
UMARIA(District Collector Umariya_IDA),2024Q1,24,5.0,1.0,0.0,345.0,1.0,0.0,2400000.0
UMARIA(District Collector Umariya_IDA),2025Q1,19,5.569132697996801,0.0,0.0,345.0,1.0,0.0,7045086.0
UMARIA(District Collector Umariya_IDA),2025Q3,1,6.0,1.0,0.0,345.0,0.0,0.0,1000000.0
UMARIA(District Collector Umariya_IDA),2025Q4,3,5.954242509439325,1.0,0.0,345.0,0.0,0.0,3000000.0
UNA(DEPUTY COMMISSIOENR UNA_IDA),2023Q3,28,5.301029995663981,0.9285714285714286,0.07142857142857142,950.0,0.0,0.0,6150000.0
UNA(DEPUTY COMMISSIOENR UNA_IDA),2023Q4,84,5.176091259055681,0.9642857142857143,0.0,345.0,0.0,0.0,13575000.0
UNA(DEPUTY COMMISSIOENR UNA_IDA),2024Q1,93,5.176091259055681,0.8387096774193549,0.21505376344086022,836.0,0.0,0.0,15932220.0
UNA(DEPUTY COMMISSIOENR UNA_IDA),2024Q4,12,5.176091259055681,0.8333333333333334,0.08333333333333333,420.0,0.6666666666666666,0.0,4227400.0
UNA(DEPUTY COMMISSIOENR UNA_IDA),2025Q1,10,5.3979400086720375,0.9,0.0,345.0,0.0,0.0,2130000.0
UNA(DEPUTY COMMISSIOENR UNA_IDA),2025Q2,26,5.243038048686294,0.5769230769230769,0.0,345.0,0.0,0.0,6474000.0
UNA(DEPUTY COMMISSIOENR UNA_IDA),2025Q3,3,6.342422680822207,0.6666666666666666,0.3333333333333333,191.0,0.0,0.0,4848510.0
UNA(DEPUTY COMMISSIOENR UNA_IDA),2025Q4,9,5.301029995663981,1.0,0.0,345.0,0.0,0.0,1650000.0
UNA(DEPUTY COMMISSIOENR UNA_IDA),2026Q1,3,6.301029995663981,1.0,0.0,345.0,0.0,0.0,4800000.0
UNNAO(DISTRICT MAGIISTRATE UNNAO_IDA),2023Q4,61,6.136968709813875,0.04918032786885246,0.9016393442622951,780.0,0.0,0.0,93526365.0
UNNAO(DISTRICT MAGIISTRATE UNNAO_IDA),2024Q1,26,5.289629080568919,0.11538461538461539,0.5,670.0,0.0,0.0,6289279.0
UNNAO(DISTRICT MAGIISTRATE UNNAO_IDA),2024Q3,18,6.035304635351506,0.2777777777777778,0.6111111111111112,506.0,0.0,0.0,23424638.0
UNNAO(DISTRICT MAGIISTRATE UNNAO_IDA),2024Q4,3,5.845098040014257,0.6666666666666666,0.0,345.0,0.0,0.0,2050400.0
UNNAO(DISTRICT MAGIISTRATE UNNAO_IDA),2025Q1,21,5.99563519459755,0.19047619047619047,0.09523809523809523,393.5,0.0,0.0,24589853.0
UNNAO(DISTRICT MAGIISTRATE UNNAO_IDA),2025Q2,37,5.986323777050766,0.2702702702702703,0.0,345.0,0.0,0.0,47154600.0
UNNAO(DISTRICT MAGIISTRATE UNNAO_IDA),2025Q3,2,4.528273777167044,0.0,0.0,345.0,0.0,0.0,67500.0
UNNAO(DISTRICT MAGIISTRATE UNNAO_IDA),2025Q4,2,6.3979400086720375,1.0,0.0,345.0,0.0,0.0,5000000.0
UNNAO(DISTRICT MAGIISTRATE UNNAO_IDA),2026Q1,14,6.295567099962479,0.35714285714285715,0.0,345.0,0.0,0.0,23073950.0
"UPPER SIANG(DISTRICT PLANNING OFFICER,YINGKIONG)",2023Q4,11,5.845098040014257,1.0,0.0,345.0,0.0,0.0,7400000.0
"UPPER SIANG(DISTRICT PLANNING OFFICER,YINGKIONG)",2024Q1,1,5.477121254719663,1.0,0.0,345.0,0.0,0.0,300000.0
"UPPER SIANG(DISTRICT PLANNING OFFICER,YINGKIONG)",2024Q3,1,6.301029995663981,1.0,0.0,345.0,0.0,0.0,2000000.0
"UPPER SIANG(DISTRICT PLANNING OFFICER,YINGKIONG)",2025Q3,3,5.698970004336019,1.0,0.0,345.0,0.0,0.0,1900000.0
UPPER SUBANSIRI(Deputy Commisioner Upper Subansiri_IDA),2023Q3,1,6.477121254719663,1.0,0.0,345.0,0.0,0.0,3000000.0
UPPER SUBANSIRI(Deputy Commisioner Upper Subansiri_IDA),2023Q4,30,5.544068044350276,1.0,0.0,345.0,0.0,0.0,12300000.0
UPPER SUBANSIRI(Deputy Commisioner Upper Subansiri_IDA),2024Q1,2,5.301029995663981,1.0,0.0,345.0,0.0,0.0,400000.0
UPPER SUBANSIRI(Deputy Commisioner Upper Subansiri_IDA),2025Q3,10,5.812913356642856,1.0,0.0,345.0,0.0,0.0,8100000.0
UPPER SUBANSIRI(Deputy Commisioner Upper Subansiri_IDA),2026Q1,3,5.698970004336019,1.0,0.0,345.0,0.0,0.0,2000000.0
UTTAR KASHI(DISTRICT COLLECTOR UTTARKASHI_IDA),2023Q3,1,5.999995657033466,0.0,1.0,312.0,0.0,0.0,999990.0
UTTAR KASHI(DISTRICT COLLECTOR UTTARKASHI_IDA),2024Q3,9,5.845718017966659,0.5555555555555556,0.0,345.0,0.0,0.0,5896000.0
UTTAR KASHI(DISTRICT COLLECTOR UTTARKASHI_IDA),2024Q4,2,5.999430048959841,0.5,0.5,459.0,0.0,0.0,1997377.0
UTTAR KASHI(DISTRICT COLLECTOR UTTARKASHI_IDA),2025Q1,8,6.0,0.875,0.125,404.0,0.0,0.0,6148916.0
UTTAR KASHI(DISTRICT COLLECTOR UTTARKASHI_IDA),2025Q2,4,5.696026391828458,0.75,0.25,214.0,0.0,0.0,6193245.0
UTTAR KASHI(DISTRICT COLLECTOR UTTARKASHI_IDA),2025Q4,35,5.698970004336019,0.9142857142857143,0.05714285714285714,190.0,0.0,0.0,19496131.0
UTTAR KASHI(DISTRICT COLLECTOR UTTARKASHI_IDA),2026Q1,1,6.0,1.0,0.0,345.0,0.0,0.0,1000000.0
UTTARA KANNADA(DEPUTY COMMISSIONER UTTARKANNADA KARWAR_IDA),2023Q3,1,5.698970004336019,1.0,0.0,345.0,0.0,0.0,500000.0
UTTARA KANNADA(DEPUTY COMMISSIONER UTTARKANNADA KARWAR_IDA),2024Q1,87,5.698970004336019,0.9885057471264368,0.011494252873563218,345.0,0.022988505747126436,0.011494252873563218,40498215.0
UTTARA KANNADA(DEPUTY COMMISSIONER UTTARKANNADA KARWAR_IDA),2025Q1,55,5.845098040014257,0.9454545454545454,0.0,345.0,0.0,0.0,39025000.0
UTTARA KANNADA(DEPUTY COMMISSIONER UTTARKANNADA KARWAR_IDA),2025Q2,9,5.477121254719663,0.8888888888888888,0.0,345.0,0.0,0.0,4475000.0
UTTARA KANNADA(DEPUTY COMMISSIONER UTTARKANNADA KARWAR_IDA),2025Q3,1,5.698970004336019,1.0,0.0,345.0,0.0,0.0,500000.0
UTTARA KANNADA(DEPUTY COMMISSIONER UTTARKANNADA KARWAR_IDA),2025Q4,17,5.778151250383644,1.0,0.0,345.0,0.0,0.0,12000000.0
UTTARA KANNADA(DEPUTY COMMISSIONER UTTARKANNADA KARWAR_IDA),2026Q1,24,5.778151250383644,1.0,0.0,345.0,0.0,0.0,16000000.0
Unakoti(DISTRICT MAGISTRATE and COLLECTOR  UNOKOTI_IDA),2025Q3,1,6.3979400086720375,1.0,0.0,345.0,0.0,0.0,2500000.0
Unakoti(DISTRICT MAGISTRATE and COLLECTOR  UNOKOTI_IDA),2026Q1,2,5.87186441041954,0.5,0.0,345.0,0.0,0.0,1488999.0
Uttar Bastar Kanker(DISTRICT COLLECTOR KANKER_IDA),2023Q3,31,5.698678929512186,0.6451612903225806,0.6129032258064516,728.0,0.7419354838709677,0.0,14911961.0
Uttar Bastar Kanker(DISTRICT COLLECTOR KANKER_IDA),2023Q4,18,5.477121254719663,0.5555555555555556,0.8333333333333334,689.0,0.7777777777777778,0.0,6175750.0
Uttar Bastar Kanker(DISTRICT COLLECTOR KANKER_IDA),2024Q1,7,5.477121254719663,0.7142857142857143,0.7142857142857143,655.0,0.7142857142857143,0.0,2807050.0
Uttar Bastar Kanker(DISTRICT COLLECTOR KANKER_IDA),2024Q4,1,7.477121254719663,1.0,1.0,411.0,0.0,0.0,30000000.0
Uttar Bastar Kanker(DISTRICT COLLECTOR KANKER_IDA),2025Q1,21,5.845098040014257,1.0,0.14285714285714285,328.0,0.0,0.0,15350000.0
Uttar Bastar Kanker(DISTRICT COLLECTOR KANKER_IDA),2025Q4,11,5.698970004336019,1.0,0.7272727272727273,103.5,0.18181818181818182,0.0,6500000.0
Uttar Bastar Kanker(DISTRICT COLLECTOR KANKER_IDA),2026Q1,2,6.093421685162235,0.5,0.0,345.0,0.0,0.0,2480000.0
Uttar Dinajpur(DISTRICT MAGISTRATE UTTAR DINAJPUR_IDA),2023Q4,26,5.768222844514354,0.19230769230769232,0.6538461538461539,566.0,0.0,0.0,16824921.0
Uttar Dinajpur(DISTRICT MAGISTRATE UTTAR DINAJPUR_IDA),2024Q1,86,5.676700923996651,0.37209302325581395,0.3023255813953488,769.0,0.16279069767441862,0.0,41939022.0
Uttar Dinajpur(DISTRICT MAGISTRATE UTTAR DINAJPUR_IDA),2025Q2,40,5.698970004336019,1.0,0.0,345.0,1.0,0.0,20000000.0
Uttar Dinajpur(DISTRICT MAGISTRATE UTTAR DINAJPUR_IDA),2025Q3,151,5.3979400086720375,0.9470198675496688,0.0,345.0,0.23178807947019867,0.0,54393089.0
Uttar Dinajpur(DISTRICT MAGISTRATE UTTAR DINAJPUR_IDA),2025Q4,12,5.544068044350276,0.5833333333333334,0.0,345.0,0.0,0.0,10130850.0
Uttar Dinajpur(DISTRICT MAGISTRATE UTTAR DINAJPUR_IDA),2026Q1,201,5.3979400086720375,0.9800995024875622,0.0,345.0,0.0,0.0,69938600.0
VADODARA(DISTRICT COLLECTOR VADODARA_IDA),2023Q3,56,5.477121254719663,0.5714285714285714,1.0,269.0,0.0,0.0,33324486.0
VADODARA(DISTRICT COLLECTOR VADODARA_IDA),2023Q4,71,5.582968525529699,0.5633802816901409,1.0,266.0,0.0,0.028169014084507043,28783251.0
VADODARA(DISTRICT COLLECTOR VADODARA_IDA),2024Q1,33,5.477121254719663,0.696969696969697,1.0,267.5,0.0,0.030303030303030304,13506023.0
VADODARA(DISTRICT COLLECTOR VADODARA_IDA),2024Q4,52,5.611723308007342,0.5576923076923077,0.7692307692307693,277.5,0.0,0.0,32586186.0
VADODARA(DISTRICT COLLECTOR VADODARA_IDA),2025Q1,56,5.606918525948291,0.625,0.625,290.0,0.42857142857142855,0.0,23231032.0
VADODARA(DISTRICT COLLECTOR VADODARA_IDA),2025Q2,9,5.698970004336019,1.0,0.3333333333333333,207.0,0.0,0.0,3800000.0
VADODARA(DISTRICT COLLECTOR VADODARA_IDA),2025Q3,30,5.669851282531933,0.13333333333333333,0.3,186.0,0.0,0.0,15995716.0
VADODARA(DISTRICT COLLECTOR VADODARA_IDA),2025Q4,103,5.477121254719663,0.912621359223301,0.1262135922330097,151.0,0.11650485436893204,0.0,35405024.0
VADODARA(DISTRICT COLLECTOR VADODARA_IDA),2026Q1,43,5.544068044350276,0.813953488372093,0.0,345.0,0.0,0.0,19206317.0
VAISHALI(DISTRICT PLANNING OFFICER VAISHALI_IDA),2022Q4,3,5.838282880148569,0.0,1.0,999.0,0.0,0.0,2037203.0
VAISHALI(DISTRICT PLANNING OFFICER VAISHALI_IDA),2023Q1,3,5.771405935772266,0.0,1.0,876.0,0.0,0.0,1795236.0
VAISHALI(DISTRICT PLANNING OFFICER VAISHALI_IDA),2023Q3,5,6.170079743101626,0.0,1.0,741.0,0.0,0.0,6040026.0
VAISHALI(DISTRICT PLANNING OFFICER VAISHALI_IDA),2024Q1,132,5.776324462637246,0.0,1.0,585.0,0.0,0.0,97532197.0
VAISHALI(DISTRICT PLANNING OFFICER VAISHALI_IDA),2024Q3,1,5.724275869600789,0.0,0.0,345.0,0.0,0.0,530000.0
VAISHALI(DISTRICT PLANNING OFFICER VAISHALI_IDA),2024Q4,8,5.511883360978874,0.0,0.0,345.0,0.0,0.0,2600000.0
VAISHALI(DISTRICT PLANNING OFFICER VAISHALI_IDA),2025Q2,23,5.99486111002194,0.17391304347826086,0.8260869565217391,219.0,0.0,0.0,22159430.0
VAISHALI(DISTRICT PLANNING OFFICER VAISHALI_IDA),2025Q3,93,6.175801632848279,0.17204301075268819,0.24731182795698925,205.0,0.0,0.0,117542605.0
VAISHALI(DISTRICT PLANNING OFFICER VAISHALI_IDA),2025Q4,4,6.0,0.75,0.0,345.0,0.0,0.0,3530000.0
VAISHALI(DISTRICT PLANNING OFFICER VAISHALI_IDA),2026Q1,25,6.0,0.92,0.0,345.0,0.0,0.0,24999700.0
VALSAD(DISTRICT COLLECTOR VALSAD_IDA),2023Q4,15,5.6020599913279625,0.7333333333333333,1.0,352.0,0.0,0.0,5893850.0
VALSAD(DISTRICT COLLECTOR VALSAD_IDA),2024Q1,234,5.3979400086720375,0.8333333333333334,1.0,188.0,0.0,0.0,73956285.0
VALSAD(DISTRICT COLLECTOR VALSAD_IDA),2024Q3,50,5.544068044350276,1.0,1.0,94.0,0.0,0.0,17700000.0
VALSAD(DISTRICT COLLECTOR VALSAD_IDA),2024Q4,6,5.544068044350276,1.0,1.0,18.0,0.0,0.0,2100000.0
VALSAD(DISTRICT COLLECTOR VALSAD_IDA),2025Q1,35,5.694789406005941,0.37142857142857144,0.7142857142857143,307.0,0.0,0.0,16668574.0
VALSAD(DISTRICT COLLECTOR VALSAD_IDA),2025Q2,79,5.3979400086720375,0.7088607594936709,0.31645569620253167,186.0,0.0,0.0,26029769.0
VALSAD(DISTRICT COLLECTOR VALSAD_IDA),2025Q3,3,5.3979400086720375,1.0,0.0,345.0,0.0,0.0,750000.0
VALSAD(DISTRICT COLLECTOR VALSAD_IDA),2025Q4,26,5.697517032951258,0.19230769230769232,0.8076923076923077,161.0,0.0,0.0,17757040.0
VALSAD(DISTRICT COLLECTOR VALSAD_IDA),2026Q1,9,5.698970004336019,0.7777777777777778,0.0,345.0,0.0,0.0,8178980.0
VARANASI(DISTRICT MAGISTRAE VARANASI_IDA),2023Q3,289,4.42534996491406,0.0,1.0,176.0,0.9896193771626297,0.0,11286885.040000001
VARANASI(DISTRICT MAGISTRAE VARANASI_IDA),2023Q4,285,5.189928037050956,0.0,0.9614035087719298,125.0,0.06315789473684211,0.0,92478409.35
VARANASI(DISTRICT MAGISTRAE VARANASI_IDA),2024Q1,174,5.379087862643168,0.011494252873563218,0.9080459770114943,156.5,0.0,0.0,54710177.68
VARANASI(DISTRICT MAGISTRAE VARANASI_IDA),2024Q3,1,6.214525955281105,0.0,1.0,343.0,0.0,0.0,1638800.0
VARANASI(DISTRICT MAGISTRAE VARANASI_IDA),2024Q4,29,4.62233838543989,0.0,1.0,199.0,0.0,0.0,5492964.0
VARANASI(DISTRICT MAGISTRAE VARANASI_IDA),2025Q1,290,4.622089624870662,0.0,0.9896551724137931,264.0,0.0,0.0,46714933.0
VARANASI(DISTRICT MAGISTRAE VARANASI_IDA),2025Q2,4,6.096040554295428,0.25,0.25,126.0,0.0,0.0,12070089.0
VARANASI(DISTRICT MAGISTRAE VARANASI_IDA),2025Q3,2,6.759420339615798,0.0,0.0,345.0,0.0,0.0,11493448.0
VARANASI(DISTRICT MAGISTRAE VARANASI_IDA),2025Q4,130,5.688864568054792,0.023076923076923078,0.07692307692307693,169.0,0.0,0.0,71525552.0
VARANASI(DISTRICT MAGISTRAE VARANASI_IDA),2026Q1,2,5.818151634789651,0.5,0.0,345.0,0.0,0.0,1315775.0
VELLORE(DISTRICT COLLECTOR VELLORE_IDA),2023Q3,21,6.041392685158225,1.0,0.0,345.0,0.0,0.0,25700000.0
VELLORE(DISTRICT COLLECTOR VELLORE_IDA),2023Q4,3,6.113943352306837,1.0,0.0,345.0,0.0,0.0,4400000.0
VELLORE(DISTRICT COLLECTOR VELLORE_IDA),2024Q1,4,5.977723605288848,1.0,0.0,345.0,0.0,0.0,10200000.0
VELLORE(DISTRICT COLLECTOR VELLORE_IDA),2025Q2,41,6.041392685158225,1.0,0.0,345.0,0.0,0.0,46400000.0
VELLORE(DISTRICT COLLECTOR VELLORE_IDA),2025Q3,5,6.041392685158225,1.0,0.0,345.0,0.0,0.0,14250000.0
VELLORE(DISTRICT COLLECTOR VELLORE_IDA),2026Q1,5,5.954242509439325,0.8,0.0,345.0,0.0,0.0,3364000.0
VIDISHA(District Collector Vidisha_IDA),2023Q3,22,5.698970004336019,0.6818181818181818,0.2727272727272727,772.0,0.5909090909090909,0.0,11489724.0
VIDISHA(District Collector Vidisha_IDA),2023Q4,3,5.477121254719663,0.3333333333333333,0.6666666666666666,711.0,0.0,0.0,808761.0
VIDISHA(District Collector Vidisha_IDA),2024Q1,153,5.698737160085884,0.6013071895424836,0.6535947712418301,658.0,0.013071895424836602,0.0,73747339.0
VIDISHA(District Collector Vidisha_IDA),2024Q3,1,6.431122422401232,0.0,1.0,253.0,0.0,0.0,2698500.0
VIDISHA(District Collector Vidisha_IDA),2024Q4,14,5.698970004336019,0.5714285714285714,0.5,386.0,0.0,0.0,11216838.0
VIDISHA(District Collector Vidisha_IDA),2025Q1,37,5.698970004336019,0.8108108108108109,0.3783783783783784,345.5,0.43243243243243246,0.0,20773561.0
VIDISHA(District Collector Vidisha_IDA),2025Q2,11,5.903089986991944,0.7272727272727273,0.45454545454545453,155.0,0.0,0.0,9990420.0
VIDISHA(District Collector Vidisha_IDA),2025Q3,5,5.514307296805584,0.6,0.2,144.0,0.0,0.0,2525743.0
VIDISHA(District Collector Vidisha_IDA),2025Q4,2,5.544068044350276,1.0,0.0,345.0,0.0,0.0,700000.0
VIDISHA(District Collector Vidisha_IDA),2026Q1,6,5.698970004336019,1.0,0.0,345.0,0.0,0.0,2700000.0
VIJAYANAGAR(DEPUTY COMMISSIONER VIJAYANAGARA_IDA),2024Q1,7,6.812913356642856,1.0,0.0,345.0,0.0,0.0,46000000.0
VIJAYANAGAR(DEPUTY COMMISSIONER VIJAYANAGARA_IDA),2025Q1,5,6.079181246047625,1.0,0.0,345.0,0.0,0.0,8900000.0
VIJAYANAGAR(DEPUTY COMMISSIONER VIJAYANAGARA_IDA),2025Q2,10,5.845098040014257,1.0,0.0,345.0,0.0,0.0,13600000.0
VIJAYANAGAR(DEPUTY COMMISSIONER VIJAYANAGARA_IDA),2025Q3,2,5.698970004336019,1.0,0.0,345.0,0.0,0.0,1000000.0
VIJAYANAGAR(DEPUTY COMMISSIONER VIJAYANAGARA_IDA),2025Q4,11,5.698970004336019,1.0,0.0,345.0,0.0,0.0,13650000.0
VIJAYANAGAR(DEPUTY COMMISSIONER VIJAYANAGARA_IDA),2026Q1,24,5.929418925714293,1.0,0.0,345.0,0.0,0.0,27850000.0
VIJAYAPURA(DEPUTY COMMISSIONER BIJAPUR_IDA),2023Q4,387,5.3979400086720375,0.9509043927648578,0.0,345.0,0.12661498708010335,0.0,102855000.0
VIJAYAPURA(DEPUTY COMMISSIONER BIJAPUR_IDA),2024Q1,31,5.3979400086720375,0.8709677419354839,0.0,345.0,0.03225806451612903,0.0,9110000.0
VIJAYAPURA(DEPUTY COMMISSIONER BIJAPUR_IDA),2024Q4,4,6.985650973690949,0.0,0.0,345.0,0.0,0.0,44000000.0
VIJAYAPURA(DEPUTY COMMISSIONER BIJAPUR_IDA),2025Q1,100,5.477121254719663,0.68,0.0,345.0,0.0,0.0,36485000.0
VIJAYAPURA(DEPUTY COMMISSIONER BIJAPUR_IDA),2025Q2,28,5.694605198933568,0.32142857142857145,0.0,345.0,0.0,0.0,14455000.0
VIJAYAPURA(DEPUTY COMMISSIONER BIJAPUR_IDA),2025Q3,13,5.3979400086720375,1.0,0.0,345.0,0.07692307692307693,0.0,3300000.0
VIJAYAPURA(DEPUTY COMMISSIONER BIJAPUR_IDA),2025Q4,133,5.3979400086720375,0.9624060150375939,0.0,345.0,0.0,0.0,77235000.0
VIJAYAPURA(DEPUTY COMMISSIONER BIJAPUR_IDA),2026Q1,6,5.3979400086720375,0.8333333333333334,0.0,345.0,0.0,0.0,1745000.0
VIKARABAD(DISTRICT COLLECTOR VIKARABAD_2),2019Q3,1,5.0,1.0,0.0,345.0,0.0,0.0,100000.0
VIKARABAD(DISTRICT COLLECTOR VIKARABAD_2),2022Q1,4,5.698970004336019,1.0,0.0,345.0,0.0,0.0,2500000.0
VIKARABAD(DISTRICT COLLECTOR VIKARABAD_2),2022Q3,1,4.958998437995437,0.0,0.0,345.0,0.0,0.0,90991.0
VIKARABAD(DISTRICT COLLECTOR VIKARABAD_2),2022Q4,1,5.698970004336019,1.0,0.0,345.0,0.0,0.0,500000.0
VIKARABAD(DISTRICT COLLECTOR VIKARABAD_2),2023Q1,1,5.698970004336019,1.0,0.0,345.0,0.0,0.0,500000.0
VIKARABAD(DISTRICT COLLECTOR VIKARABAD_2),2024Q1,127,5.698562444936739,0.41732283464566927,0.5905511811023622,514.0,0.5826771653543307,0.0,61085743.0
VIKARABAD(DISTRICT COLLECTOR VIKARABAD_2),2024Q4,118,5.096910013008056,0.211864406779661,0.423728813559322,273.0,0.0,0.0,21921425.0
VIKARABAD(DISTRICT COLLECTOR VIKARABAD_2),2025Q1,42,5.096910013008056,0.40476190476190477,0.30952380952380953,183.0,0.0,0.0,7012625.0
VIKARABAD(DISTRICT COLLECTOR VIKARABAD_2),2025Q2,25,5.696951933607115,0.8,0.2,177.0,0.0,0.0,11453448.0
VIKARABAD(DISTRICT COLLECTOR VIKARABAD_2),2025Q3,25,5.698970004336019,0.96,0.16,256.0,0.0,0.0,10230000.0
VIKARABAD(DISTRICT COLLECTOR VIKARABAD_2),2026Q1,27,5.301029995663981,0.7777777777777778,0.0,345.0,0.0,0.0,7115000.0
VILLUPURAM(DISTRICT COLLECTOR VILLUPURAM_IDA),2023Q3,93,5.397835765486698,0.11827956989247312,1.0,77.0,0.0,0.13978494623655913,34212185.0
VILLUPURAM(DISTRICT COLLECTOR VILLUPURAM_IDA),2023Q4,94,5.3979400086720375,0.5638297872340425,1.0,103.0,0.0,0.010638297872340425,38046221.0
VILLUPURAM(DISTRICT COLLECTOR VILLUPURAM_IDA),2024Q1,25,5.397835765486698,0.04,1.0,77.0,0.0,0.08,9382409.0
VILLUPURAM(DISTRICT COLLECTOR VILLUPURAM_IDA),2024Q3,19,5.990646482083803,0.05263157894736842,1.0,433.0,0.0,0.0,18318422.0
VILLUPURAM(DISTRICT COLLECTOR VILLUPURAM_IDA),2024Q4,32,5.778151250383644,0.09375,1.0,366.0,0.1875,0.0,30184465.0
VILLUPURAM(DISTRICT COLLECTOR VILLUPURAM_IDA),2025Q1,34,5.301029995663981,0.8529411764705882,1.0,107.0,0.0,0.0,7299198.0
VILLUPURAM(DISTRICT COLLECTOR VILLUPURAM_IDA),2025Q2,53,5.778151250383644,0.8301886792452831,0.9245283018867925,76.0,0.0,0.0,32028445.0
VILLUPURAM(DISTRICT COLLECTOR VILLUPURAM_IDA),2025Q3,59,5.301029995663981,0.7288135593220338,0.864406779661017,73.0,0.0,0.0,23976524.0
VILLUPURAM(DISTRICT COLLECTOR VILLUPURAM_IDA),2025Q4,39,5.301029995663981,0.8717948717948718,0.717948717948718,79.0,0.0,0.0,21710000.0
VILLUPURAM(DISTRICT COLLECTOR VILLUPURAM_IDA),2026Q1,16,5.3979400086720375,0.875,0.0625,79.0,0.0,0.0,4979668.0
VIRUDHUNAGAR(DISTRICT COLLECTOR VIRUDHUNAGAR_IDA),2023Q4,73,5.653212513775344,0.7397260273972602,0.0273972602739726,881.0,0.0,0.0,59249412.0
VIRUDHUNAGAR(DISTRICT COLLECTOR VIRUDHUNAGAR_IDA),2024Q1,73,5.6020599913279625,0.3013698630136986,0.3561643835616438,789.0,0.0273972602739726,0.0,42882924.0
VIRUDHUNAGAR(DISTRICT COLLECTOR VIRUDHUNAGAR_IDA),2024Q3,12,5.8750612633917,1.0,0.0,345.0,0.0,0.0,12550000.0
VIRUDHUNAGAR(DISTRICT COLLECTOR VIRUDHUNAGAR_IDA),2024Q4,3,6.0,1.0,0.0,345.0,0.0,0.0,4250000.0
VIRUDHUNAGAR(DISTRICT COLLECTOR VIRUDHUNAGAR_IDA),2025Q1,10,6.0,1.0,0.0,345.0,0.0,0.0,14000000.0
VIRUDHUNAGAR(DISTRICT COLLECTOR VIRUDHUNAGAR_IDA),2025Q2,25,5.633468455579586,0.28,0.08,357.0,0.0,0.0,18340000.0
VIRUDHUNAGAR(DISTRICT COLLECTOR VIRUDHUNAGAR_IDA),2025Q3,25,5.698970004336019,0.76,0.2,254.0,0.0,0.0,21921060.0
VIRUDHUNAGAR(DISTRICT COLLECTOR VIRUDHUNAGAR_IDA),2025Q4,19,5.999721093404018,0.7894736842105263,0.21052631578947367,202.0,0.0,0.0,19345388.0
VIRUDHUNAGAR(DISTRICT COLLECTOR VIRUDHUNAGAR_IDA),2026Q1,21,5.8750612633917,0.5238095238095238,0.047619047619047616,93.0,0.0,0.0,31415000.0
VIZIANAGARAM(DISTRICT COLLECTOR VIZIANAGARAM_IDA),2023Q3,197,5.47679975783453,0.15736040609137056,0.649746192893401,220.5,0.0,0.0,71828725.0
VIZIANAGARAM(DISTRICT COLLECTOR VIZIANAGARAM_IDA),2023Q4,24,5.376959989110066,0.16666666666666666,0.7083333333333334,175.0,0.0,0.08333333333333333,7335392.0
VIZIANAGARAM(DISTRICT COLLECTOR VIZIANAGARAM_IDA),2024Q1,9,5.236789099409293,0.1111111111111111,0.2222222222222222,428.0,0.0,0.0,2596402.0
VIZIANAGARAM(DISTRICT COLLECTOR VIZIANAGARAM_IDA),2024Q4,1,6.698970004336019,1.0,0.0,345.0,0.0,0.0,5000000.0
VIZIANAGARAM(DISTRICT COLLECTOR VIZIANAGARAM_IDA),2025Q1,31,5.533712335610678,0.3225806451612903,0.6129032258064516,331.0,0.0,0.0,20536413.0
VIZIANAGARAM(DISTRICT COLLECTOR VIZIANAGARAM_IDA),2025Q2,13,5.6970775747990094,0.3076923076923077,0.23076923076923078,220.0,0.0,0.0,9858236.0
VIZIANAGARAM(DISTRICT COLLECTOR VIZIANAGARAM_IDA),2025Q3,18,5.65127413635153,0.3333333333333333,0.1111111111111111,232.5,0.0,0.0,8546339.0
VIZIANAGARAM(DISTRICT COLLECTOR VIZIANAGARAM_IDA),2025Q4,8,5.698288931122541,0.5,0.125,126.0,0.0,0.0,3235570.0
VIZIANAGARAM(DISTRICT COLLECTOR VIZIANAGARAM_IDA),2026Q1,5,6.301029995663981,0.8,0.0,345.0,0.0,0.0,8999000.0
Vav-Tharad(DISTRICT COLLECTOR VAV-THARAD),2026Q1,6,5.698970004336019,1.0,0.0,345.0,0.0,0.0,2900000.0
Visakhapatnam(DISTRICT COLLECTOR VISAKHAPATNAM_IDA),2023Q3,14,6.159115821827769,0.14285714285714285,0.0,345.0,0.0,0.0,26017000.0
Visakhapatnam(DISTRICT COLLECTOR VISAKHAPATNAM_IDA),2023Q4,21,6.3979400086720375,0.3333333333333333,0.19047619047619047,885.0,0.0,0.0,54926053.0
Visakhapatnam(DISTRICT COLLECTOR VISAKHAPATNAM_IDA),2024Q1,5,6.176091259055681,0.6,0.2,172.0,0.0,0.0,10777717.0
Visakhapatnam(DISTRICT COLLECTOR VISAKHAPATNAM_IDA),2024Q3,1,6.176091259055681,1.0,0.0,345.0,0.0,0.0,1500000.0
Visakhapatnam(DISTRICT COLLECTOR VISAKHAPATNAM_IDA),2025Q1,2,6.352182518111363,1.0,0.0,345.0,0.0,0.0,4500000.0
Visakhapatnam(DISTRICT COLLECTOR VISAKHAPATNAM_IDA),2025Q2,7,6.3979400086720375,0.8571428571428571,0.0,345.0,0.0,0.0,28015000.0
Visakhapatnam(DISTRICT COLLECTOR VISAKHAPATNAM_IDA),2025Q3,4,6.176091259055681,1.0,0.0,345.0,0.0,0.0,7800000.0
Visakhapatnam(DISTRICT COLLECTOR VISAKHAPATNAM_IDA),2025Q4,5,6.0,1.0,0.0,345.0,0.4,0.0,9300000.0
Visakhapatnam(DISTRICT COLLECTOR VISAKHAPATNAM_IDA),2026Q1,22,6.176091259055681,1.0,0.0,345.0,0.045454545454545456,0.0,31500000.0
WANAPARTHY(DISTRICT COLLECTOR WANAPARTHY_IDA),2023Q4,1,5.477121254719663,1.0,0.0,345.0,0.0,0.0,300000.0
WANAPARTHY(DISTRICT COLLECTOR WANAPARTHY_IDA),2024Q1,22,5.6020599913279625,0.8636363636363636,0.6818181818181818,809.0,0.0,0.0,9875591.0
WANAPARTHY(DISTRICT COLLECTOR WANAPARTHY_IDA),2024Q4,11,5.68120323494579,0.8181818181818182,0.18181818181818182,479.0,0.0,0.0,5075124.0
WANAPARTHY(DISTRICT COLLECTOR WANAPARTHY_IDA),2025Q1,9,5.698970004336019,0.6666666666666666,0.3333333333333333,391.0,0.0,0.0,4897461.0
WANAPARTHY(DISTRICT COLLECTOR WANAPARTHY_IDA),2025Q2,7,5.698681537018284,0.42857142857142855,0.7142857142857143,275.0,0.0,0.0,13464156.0
WANAPARTHY(DISTRICT COLLECTOR WANAPARTHY_IDA),2025Q3,39,5.601730888594518,0.48717948717948717,0.5128205128205128,231.0,0.07692307692307693,0.0,14152873.0
WANAPARTHY(DISTRICT COLLECTOR WANAPARTHY_IDA),2025Q4,2,5.3979400086720375,1.0,0.0,345.0,0.0,0.0,500000.0
WARANGAL(District Collector Warangal_IDA),2022Q2,1,5.690196080028514,0.0,0.0,345.0,0.0,0.0,490000.0
WARANGAL(District Collector Warangal_IDA),2023Q3,28,5.218070503503758,0.0,0.9642857142857143,142.0,0.07142857142857142,0.0,5880545.0
WARANGAL(District Collector Warangal_IDA),2023Q4,6,5.69810054562339,0.0,0.8333333333333334,725.0,0.0,0.5,2993186.0
WARANGAL(District Collector Warangal_IDA),2024Q1,85,5.68417905220312,0.08235294117647059,0.8,550.0,0.0,0.07058823529411765,40930972.0
WARANGAL(District Collector Warangal_IDA),2024Q3,2,5.698970004336019,1.0,0.0,345.0,0.0,0.0,1000000.0
WARANGAL(District Collector Warangal_IDA),2024Q4,60,5.1303337684950066,0.15,0.25,500.0,0.0,0.0,16342724.0
WARANGAL(District Collector Warangal_IDA),2025Q1,71,5.146128035678238,0.15492957746478872,0.2112676056338028,493.0,0.0,0.0,10591029.0
WARANGAL(District Collector Warangal_IDA),2025Q2,1,5.040997692423491,0.0,0.0,345.0,0.0,0.0,109900.0
WARANGAL(District Collector Warangal_IDA),2025Q3,53,5.544068044350276,0.5094339622641509,0.0,345.0,0.0,0.0,14484687.0
WARANGAL(District Collector Warangal_IDA),2025Q4,5,5.6020599913279625,0.8,0.0,345.0,0.0,0.0,2299000.0
WARANGAL(District Collector Warangal_IDA),2026Q1,7,5.544068044350276,0.8571428571428571,0.0,345.0,0.0,0.0,2425000.0
WARDHA(DISTRICT COLLECTOR WARDHA_IDA),2023Q4,166,5.301029995663981,0.6987951807228916,0.030120481927710843,124.0,0.03614457831325301,0.012048192771084338,47391224.0
WARDHA(DISTRICT COLLECTOR WARDHA_IDA),2024Q1,28,5.636454294903076,0.42857142857142855,0.0,345.0,0.0,0.0,12032192.0
WARDHA(DISTRICT COLLECTOR WARDHA_IDA),2024Q3,3,6.0,1.0,0.0,345.0,0.0,0.0,4000000.0
WARDHA(DISTRICT COLLECTOR WARDHA_IDA),2024Q4,1,5.845098040014257,1.0,0.0,345.0,0.0,0.0,700000.0
WARDHA(DISTRICT COLLECTOR WARDHA_IDA),2025Q1,27,5.996356226454246,0.7037037037037037,0.0,345.0,0.0,0.0,22534194.0
WARDHA(DISTRICT COLLECTOR WARDHA_IDA),2025Q2,39,5.698970004336019,0.7948717948717948,0.0,345.0,0.0,0.0,20042251.0
WARDHA(DISTRICT COLLECTOR WARDHA_IDA),2025Q3,7,5.9979147312163175,0.7142857142857143,0.0,345.0,0.0,0.0,5435210.0
WARDHA(DISTRICT COLLECTOR WARDHA_IDA),2025Q4,5,5.6020599913279625,0.8,0.0,345.0,0.0,0.0,2275000.0
WARDHA(DISTRICT COLLECTOR WARDHA_IDA),2026Q1,12,4.954242509439325,0.25,0.0,345.0,0.0,0.0,2942000.0
WASHIM(DISTRICT COLLECTOR WASHIM_IDA),2023Q4,37,5.997562862590984,0.24324324324324326,0.7567567567567568,884.0,0.5405405405405406,0.0,38626097.0
WASHIM(DISTRICT COLLECTOR WASHIM_IDA),2024Q1,15,5.935053589231065,0.13333333333333333,0.13333333333333333,807.0,0.0,0.0,12625614.0
WASHIM(DISTRICT COLLECTOR WASHIM_IDA),2025Q1,3,6.0,1.0,0.0,345.0,0.0,0.0,3300000.0
WASHIM(DISTRICT COLLECTOR WASHIM_IDA),2025Q2,3,6.0,1.0,0.0,345.0,0.0,0.0,3000000.0
WASHIM(DISTRICT COLLECTOR WASHIM_IDA),2025Q3,6,5.942008053022313,1.0,0.0,345.0,0.0,0.0,22150000.0
WASHIM(DISTRICT COLLECTOR WASHIM_IDA),2025Q4,2,6.0,1.0,0.0,345.0,0.0,0.0,2000000.0
WASHIM(DISTRICT COLLECTOR WASHIM_IDA),2026Q1,10,6.0,1.0,0.0,345.0,0.0,0.0,9750000.0
WAYANAD(DISTRICT COLLECTOR WAYANAD_IDA),2024Q1,25,6.0,0.2,0.84,699.0,0.0,0.0,33442288.0
WAYANAD(DISTRICT COLLECTOR WAYANAD_IDA),2024Q3,5,6.0,0.6,0.6,559.0,0.0,0.0,7646820.0
WAYANAD(DISTRICT COLLECTOR WAYANAD_IDA),2024Q4,4,6.060697840353612,1.0,0.25,406.0,0.0,0.0,4600000.0
WAYANAD(DISTRICT COLLECTOR WAYANAD_IDA),2025Q1,14,6.217483944213907,0.8571428571428571,0.07142857142857142,351.0,0.0,0.0,21210970.0
WAYANAD(DISTRICT COLLECTOR WAYANAD_IDA),2025Q2,6,6.161368002234975,1.0,0.0,345.0,0.0,0.0,9450000.0
WAYANAD(DISTRICT COLLECTOR WAYANAD_IDA),2025Q3,15,6.0,1.0,0.0,345.0,0.0,0.0,17150000.0
WAYANAD(DISTRICT COLLECTOR WAYANAD_IDA),2025Q4,7,5.477121254719663,0.5714285714285714,0.0,345.0,0.0,0.0,5196500.0
WAYANAD(DISTRICT COLLECTOR WAYANAD_IDA),2026Q1,8,5.6020599913279625,1.0,0.0,345.0,0.0,0.0,5700000.0
WEST GARO HILLS(DEPUTY COMMISSIONER WEST GARO HILLS_IDA),2024Q1,175,5.301029995663981,1.0,0.9828571428571429,223.0,0.011428571428571429,0.0,47450000.0
WEST GARO HILLS(DEPUTY COMMISSIONER WEST GARO HILLS_IDA),2024Q3,5,6.0,1.0,1.0,308.0,0.0,0.0,6500000.0
WEST GARO HILLS(DEPUTY COMMISSIONER WEST GARO HILLS_IDA),2024Q4,39,5.176091259055681,1.0,0.20512820512820512,442.0,0.8717948717948718,0.0,28050000.0
WEST GARO HILLS(DEPUTY COMMISSIONER WEST GARO HILLS_IDA),2025Q1,4,5.6020599913279625,1.0,0.75,345.0,0.0,0.0,1500000.0
WEST GARO HILLS(DEPUTY COMMISSIONER WEST GARO HILLS_IDA),2025Q2,7,5.477121254719663,1.0,0.8571428571428571,239.5,0.0,0.0,2300000.0
WEST GARO HILLS(DEPUTY COMMISSIONER WEST GARO HILLS_IDA),2025Q3,44,5.301029995663981,1.0,0.2727272727272727,238.0,0.5681818181818182,0.0,14950000.0
WEST GARO HILLS(DEPUTY COMMISSIONER WEST GARO HILLS_IDA),2025Q4,8,5.477121254719663,1.0,0.75,119.5,0.0,0.0,2450000.0
WEST GODAVARI(DISTRICT COLLECTOR WEST GODAVARI_IDA),2023Q4,6,5.954473830272465,0.3333333333333333,0.6666666666666666,904.0,0.0,0.0,5195614.0
WEST GODAVARI(DISTRICT COLLECTOR WEST GODAVARI_IDA),2025Q1,102,5.698970004336019,0.23529411764705882,0.7647058823529411,423.0,0.0,0.0,79087748.0
WEST GODAVARI(DISTRICT COLLECTOR WEST GODAVARI_IDA),2025Q2,6,5.698970004336019,1.0,0.0,345.0,0.0,0.0,8400000.0
WEST GODAVARI(DISTRICT COLLECTOR WEST GODAVARI_IDA),2025Q3,4,6.439332693830263,1.0,0.0,345.0,0.0,0.0,11000000.0
WEST GODAVARI(DISTRICT COLLECTOR WEST GODAVARI_IDA),2025Q4,6,6.243038048686294,0.8333333333333334,0.0,345.0,0.0,0.0,16780000.0
WEST GODAVARI(DISTRICT COLLECTOR WEST GODAVARI_IDA),2026Q1,1,5.698970004336019,1.0,0.0,345.0,0.0,0.0,500000.0
WEST JAINTIA HILLS(DEPUTY COMMISSIONER WEST JAINTIA HILLS JOWAI_IDA),2024Q1,71,5.534026106056135,0.9014084507042254,0.4225352112676056,739.5,0.0,0.0,36548000.0
WEST JAINTIA HILLS(DEPUTY COMMISSIONER WEST JAINTIA HILLS JOWAI_IDA),2024Q3,12,6.0,1.0,0.5833333333333334,549.0,0.0,0.0,12700000.0
WEST JAINTIA HILLS(DEPUTY COMMISSIONER WEST JAINTIA HILLS JOWAI_IDA),2024Q4,2,5.8750612633917,1.0,0.5,464.0,0.0,0.0,1500000.0
WEST JAINTIA HILLS(DEPUTY COMMISSIONER WEST JAINTIA HILLS JOWAI_IDA),2025Q1,13,5.6020599913279625,1.0,0.38461538461538464,410.0,0.0,0.0,5600000.0
WEST JAINTIA HILLS(DEPUTY COMMISSIONER WEST JAINTIA HILLS JOWAI_IDA),2025Q2,23,6.0,1.0,0.21739130434782608,275.0,0.0,0.0,23000000.0
WEST JAINTIA HILLS(DEPUTY COMMISSIONER WEST JAINTIA HILLS JOWAI_IDA),2025Q3,34,5.698970004336019,0.9705882352941176,0.20588235294117646,155.0,0.0,0.0,19294000.0
WEST JAINTIA HILLS(DEPUTY COMMISSIONER WEST JAINTIA HILLS JOWAI_IDA),2025Q4,3,5.477121254719663,1.0,0.0,345.0,0.0,0.0,1000000.0
WEST KAMENG(Deputy Commisioner West Kameng_IDA),2023Q3,1,6.301029995663981,1.0,1.0,318.0,0.0,0.0,2000000.0
WEST KAMENG(Deputy Commisioner West Kameng_IDA),2023Q4,14,5.698970004336019,0.8571428571428571,0.8571428571428571,156.5,0.0,0.0,12185000.0
WEST KAMENG(Deputy Commisioner West Kameng_IDA),2024Q1,2,5.698970004336019,1.0,1.0,209.0,0.0,0.0,1000000.0
WEST KAMENG(Deputy Commisioner West Kameng_IDA),2025Q3,4,6.176091259055681,1.0,0.0,345.0,0.0,0.0,5500000.0
WEST KAMENG(Deputy Commisioner West Kameng_IDA),2026Q1,14,5.698970004336019,1.0,0.0,345.0,0.0,0.0,7600000.0
WEST KARBI ANGLONG(DISTRICT COMMISSIONER WEST KARBI ANGLONG),2023Q4,9,5.301029995663981,1.0,0.0,345.0,0.0,0.0,8000000.0
WEST KARBI ANGLONG(DISTRICT COMMISSIONER WEST KARBI ANGLONG),2024Q1,7,6.0,1.0,0.0,345.0,0.0,0.0,12500000.0
WEST KARBI ANGLONG(DISTRICT COMMISSIONER WEST KARBI ANGLONG),2024Q4,8,5.301029995663981,0.75,0.25,461.0,0.0,0.0,3401202.0
WEST KARBI ANGLONG(DISTRICT COMMISSIONER WEST KARBI ANGLONG),2025Q3,13,6.176091259055681,1.0,0.0,345.0,0.0,0.0,14800000.0
WEST KHASI HILLS(DEPUTY COMMISSIONER WEST KHASI HILLS NONGSTOIN_IDA),2024Q1,3,6.301029995663981,1.0,0.6666666666666666,781.5,0.0,0.0,5500000.0
WEST KHASI HILLS(DEPUTY COMMISSIONER WEST KHASI HILLS NONGSTOIN_IDA),2025Q1,10,5.477121254719663,1.0,0.3,484.0,0.0,0.0,3700000.0
WEST KHASI HILLS(DEPUTY COMMISSIONER WEST KHASI HILLS NONGSTOIN_IDA),2025Q3,2,5.439332693830263,1.0,0.0,345.0,0.0,0.0,550000.0
WEST KHASI HILLS(DEPUTY COMMISSIONER WEST KHASI HILLS NONGSTOIN_IDA),2025Q4,2,5.6020599913279625,1.0,0.5,207.0,0.0,0.0,800000.0
"WEST SIANG(DEPUTY COMMISSIONER, WEST SIANG (IDA))",2023Q3,1,6.301029995663981,1.0,1.0,679.0,0.0,0.0,2000000.0
"WEST SIANG(DEPUTY COMMISSIONER, WEST SIANG (IDA))",2023Q4,22,5.6020599913279625,1.0,0.5909090909090909,538.0,0.0,0.0,8300000.0
"WEST SIANG(DEPUTY COMMISSIONER, WEST SIANG (IDA))",2024Q1,4,5.698970004336019,1.0,0.5,530.0,0.0,0.0,2100000.0
"WEST SIANG(DEPUTY COMMISSIONER, WEST SIANG (IDA))",2025Q2,1,6.0,1.0,0.0,345.0,0.0,0.0,1000000.0
"WEST SIANG(DEPUTY COMMISSIONER, WEST SIANG (IDA))",2025Q3,7,5.698970004336019,1.0,0.2857142857142857,217.0,0.0,0.0,4500000.0
"WEST SIANG(DEPUTY COMMISSIONER, WEST SIANG (IDA))",2026Q1,3,6.301029995663981,1.0,1.0,67.0,0.0,0.0,4400000.0
WEST SINGHBHUM(DEPUTY COMMISSIONER WEST SINGHBHUM_IDA),2023Q3,1,5.845098040014257,1.0,0.0,345.0,0.0,0.0,700000.0
WEST SINGHBHUM(DEPUTY COMMISSIONER WEST SINGHBHUM_IDA),2024Q1,158,5.690993032099869,0.0189873417721519,0.0,345.0,0.0,0.0,93511100.0
WEST SINGHBHUM(DEPUTY COMMISSIONER WEST SINGHBHUM_IDA),2024Q4,3,5.698970004336019,1.0,0.0,345.0,0.0,0.0,1500000.0
WEST SINGHBHUM(DEPUTY COMMISSIONER WEST SINGHBHUM_IDA),2025Q2,31,5.815245591916563,0.0,0.0,345.0,0.0,0.0,22943460.0
WEST SINGHBHUM(DEPUTY COMMISSIONER WEST SINGHBHUM_IDA),2026Q1,39,5.815245591916563,0.05128205128205128,0.0,345.0,0.0,0.0,26783700.0
WEST(COMMISSIONER MCD WEST),2020Q4,1,5.975165175566438,0.0,0.0,345.0,0.0,0.0,944420.0
WEST(COMMISSIONER MCD WEST),2021Q3,1,5.4987391218927515,0.0,0.0,345.0,0.0,0.0,315311.0
WEST(COMMISSIONER MCD WEST),2022Q3,1,4.992341399557626,0.0,0.0,345.0,0.0,0.0,98252.0
WEST(COMMISSIONER MCD WEST),2022Q4,1,5.1548103141810895,0.0,0.0,345.0,0.0,0.0,142827.0
WEST(COMMISSIONER MCD WEST),2023Q2,6,5.9796043650373685,0.0,0.0,345.0,0.0,0.0,6353967.0
WEST(COMMISSIONER MCD WEST),2023Q3,8,6.065385302968116,0.0,0.125,963.0,0.0,0.0,45499653.0
WEST(COMMISSIONER MCD WEST),2023Q4,61,5.633295713424148,0.01639344262295082,0.8688524590163934,135.0,0.0,0.0,32994215.0
WEST(COMMISSIONER MCD WEST),2024Q1,4,5.459001748595612,0.0,0.25,71.0,0.0,0.0,1294061.0
WEST(COMMISSIONER MCD WEST),2024Q4,1,6.1977454868199615,0.0,0.0,345.0,0.0,0.0,1576687.0
WEST(COMMISSIONER MCD WEST),2025Q2,2,5.7824260389264,0.0,0.0,345.0,0.0,0.0,1211870.0
WEST(COMMISSIONER MCD WEST),2025Q3,7,5.599651677701464,0.14285714285714285,0.0,345.0,0.0,0.0,4484740.0
WEST(COMMISSIONER MCD WEST),2025Q4,4,5.897023332324129,0.0,0.0,345.0,0.0,0.0,2983856.0
WEST(COMMISSIONER MCD WEST),2026Q1,2,6.845098040014257,1.0,0.0,345.0,0.0,0.0,14000000.0
WOKHA(Deputy Commissioner Wokha_IDA),2024Q3,3,6.0,1.0,1.0,222.0,0.0,0.0,4000000.0
West Tripura(DISTRICT MAGISTRATE WEST TRIPURA_IDA),2023Q4,109,5.311753861055754,0.027522935779816515,0.6422018348623854,769.0,0.8256880733944955,0.0,38124847.0
West Tripura(DISTRICT MAGISTRATE WEST TRIPURA_IDA),2024Q1,31,5.9742583187716205,0.3225806451612903,0.0967741935483871,760.0,0.3870967741935484,0.0,32628387.0
West Tripura(DISTRICT MAGISTRATE WEST TRIPURA_IDA),2024Q4,8,6.267171728403014,1.0,0.0,345.0,0.0,0.0,16600000.0
West Tripura(DISTRICT MAGISTRATE WEST TRIPURA_IDA),2025Q1,12,5.954724790979063,0.16666666666666666,0.0,345.0,0.0,0.0,20824127.0
West Tripura(DISTRICT MAGISTRATE WEST TRIPURA_IDA),2025Q2,4,6.199520419322948,0.0,0.25,226.0,0.0,0.0,8040132.0
West Tripura(DISTRICT MAGISTRATE WEST TRIPURA_IDA),2025Q3,11,6.3979400086720375,0.6363636363636364,0.0,345.0,0.0,0.0,34503821.0
West Tripura(DISTRICT MAGISTRATE WEST TRIPURA_IDA),2025Q4,13,5.778151250383644,0.46153846153846156,0.0,345.0,0.0,0.0,13160840.0
West Tripura(DISTRICT MAGISTRATE WEST TRIPURA_IDA),2026Q1,12,6.176091259055681,0.8333333333333334,0.0,345.0,0.0,0.0,18064104.0
Y.S.R.(DISTRICT COLLECTOR CUDDAPAH_IDA),2023Q2,10,5.5057507889655595,0.4,0.6,929.0,0.0,0.0,3088482.0
Y.S.R.(DISTRICT COLLECTOR CUDDAPAH_IDA),2023Q3,77,5.6020599913279625,0.24675324675324675,0.6753246753246753,885.0,0.0,0.0,71216235.0
Y.S.R.(DISTRICT COLLECTOR CUDDAPAH_IDA),2023Q4,27,5.698944814525557,0.2962962962962963,0.5925925925925926,796.5,0.0,0.0,24310551.0
Y.S.R.(DISTRICT COLLECTOR CUDDAPAH_IDA),2024Q1,22,5.680813971027983,0.2727272727272727,0.5,713.0,0.0,0.0,61320899.0
Y.S.R.(DISTRICT COLLECTOR CUDDAPAH_IDA),2024Q3,25,5.697572805355414,0.28,0.68,477.0,0.0,0.0,61405950.0
Y.S.R.(DISTRICT COLLECTOR CUDDAPAH_IDA),2024Q4,72,5.692855287954364,0.2638888888888889,0.5416666666666666,467.0,0.027777777777777776,0.0,33747902.0
Y.S.R.(DISTRICT COLLECTOR CUDDAPAH_IDA),2025Q1,25,5.301029995663981,0.84,0.2,378.0,0.0,0.0,8829269.0
Y.S.R.(DISTRICT COLLECTOR CUDDAPAH_IDA),2025Q2,66,5.698116211274059,0.16666666666666666,0.6363636363636364,262.0,0.0,0.0,69508019.0
Y.S.R.(DISTRICT COLLECTOR CUDDAPAH_IDA),2025Q3,35,5.653212513775344,0.6285714285714286,0.14285714285714285,157.0,0.11428571428571428,0.0,53260281.0
Y.S.R.(DISTRICT COLLECTOR CUDDAPAH_IDA),2025Q4,30,5.694605198933568,0.5,0.1,101.0,0.0,0.0,36561749.0
Y.S.R.(DISTRICT COLLECTOR CUDDAPAH_IDA),2026Q1,114,5.6020599913279625,0.7105263157894737,0.017543859649122806,68.0,0.0,0.0,55485716.0
YADADRI BHUVANAGIRI(DISTRICT COLLECTOR YADADRI BHUVANAGIRI_IDA),2023Q4,174,5.021189299069938,0.3793103448275862,0.0,345.0,0.011494252873563218,0.0,37448000.0
YADADRI BHUVANAGIRI(DISTRICT COLLECTOR YADADRI BHUVANAGIRI_IDA),2024Q3,6,5.697229342759718,0.3333333333333333,0.0,345.0,0.0,0.0,2992000.0
YADADRI BHUVANAGIRI(DISTRICT COLLECTOR YADADRI BHUVANAGIRI_IDA),2024Q4,149,5.0,0.6308724832214765,0.0,345.0,0.026845637583892617,0.0,12950000.0
YADADRI BHUVANAGIRI(DISTRICT COLLECTOR YADADRI BHUVANAGIRI_IDA),2025Q1,3,5.698970004336019,1.0,0.0,345.0,0.0,0.0,1100000.0
YADADRI BHUVANAGIRI(DISTRICT COLLECTOR YADADRI BHUVANAGIRI_IDA),2025Q2,11,5.176091259055681,0.7272727272727273,0.0,345.0,0.0,0.0,2447000.0
YADADRI BHUVANAGIRI(DISTRICT COLLECTOR YADADRI BHUVANAGIRI_IDA),2025Q3,7,5.698970004336019,0.8571428571428571,0.0,345.0,0.0,0.0,3117075.0
YADADRI BHUVANAGIRI(DISTRICT COLLECTOR YADADRI BHUVANAGIRI_IDA),2025Q4,3,5.698970004336019,1.0,0.0,345.0,0.0,0.0,1400000.0
YADADRI BHUVANAGIRI(DISTRICT COLLECTOR YADADRI BHUVANAGIRI_IDA),2026Q1,8,5.698970004336019,1.0,0.0,345.0,0.0,0.0,4500000.0
YADGIR(Deputy Commsioner Yadgir_ida),2023Q3,48,5.698970004336019,1.0,0.0,345.0,0.0,0.0,24000000.0
YADGIR(Deputy Commsioner Yadgir_ida),2023Q4,55,5.698970004336019,0.9090909090909091,0.09090909090909091,117.0,0.0,0.0,27018341.0
YADGIR(Deputy Commsioner Yadgir_ida),2024Q1,26,5.698970004336019,0.9615384615384616,0.0,345.0,0.2692307692307692,0.0,23194452.0
YADGIR(Deputy Commsioner Yadgir_ida),2025Q1,11,5.698970004336019,1.0,0.0,345.0,0.0,0.0,9500000.0
YADGIR(Deputy Commsioner Yadgir_ida),2025Q2,7,6.0,1.0,0.0,345.0,0.0,0.0,7500000.0
YADGIR(Deputy Commsioner Yadgir_ida),2025Q3,12,5.903089986991944,1.0,0.0,345.0,0.9166666666666666,0.0,9600000.0
YADGIR(Deputy Commsioner Yadgir_ida),2026Q1,21,6.0,1.0,0.0,345.0,0.0,0.0,20500000.0
YAMUNANAGAR(Deputy Commissioner YamunaNagar_IDA),2023Q4,10,5.698970004336019,0.8,0.0,345.0,0.0,0.0,5261000.0
YAMUNANAGAR(Deputy Commissioner YamunaNagar_IDA),2024Q1,13,5.698970004336019,0.9230769230769231,0.0,345.0,0.0,0.0,6964000.0
YAMUNANAGAR(Deputy Commissioner YamunaNagar_IDA),2024Q4,16,5.3979400086720375,0.75,0.0,345.0,0.0,0.0,4036000.0
YAMUNANAGAR(Deputy Commissioner YamunaNagar_IDA),2025Q1,4,5.628388930050312,0.75,0.0,345.0,0.0,0.0,1635000.0
YAMUNANAGAR(Deputy Commissioner YamunaNagar_IDA),2025Q2,15,6.079181246047625,0.8666666666666667,0.0,345.0,0.26666666666666666,0.0,13936000.0
YAMUNANAGAR(Deputy Commissioner YamunaNagar_IDA),2025Q3,18,5.606381365110605,0.7222222222222222,0.0,345.0,0.0,0.0,11172000.0
YAMUNANAGAR(Deputy Commissioner YamunaNagar_IDA),2025Q4,3,5.683947130751513,0.6666666666666666,0.0,345.0,0.0,0.0,1383000.0
YAMUNANAGAR(Deputy Commissioner YamunaNagar_IDA),2026Q1,2,6.096910013008056,1.0,0.0,345.0,0.5,0.0,2500000.0
YAVATMAL(DISTRICT COLLECTOR YAVATMAL_IDA),2023Q4,41,5.990366385875968,0.024390243902439025,0.8780487804878049,712.0,0.926829268292683,0.0,31141112.0
YAVATMAL(DISTRICT COLLECTOR YAVATMAL_IDA),2024Q1,59,5.983305070054453,0.06779661016949153,0.8983050847457628,525.0,0.6440677966101694,0.0,48412228.0
YAVATMAL(DISTRICT COLLECTOR YAVATMAL_IDA),2024Q4,2,5.698970004336019,1.0,0.0,345.0,0.0,0.0,1000000.0
YAVATMAL(DISTRICT COLLECTOR YAVATMAL_IDA),2025Q1,88,5.6020599913279625,0.5227272727272727,0.3181818181818182,311.0,0.25,0.0,35935846.0
YAVATMAL(DISTRICT COLLECTOR YAVATMAL_IDA),2025Q2,2,5.996942906787461,0.0,1.0,297.5,0.0,0.0,1985971.0
YAVATMAL(DISTRICT COLLECTOR YAVATMAL_IDA),2025Q3,12,5.997107761104673,0.9166666666666666,0.08333333333333333,244.0,0.0,0.0,9386725.0
YAVATMAL(DISTRICT COLLECTOR YAVATMAL_IDA),2025Q4,39,5.988964525126768,0.7692307692307693,0.05128205128205128,152.5,0.0,0.0,35761735.0
YAVATMAL(DISTRICT COLLECTOR YAVATMAL_IDA),2026Q1,25,6.0,1.0,0.0,345.0,0.0,0.0,35550000.0
ZUNHEBOTO(Deputy Commissioner Zunheboto_IDA),2023Q3,3,6.0,1.0,1.0,183.0,1.0,0.0,4500000.0
