implementing_agency,change_period,shift_t,mix_js,change_score,n_periods,works_before,works_after,rs_before,rs_after,change_description
AMROHA(DISTRICT MAGISTRATE JYOTIBAPHULE NAGAR_IDA),2024Q4,4.762468425888701,1.0,0.9972084161893529,9,266,62,55432090.0,100481725.0,AMROHA(DISTRICT MAGISTRATE JYOTIBAPHULE NAGAR_IDA): behaviour shifts at 2024Q4 (archetype-mix JS 1.00); 89 works/quarter -> 10 works/quarter; median Rs.10^5.22 -> median Rs.10^6.10; 0% round-number amounts -> 1% round-number amounts; 32% repeated descriptions -> 0% repeated descriptions. Before/after shown for review — a change-point is not evidence of wrongdoing.
DAMOH(DISTRICT COLLECTOR DAMOH_IDA),2024Q3,4.160978144826565,0.9497197332929128,0.9854752718762617,8,96,139,33226484.0,38823120.0,DAMOH(DISTRICT COLLECTOR DAMOH_IDA): behaviour shifts at 2024Q3 (archetype-mix JS 0.95); 48 works/quarter -> 23 works/quarter; 82% round-number amounts -> 16% round-number amounts; 86% repeated descriptions -> 2% repeated descriptions. Before/after shown for review — a change-point is not evidence of wrongdoing.
BULANDSHAHR(DISTRICT MAGISTRATE BULANDSHAHR_IDA),2023Q4,3.77685856235409,0.8573941646134433,0.9389656910013012,9,347,285,74786328.7,213031325.0,BULANDSHAHR(DISTRICT MAGISTRATE BULANDSHAHR_IDA): behaviour shifts at 2023Q4 (archetype-mix JS 0.86); 174 works/quarter -> 41 works/quarter; 0% round-number amounts -> 4% round-number amounts; 12% repeated descriptions -> 6% repeated descriptions. Before/after shown for review — a change-point is not evidence of wrongdoing.
KAUSHAMBI(DISTRICT MAGISTRAE KAUSHAMBI_IDA),2024Q3,3.916174214385049,0.6838269835148236,0.9329929928702027,7,87,570,42648921.0,53169602.0,KAUSHAMBI(DISTRICT MAGISTRAE KAUSHAMBI_IDA): behaviour shifts at 2024Q3 (archetype-mix JS 0.68); 44 works/quarter -> 114 works/quarter; 16% round-number amounts -> 0% round-number amounts; 4% repeated descriptions -> 0% repeated descriptions. Before/after shown for review — a change-point is not evidence of wrongdoing.
KAPURTHALA(DEPUTY COMMISSIONER KAPURTHALA_IDA),2024Q4,4.431033758577867,0.5837771047873028,0.9288504045214127,9,149,103,54013971.0,54237377.0,KAPURTHALA(DEPUTY COMMISSIONER KAPURTHALA_IDA): behaviour shifts at 2024Q4 (archetype-mix JS 0.58); 37 works/quarter -> 21 works/quarter; 74% round-number amounts -> 28% round-number amounts; 24% repeated descriptions -> 52% repeated descriptions. Before/after shown for review — a change-point is not evidence of wrongdoing.
MADURAI(DISTRICT COLLECTOR MADURAI_IDA),2025Q4,4.073971377989797,0.6043445240887637,0.9286680066534179,9,692,36,615397898.0,15950000.0,MADURAI(DISTRICT COLLECTOR MADURAI_IDA): behaviour shifts at 2025Q4 (archetype-mix JS 0.60); 99 works/quarter -> 18 works/quarter; 30% round-number amounts -> 100% round-number amounts; 2% repeated descriptions -> 5% repeated descriptions. Before/after shown for review — a change-point is not evidence of wrongdoing.
GHAZIPUR(DISTRICT MAGISTRAE GHAZIPUR_IDA),2024Q3,3.75321723903512,0.8092405645274687,0.9279675878331514,9,53,707,56341681.0,287910092.0,GHAZIPUR(DISTRICT MAGISTRAE GHAZIPUR_IDA): behaviour shifts at 2024Q3 (archetype-mix JS 0.81); 26 works/quarter -> 101 works/quarter; 91% round-number amounts -> 27% round-number amounts. Before/after shown for review — a change-point is not evidence of wrongdoing.
BENGALURU RURAL(DEPUTY COMMISSIONER BANGALORE RURAL SBM URBAN),2024Q4,3.717159651089557,0.7648201168152609,0.9167995226852588,7,138,74,58950000.0,52626832.0,BENGALURU RURAL(DEPUTY COMMISSIONER BANGALORE RURAL SBM URBAN): behaviour shifts at 2024Q4 (archetype-mix JS 0.76); 69 works/quarter -> 15 works/quarter; 96% round-number amounts -> 79% round-number amounts; 79% repeated descriptions -> 0% repeated descriptions. Before/after shown for review — a change-point is not evidence of wrongdoing.
COIMBATORE(DISTRICT COLLECTOR COIMBATORE_IDA),2024Q3,4.840977834175501,0.5473466923302748,0.9149063183892499,10,184,99,175628364.0,169104393.0,COIMBATORE(DISTRICT COLLECTOR COIMBATORE_IDA): behaviour shifts at 2024Q3 (archetype-mix JS 0.55); 61 works/quarter -> 14 works/quarter; 22% round-number amounts -> 76% round-number amounts; 61% repeated descriptions -> 0% repeated descriptions. Before/after shown for review — a change-point is not evidence of wrongdoing.
West Tripura(DISTRICT MAGISTRATE WEST TRIPURA_IDA),2024Q4,3.9658835867292135,0.5942923881815576,0.9122475931660466,7,140,56,70753234.0,103152892.0,West Tripura(DISTRICT MAGISTRATE WEST TRIPURA_IDA): behaviour shifts at 2024Q4 (archetype-mix JS 0.59); 70 works/quarter -> 11 works/quarter; 18% round-number amounts -> 62% round-number amounts; 61% repeated descriptions -> 0% repeated descriptions. Before/after shown for review — a change-point is not evidence of wrongdoing.
ARVALLI(DISTRICT COLLECTOR ARVALLI_IDA),2024Q3,3.7853887388114558,0.6608018131734548,0.9084821428571429,10,109,147,30594566.0,58587290.0,ARVALLI(DISTRICT COLLECTOR ARVALLI_IDA): behaviour shifts at 2024Q3 (archetype-mix JS 0.66); 36 works/quarter -> 21 works/quarter; 72% round-number amounts -> 96% round-number amounts; 0% repeated descriptions -> 3% repeated descriptions. Before/after shown for review — a change-point is not evidence of wrongdoing.
KURNOOL(DISTRICT COLLECTOR KURNOOL_IDA),2025Q3,3.553519516989729,0.8679566115889206,0.9032514387870735,6,515,23,154641033.0,23531051.0,KURNOOL(DISTRICT COLLECTOR KURNOOL_IDA): behaviour shifts at 2025Q3 (archetype-mix JS 0.87); 129 works/quarter -> 12 works/quarter; 38% round-number amounts -> 92% round-number amounts; 1% repeated descriptions -> 0% repeated descriptions. Before/after shown for review — a change-point is not evidence of wrongdoing.
TUMAKURU(DEPUTY COMMISSIONER TUMKUR_IDA),2024Q3,4.04142497285461,0.5513899743380372,0.9030500772184706,9,292,206,143890797.0,157279000.0,TUMAKURU(DEPUTY COMMISSIONER TUMKUR_IDA): behaviour shifts at 2024Q3 (archetype-mix JS 0.55); 146 works/quarter -> 29 works/quarter; 72% repeated descriptions -> 4% repeated descriptions. Before/after shown for review — a change-point is not evidence of wrongdoing.
ADILABAD(DISTRICT COLLECTOR ADILABAD_IDA),2023Q3,4.256862559542804,0.5179325969420461,0.8965604004517282,12,45,429,6301751.0,141989156.0,ADILABAD(DISTRICT COLLECTOR ADILABAD_IDA): behaviour shifts at 2023Q3 (archetype-mix JS 0.52); 11 works/quarter -> 54 works/quarter; 16% round-number amounts -> 76% round-number amounts. Before/after shown for review — a change-point is not evidence of wrongdoing.
SEONI(District Collector Seoni_IDA),2024Q4,3.5728589088308946,0.6609358240814505,0.8765929377832271,8,220,98,33300525.2,65371491.0,SEONI(District Collector Seoni_IDA): behaviour shifts at 2024Q4 (archetype-mix JS 0.66); 73 works/quarter -> 20 works/quarter; median Rs.10^5.00 -> median Rs.10^5.83; 51% round-number amounts -> 82% round-number amounts; 48% repeated descriptions -> 2% repeated descriptions. Before/after shown for review — a change-point is not evidence of wrongdoing.
SAGAR(DISTRICT COLLECTOR SAGAR_IDA),2024Q4,3.5210344351741663,0.703930875864333,0.8750028471163592,9,172,172,61062342.0,95577025.0,SAGAR(DISTRICT COLLECTOR SAGAR_IDA): behaviour shifts at 2024Q4 (archetype-mix JS 0.70); 57 works/quarter -> 29 works/quarter; 70% repeated descriptions -> 8% repeated descriptions. Before/after shown for review — a change-point is not evidence of wrongdoing.
BEED(DISTRICT COLLECTOR BEED_IDA),2024Q4,3.8515060125696245,0.5243889384135816,0.8721710829643365,9,154,122,118069959.0,139960448.0,BEED(DISTRICT COLLECTOR BEED_IDA): behaviour shifts at 2024Q4 (archetype-mix JS 0.52); 51 works/quarter -> 20 works/quarter; 2% round-number amounts -> 90% round-number amounts; 0% repeated descriptions -> 27% repeated descriptions. Before/after shown for review — a change-point is not evidence of wrongdoing.
YAVATMAL(DISTRICT COLLECTOR YAVATMAL_IDA),2025Q3,3.7224361774060477,0.5662376001400669,0.8692584494344966,6,188,76,115489186.0,80698460.0,YAVATMAL(DISTRICT COLLECTOR YAVATMAL_IDA): behaviour shifts at 2025Q3 (archetype-mix JS 0.57); 63 works/quarter -> 25 works/quarter; 20% round-number amounts -> 90% round-number amounts; 61% repeated descriptions -> 0% repeated descriptions. Before/after shown for review — a change-point is not evidence of wrongdoing.
SABAR KANTHA(DISTRICT COLLECTOR SABARKANTHA_IDA),2024Q4,4.034488154033282,0.48959609817083294,0.8691953967636403,10,495,253,131874712.0,95361253.0,SABAR KANTHA(DISTRICT COLLECTOR SABARKANTHA_IDA): behaviour shifts at 2024Q4 (archetype-mix JS 0.49); 124 works/quarter -> 42 works/quarter; 48% round-number amounts -> 95% round-number amounts. Before/after shown for review — a change-point is not evidence of wrongdoing.
GAYA(DISTRICT PLANNING OFFICER GAYA_IDA),2025Q2,3.4694160346556258,0.7569821488736652,0.8645772503064426,10,458,173,199125631.0,85248250.0,GAYA(DISTRICT PLANNING OFFICER GAYA_IDA): behaviour shifts at 2025Q2 (archetype-mix JS 0.76); 76 works/quarter -> 43 works/quarter; 2% round-number amounts -> 61% round-number amounts; 34% repeated descriptions -> 0% repeated descriptions. Before/after shown for review — a change-point is not evidence of wrongdoing.
MANDSAUR(DISTRICT COLLECTOR MANDSAUR_IDA),2024Q3,4.023913758948225,0.4836454610192876,0.8609823789647237,10,457,130,65882235.0,63332246.0,MANDSAUR(DISTRICT COLLECTOR MANDSAUR_IDA): behaviour shifts at 2024Q3 (archetype-mix JS 0.48); 152 works/quarter -> 19 works/quarter; 51% round-number amounts -> 96% round-number amounts. Before/after shown for review — a change-point is not evidence of wrongdoing.
HAPUR(DISTRICT MAGISTRATE HAPUR_IDA),2024Q4,3.4323391761985307,0.812085297165846,0.85923294280422,7,98,62,36153391.0,44086447.0,HAPUR(DISTRICT MAGISTRATE HAPUR_IDA): behaviour shifts at 2024Q4 (archetype-mix JS 0.81); 33 works/quarter -> 16 works/quarter; 0% round-number amounts -> 3% round-number amounts; 23% repeated descriptions -> 0% repeated descriptions. Before/after shown for review — a change-point is not evidence of wrongdoing.
YADGIR(Deputy Commsioner Yadgir_ida),2025Q1,3.501778747271772,0.6684359121475171,0.8588907494642762,7,129,51,74212793.0,47100000.0,YADGIR(Deputy Commsioner Yadgir_ida): behaviour shifts at 2025Q1 (archetype-mix JS 0.67); 43 works/quarter -> 13 works/quarter; 9% repeated descriptions -> 23% repeated descriptions. Before/after shown for review — a change-point is not evidence of wrongdoing.
SEHORE(DISTRICT COLLECTOR SEHORE_IDA),2025Q1,3.732096901715857,0.5333207012384764,0.8565730062586728,6,204,46,62126708.0,31821860.0,SEHORE(DISTRICT COLLECTOR SEHORE_IDA): behaviour shifts at 2025Q1 (archetype-mix JS 0.53); 68 works/quarter -> 15 works/quarter; 61% round-number amounts -> 92% round-number amounts; 50% repeated descriptions -> 20% repeated descriptions. Before/after shown for review — a change-point is not evidence of wrongdoing.
DINDORI(District Collector Dindori_IDA),2025Q1,3.4337069469713355,0.7840355574934138,0.8554904086462422,6,35,71,18839168.0,26859309.0,DINDORI(District Collector Dindori_IDA): behaviour shifts at 2025Q1 (archetype-mix JS 0.78); 9 works/quarter -> 36 works/quarter; 83% round-number amounts -> 33% round-number amounts. Before/after shown for review — a change-point is not evidence of wrongdoing.
NALGONDA(DISTRICT COLLECTOR NALGONDA),2025Q3,3.6342052053685943,0.5550112632858581,0.8548640886203813,7,228,71,61402924.1,32016219.0,NALGONDA(DISTRICT COLLECTOR NALGONDA): behaviour shifts at 2025Q3 (archetype-mix JS 0.56); 57 works/quarter -> 24 works/quarter; 39% round-number amounts -> 78% round-number amounts; 0% repeated descriptions -> 0% repeated descriptions. Before/after shown for review — a change-point is not evidence of wrongdoing.
SULTANPUR(DISTRICT MAGISTRATE SULTANPUR_IDA),2024Q4,3.3687257300323323,0.941986683135227,0.8547475133297361,6,85,38,74732000.0,116115286.0,SULTANPUR(DISTRICT MAGISTRATE SULTANPUR_IDA): behaviour shifts at 2024Q4 (archetype-mix JS 0.94); 42 works/quarter -> 10 works/quarter; 33% round-number amounts -> 73% round-number amounts. Before/after shown for review — a change-point is not evidence of wrongdoing.
BETUL(DISTRICT COLLECTOR BETUL_IDA),2023Q4,3.4639518708956403,0.6765976438501216,0.8490127820484404,14,125,376,20861760.0,104097119.0,BETUL(DISTRICT COLLECTOR BETUL_IDA): behaviour shifts at 2023Q4 (archetype-mix JS 0.68); 16 works/quarter -> 63 works/quarter; 58% round-number amounts -> 47% round-number amounts; 5% repeated descriptions -> 22% repeated descriptions. Before/after shown for review — a change-point is not evidence of wrongdoing.
HARDOI(DISTRICT MAGISTRATE HARDOI_IDA),2024Q3,3.797902167881352,0.4869149391858722,0.8433276768089251,6,39,20,111081775.0,92820510.0,HARDOI(DISTRICT MAGISTRATE HARDOI_IDA): behaviour shifts at 2024Q3 (archetype-mix JS 0.49); 13 works/quarter -> 7 works/quarter; 49% round-number amounts -> 10% round-number amounts; 0% repeated descriptions -> 33% repeated descriptions. Before/after shown for review — a change-point is not evidence of wrongdoing.
JODHPUR(DISTRICT COLLECTOR JODHPUR IDA),2025Q1,3.57807770981369,0.5241321469822958,0.8346304212350639,6,154,38,105687058.0,58059385.0,JODHPUR(DISTRICT COLLECTOR JODHPUR IDA): behaviour shifts at 2025Q1 (archetype-mix JS 0.52); 77 works/quarter -> 10 works/quarter; 42% round-number amounts -> 81% round-number amounts; 1% repeated descriptions -> 0% repeated descriptions. Before/after shown for review — a change-point is not evidence of wrongdoing.
MANSA(DEPUTY COMMISSIONER MANSA_IDA),2025Q3,3.7961210242783454,0.47190866653850544,0.8313645962131986,7,213,38,66650482.72,7494626.0,MANSA(DEPUTY COMMISSIONER MANSA_IDA): behaviour shifts at 2025Q3 (archetype-mix JS 0.47); 43 works/quarter -> 19 works/quarter; 39% round-number amounts -> 86% round-number amounts. Before/after shown for review — a change-point is not evidence of wrongdoing.
UJJAIN(DISTRICT COLLECTOR UJJAIN_IDA),2025Q3,3.843068471200413,0.46813051916652026,0.8310349096433425,8,455,126,145224017.8,108958953.0,UJJAIN(DISTRICT COLLECTOR UJJAIN_IDA): behaviour shifts at 2025Q3 (archetype-mix JS 0.47); 91 works/quarter -> 42 works/quarter; 52% round-number amounts -> 95% round-number amounts; 35% repeated descriptions -> 0% repeated descriptions. Before/after shown for review — a change-point is not evidence of wrongdoing.
BHOPAL(DISTRICT COLLECTOR BHOPAL_IDA),2024Q4,3.839972766931063,0.46228487944783764,0.8262969571237938,8,188,107,86185685.0,118072000.0,BHOPAL(DISTRICT COLLECTOR BHOPAL_IDA): behaviour shifts at 2024Q4 (archetype-mix JS 0.46); 94 works/quarter -> 18 works/quarter; 52% round-number amounts -> 91% round-number amounts; 24% repeated descriptions -> 6% repeated descriptions. Before/after shown for review — a change-point is not evidence of wrongdoing.
GURDASPUR(DEPUTY COMMISSIONER GURDASPUR_IDA),2024Q1,3.799460813247189,0.4602116423192502,0.821052417756675,8,154,188,42176937.0,137518365.0,GURDASPUR(DEPUTY COMMISSIONER GURDASPUR_IDA): behaviour shifts at 2024Q1 (archetype-mix JS 0.46); 77 works/quarter -> 31 works/quarter; 10% round-number amounts -> 71% round-number amounts. Before/after shown for review — a change-point is not evidence of wrongdoing.
BHANDARA(DISTRICT COLLECTOR BHANDARA_IDA),2025Q2,3.4402792555158355,0.5821872446782324,0.8189074762873934,6,154,34,98105041.0,44848794.0,BHANDARA(DISTRICT COLLECTOR BHANDARA_IDA): behaviour shifts at 2025Q2 (archetype-mix JS 0.58); 77 works/quarter -> 8 works/quarter; 54% round-number amounts -> 98% round-number amounts; 57% repeated descriptions -> 40% repeated descriptions. Before/after shown for review — a change-point is not evidence of wrongdoing.
KENDRAPARA(DISTRICT COLLECTOR KENDRAPARA_IDA),2024Q4,3.5212680152210845,0.5134745195504418,0.8124877353862403,7,82,93,71831538.0,85800000.0,KENDRAPARA(DISTRICT COLLECTOR KENDRAPARA_IDA): behaviour shifts at 2024Q4 (archetype-mix JS 0.51); 41 works/quarter -> 19 works/quarter; 42% round-number amounts -> 93% round-number amounts; 0% repeated descriptions -> 6% repeated descriptions. Before/after shown for review — a change-point is not evidence of wrongdoing.
EAST(COMMISSIONER EAST),2025Q2,3.783916617461284,0.4496579390981643,0.8108241645960345,7,43,85,50035986.0,50069715.0,EAST(COMMISSIONER EAST): behaviour shifts at 2025Q2 (archetype-mix JS 0.45); 11 works/quarter -> 28 works/quarter; 11% round-number amounts -> 0% round-number amounts; 11% repeated descriptions -> 84% repeated descriptions. Before/after shown for review — a change-point is not evidence of wrongdoing.
BALANGIR(DISTRICT COLLECTOR BOLANGIR_IDA),2024Q1,3.352443673275956,0.628235725875344,0.810304751226163,6,369,151,79671232.0,51400000.0,BALANGIR(DISTRICT COLLECTOR BOLANGIR_IDA): behaviour shifts at 2024Q1 (archetype-mix JS 0.63); 184 works/quarter -> 38 works/quarter; 0% repeated descriptions -> 0% repeated descriptions. Before/after shown for review — a change-point is not evidence of wrongdoing.
RAJANNA SIRCILLA(DISTRICT COLLECTOR RAJANNA SIRCILLA_IDA),2025Q1,3.3077336687887025,0.6942748761603621,0.8093049424017614,7,181,107,64115838.0,23025000.0,RAJANNA SIRCILLA(DISTRICT COLLECTOR RAJANNA SIRCILLA_IDA): behaviour shifts at 2025Q1 (archetype-mix JS 0.69); 60 works/quarter -> 27 works/quarter; 0% repeated descriptions -> 0% repeated descriptions. Before/after shown for review — a change-point is not evidence of wrongdoing.
KOLAR(DEPUTY COMMISSIONER KOLAR_IDA),2024Q4,3.99622511530415,0.42388050037502645,0.807421950206966,6,156,62,76998000.0,31427000.0,KOLAR(DEPUTY COMMISSIONER KOLAR_IDA): behaviour shifts at 2024Q4 (archetype-mix JS 0.42); 78 works/quarter -> 16 works/quarter; 19% round-number amounts -> 37% round-number amounts; 5% repeated descriptions -> 0% repeated descriptions. Before/after shown for review — a change-point is not evidence of wrongdoing.
DINDIGUL(DISTRICT COLLECTOR DINDIGUL_IDA),2024Q3,3.5990730774490585,0.47114464246569343,0.8052128572841558,8,163,101,111476433.0,122692331.0,DINDIGUL(DISTRICT COLLECTOR DINDIGUL_IDA): behaviour shifts at 2024Q3 (archetype-mix JS 0.47); 82 works/quarter -> 17 works/quarter; 34% round-number amounts -> 67% round-number amounts. Before/after shown for review — a change-point is not evidence of wrongdoing.
AJMER(DISTRICT COLLECTOR AJMER_IDA),2025Q1,3.437804103218687,0.5507066773920204,0.8050117300530217,8,201,92,92190123.0,61058167.0,AJMER(DISTRICT COLLECTOR AJMER_IDA): behaviour shifts at 2025Q1 (archetype-mix JS 0.55); 67 works/quarter -> 18 works/quarter; 18% round-number amounts -> 37% round-number amounts; 0% repeated descriptions -> 6% repeated descriptions. Before/after shown for review — a change-point is not evidence of wrongdoing.
JAUNPUR(DISTRICT MAGISTRATE JAUNPUR_IDA),2025Q4,3.92219969262591,0.42454243049103885,0.804380173381394,10,2703,50,390449606.64,61000724.0,JAUNPUR(DISTRICT MAGISTRATE JAUNPUR_IDA): behaviour shifts at 2025Q4 (archetype-mix JS 0.42); 338 works/quarter -> 25 works/quarter; median Rs.10^4.75 -> median Rs.10^5.74; 2% round-number amounts -> 27% round-number amounts; 27% repeated descriptions -> 0% repeated descriptions. Before/after shown for review — a change-point is not evidence of wrongdoing.
GAUTAM BUDDHA NAGAR(DISTRICT MAGISTRATE GAUTAMBUDHNAGAR),2025Q4,3.2738703554145623,0.7007263731010335,0.7983086593299765,8,238,22,224722326.28,27879421.0,GAUTAM BUDDHA NAGAR(DISTRICT MAGISTRATE GAUTAMBUDHNAGAR): behaviour shifts at 2025Q4 (archetype-mix JS 0.70); 40 works/quarter -> 11 works/quarter; 3% round-number amounts -> 5% round-number amounts; 1% repeated descriptions -> 45% repeated descriptions. Before/after shown for review — a change-point is not evidence of wrongdoing.
DHARMAPURI(DISTRICT COLLECTOR DHARMAPURI_IDA),2025Q3,3.7464846999286574,0.4461114632463116,0.7973469240844532,7,142,135,108673862.0,74760601.0,DHARMAPURI(DISTRICT COLLECTOR DHARMAPURI_IDA): behaviour shifts at 2025Q3 (archetype-mix JS 0.45); 28 works/quarter -> 68 works/quarter; 36% round-number amounts -> 93% round-number amounts; 0% repeated descriptions -> 4% repeated descriptions. Before/after shown for review — a change-point is not evidence of wrongdoing.
BAGHPAT(DISTRICT MAGISTRATE BAGHPAT_IDA),2024Q1,3.339740165400753,0.5587944164367804,0.7842544270691438,8,61,87,76266197.0,82810435.0,BAGHPAT(DISTRICT MAGISTRATE BAGHPAT_IDA): behaviour shifts at 2024Q1 (archetype-mix JS 0.56); 30 works/quarter -> 14 works/quarter; 6% round-number amounts -> 21% round-number amounts; 2% repeated descriptions -> 0% repeated descriptions. Before/after shown for review — a change-point is not evidence of wrongdoing.
RAMANAGARA(DEPUTY COMMISSIONER RAMANAGARA_IDA),2024Q3,3.2401671731820736,0.702092859276124,0.7834344460451047,8,55,153,58397229.0,77095401.0,RAMANAGARA(DEPUTY COMMISSIONER RAMANAGARA_IDA): behaviour shifts at 2024Q3 (archetype-mix JS 0.70); 97% round-number amounts -> 81% round-number amounts; 44% repeated descriptions -> 0% repeated descriptions. Before/after shown for review — a change-point is not evidence of wrongdoing.
FARIDKOT(DEPUTY COMMISSIONER FARIDKOT_IDA),2024Q1,3.9642238836414867,0.4085068794512092,0.7800117738514841,9,37,305,14556856.0,81942124.0,FARIDKOT(DEPUTY COMMISSIONER FARIDKOT_IDA): behaviour shifts at 2024Q1 (archetype-mix JS 0.41); 18 works/quarter -> 44 works/quarter; 18% round-number amounts -> 73% round-number amounts; 16% repeated descriptions -> 42% repeated descriptions. Before/after shown for review — a change-point is not evidence of wrongdoing.
KARUR(DISTRICT COLLECTOR KARUR_IDA),2025Q3,3.505800959388658,0.4689310755239302,0.7783908139536649,8,154,20,79848766.0,25662385.0,KARUR(DISTRICT COLLECTOR KARUR_IDA): behaviour shifts at 2025Q3 (archetype-mix JS 0.47); 31 works/quarter -> 7 works/quarter; 41% round-number amounts -> 85% round-number amounts. Before/after shown for review — a change-point is not evidence of wrongdoing.
NEEMUCH(District Collector Neemuch_IDA),2024Q3,3.472439182988092,0.4733180475019255,0.7766285503980441,6,227,83,29493286.0,9944846.0,NEEMUCH(District Collector Neemuch_IDA): behaviour shifts at 2024Q3 (archetype-mix JS 0.47); 76 works/quarter -> 28 works/quarter; 50% round-number amounts -> 99% round-number amounts; 70% repeated descriptions -> 89% repeated descriptions. Before/after shown for review — a change-point is not evidence of wrongdoing.
SANGLI(DISTRICT COLLECTOR SANGLI_IDA),2025Q1,3.576892571236337,0.42594797646911314,0.7626353802534247,7,180,88,129952170.0,91674395.0,SANGLI(DISTRICT COLLECTOR SANGLI_IDA): behaviour shifts at 2025Q1 (archetype-mix JS 0.43); 60 works/quarter -> 22 works/quarter; 40% round-number amounts -> 84% round-number amounts; 0% repeated descriptions -> 1% repeated descriptions. Before/after shown for review — a change-point is not evidence of wrongdoing.
SURAJPUR(DISTRICT COLLECTOR Surajpur_IDA),2025Q4,3.1617318220853363,0.7024340910486409,0.757219714764857,6,161,17,47212456.0,9743991.0,SURAJPUR(DISTRICT COLLECTOR Surajpur_IDA): behaviour shifts at 2025Q4 (archetype-mix JS 0.70); 40 works/quarter -> 8 works/quarter; 8% round-number amounts -> 82% round-number amounts. Before/after shown for review — a change-point is not evidence of wrongdoing.
JAGATSINGHAPUR(DISTRICT COLLECTOR JAGATSINGHPUR_IDA),2025Q1,3.2538971721633176,0.5779792159692168,0.7570486169450198,7,252,144,64474123.0,59750000.0,JAGATSINGHAPUR(DISTRICT COLLECTOR JAGATSINGHPUR_IDA): behaviour shifts at 2025Q1 (archetype-mix JS 0.58); 126 works/quarter -> 29 works/quarter; 0% repeated descriptions -> 17% repeated descriptions. Before/after shown for review — a change-point is not evidence of wrongdoing.
KRISHNA(DISTRICT COLLECTOR KRISHNA_IDA),2025Q1,3.577494158969602,0.42181482476894183,0.7559058765457698,9,120,38,91086703.0,39290869.0,KRISHNA(DISTRICT COLLECTOR KRISHNA_IDA): behaviour shifts at 2025Q1 (archetype-mix JS 0.42); 30 works/quarter -> 8 works/quarter; 27% round-number amounts -> 90% round-number amounts. Before/after shown for review — a change-point is not evidence of wrongdoing.
RATLAM(District Collector Ratlam_IDA),2025Q3,3.834823423851815,0.39106492289195277,0.7508830367117295,8,153,31,67130497.0,26150000.0,RATLAM(District Collector Ratlam_IDA): behaviour shifts at 2025Q3 (archetype-mix JS 0.39); 31 works/quarter -> 10 works/quarter; 71% round-number amounts -> 100% round-number amounts; 36% repeated descriptions -> 2% repeated descriptions. Before/after shown for review — a change-point is not evidence of wrongdoing.
DHUBRI(DEPUTY COMMISSIONER DHUBRI_IDA),2024Q3,3.3258083398403686,0.4777628122422607,0.7428979212708644,9,55,85,28723800.0,39796429.0,DHUBRI(DEPUTY COMMISSIONER DHUBRI_IDA): behaviour shifts at 2024Q3 (archetype-mix JS 0.48); 28 works/quarter -> 12 works/quarter; 0% round-number amounts -> 88% round-number amounts. Before/after shown for review — a change-point is not evidence of wrongdoing.
MAHABUBNAGAR(DISTRICT COLLECTOR MAHABUBNAGAR_3),2024Q4,3.5694397354039817,0.4085575240293128,0.7367863688886366,7,192,109,95109795.0,38196919.0,MAHABUBNAGAR(DISTRICT COLLECTOR MAHABUBNAGAR_3): behaviour shifts at 2024Q4 (archetype-mix JS 0.41); 96 works/quarter -> 22 works/quarter; 98% round-number amounts -> 52% round-number amounts; 1% repeated descriptions -> 3% repeated descriptions. Before/after shown for review — a change-point is not evidence of wrongdoing.
UDAIPUR(DISTRICT COLLECTOR UDAIPUR_IDA),2025Q2,3.3764267278588465,0.453104247475111,0.7365767039165378,6,70,42,69775049.0,16820000.0,UDAIPUR(DISTRICT COLLECTOR UDAIPUR_IDA): behaviour shifts at 2025Q2 (archetype-mix JS 0.45); 35 works/quarter -> 10 works/quarter; 39% round-number amounts -> 85% round-number amounts; 0% repeated descriptions -> 11% repeated descriptions. Before/after shown for review — a change-point is not evidence of wrongdoing.
THANJAVUR(DISTRICT COLLECTOR THANJAVUR_IDA),2024Q3,3.545576980085381,0.4124728167854146,0.7359405804454789,8,82,114,160498742.0,135701009.0,THANJAVUR(DISTRICT COLLECTOR THANJAVUR_IDA): behaviour shifts at 2024Q3 (archetype-mix JS 0.41); 41 works/quarter -> 19 works/quarter; 16% round-number amounts -> 57% round-number amounts; 2% repeated descriptions -> 0% repeated descriptions. Before/after shown for review — a change-point is not evidence of wrongdoing.
CHHINDWARA(DISTRICT COLLECTOR CHHINDWARA_IDA),2024Q4,3.1970041048098174,0.5689744805722694,0.7348768910244319,9,663,404,70917770.0,75274130.0,CHHINDWARA(DISTRICT COLLECTOR CHHINDWARA_IDA): behaviour shifts at 2024Q4 (archetype-mix JS 0.57); 221 works/quarter -> 67 works/quarter; 13% repeated descriptions -> 0% repeated descriptions. Before/after shown for review — a change-point is not evidence of wrongdoing.
PURBI CHAMPARAN(DISTRICT PLANNING OFFICER MOTHIHARI EAST CHAMPARAN_IDA),2024Q3,3.7755346927509668,0.38480804954544173,0.7322007000234266,10,255,253,193119503.0,279764276.0,PURBI CHAMPARAN(DISTRICT PLANNING OFFICER MOTHIHARI EAST CHAMPARAN_IDA): behaviour shifts at 2024Q3 (archetype-mix JS 0.38); 85 works/quarter -> 36 works/quarter; 0% round-number amounts -> 17% round-number amounts; 0% repeated descriptions -> 2% repeated descriptions. Before/after shown for review — a change-point is not evidence of wrongdoing.
PALGHAR(DISTRICT COLLECTOR PALGHAR_IDA),2025Q3,3.273573461171342,0.48935764659528946,0.7292995202100241,6,90,77,96320098.0,73750000.0,PALGHAR(DISTRICT COLLECTOR PALGHAR_IDA): behaviour shifts at 2025Q3 (archetype-mix JS 0.49); 31% round-number amounts -> 100% round-number amounts; 6% repeated descriptions -> 0% repeated descriptions. Before/after shown for review — a change-point is not evidence of wrongdoing.
MORENA(DISTRICT COLLECTOR MORENA_IDA),2024Q4,3.0980598767906837,0.6466351925853404,0.7224284752040954,6,158,24,82590002.0,29196000.0,MORENA(DISTRICT COLLECTOR MORENA_IDA): behaviour shifts at 2024Q4 (archetype-mix JS 0.65); 53 works/quarter -> 8 works/quarter; 29% repeated descriptions -> 0% repeated descriptions. Before/after shown for review — a change-point is not evidence of wrongdoing.
PALI(DISTRICT COLLECTOR PALI_IDA),2025Q1,3.588679463876068,0.3867945113474145,0.7177996712068722,7,126,83,65159148.0,70412092.0,PALI(DISTRICT COLLECTOR PALI_IDA): behaviour shifts at 2025Q1 (archetype-mix JS 0.39); 63 works/quarter -> 17 works/quarter; 12% round-number amounts -> 83% round-number amounts; 0% repeated descriptions -> 5% repeated descriptions. Before/after shown for review — a change-point is not evidence of wrongdoing.
SIVASAGAR(Deputy Commissioner Sivsagar_IDA),2024Q4,3.480209731524797,0.40709917709953636,0.7164900417386932,8,63,260,34359042.09,83646628.0,SIVASAGAR(Deputy Commissioner Sivsagar_IDA): behaviour shifts at 2024Q4 (archetype-mix JS 0.41); 32 works/quarter -> 43 works/quarter; 78% round-number amounts -> 98% round-number amounts. Before/after shown for review — a change-point is not evidence of wrongdoing.
RAISEN(DISTRICT COLLECTOR RAISEN_IDA),2025Q1,3.3929277534968274,0.4240678917731153,0.7157351365653958,9,223,82,54269184.0,33870000.0,RAISEN(DISTRICT COLLECTOR RAISEN_IDA): behaviour shifts at 2025Q1 (archetype-mix JS 0.42); 56 works/quarter -> 16 works/quarter; 68% round-number amounts -> 100% round-number amounts; 9% repeated descriptions -> 13% repeated descriptions. Before/after shown for review — a change-point is not evidence of wrongdoing.
AMRELI(DISTRICT COLLECTOR AMRELI_IDA),2024Q4,4.130414148330743,0.3516926867662252,0.7146065127832554,8,189,288,48876724.0,128500148.0,AMRELI(DISTRICT COLLECTOR AMRELI_IDA): behaviour shifts at 2024Q4 (archetype-mix JS 0.35); 94 works/quarter -> 48 works/quarter; 50% round-number amounts -> 87% round-number amounts; 22% repeated descriptions -> 0% repeated descriptions. Before/after shown for review — a change-point is not evidence of wrongdoing.
Dharashiv(DISTRICT COLLECTOR OSMANABAD_IDA),2024Q4,4.2434473345991455,0.34968896602608646,0.7093474664260104,8,168,105,90937176.0,73014729.0,Dharashiv(DISTRICT COLLECTOR OSMANABAD_IDA): behaviour shifts at 2024Q4 (archetype-mix JS 0.35); 84 works/quarter -> 18 works/quarter; 12% round-number amounts -> 86% round-number amounts; 9% repeated descriptions -> 0% repeated descriptions. Before/after shown for review — a change-point is not evidence of wrongdoing.
BHARATPUR(DISTRICT COLLECTOR BHARATPUR_IDA),2024Q3,3.1132752463404514,0.5765902120673678,0.7089294148069831,8,153,95,77963892.0,51717266.0,BHARATPUR(DISTRICT COLLECTOR BHARATPUR_IDA): behaviour shifts at 2024Q3 (archetype-mix JS 0.58); 51 works/quarter -> 19 works/quarter; 57% round-number amounts -> 70% round-number amounts; 39% repeated descriptions -> 10% repeated descriptions. Before/after shown for review — a change-point is not evidence of wrongdoing.
KOTA(DISTRICT COLLECTOR KOTA_IDA),2024Q3,3.2814538473898915,0.4479942563169307,0.7007648882267351,7,190,28,88795335.50999999,28897493.0,KOTA(DISTRICT COLLECTOR KOTA_IDA): behaviour shifts at 2024Q3 (archetype-mix JS 0.45); 63 works/quarter -> 7 works/quarter; 25% round-number amounts -> 64% round-number amounts. Before/after shown for review — a change-point is not evidence of wrongdoing.
YADADRI BHUVANAGIRI(DISTRICT COLLECTOR YADADRI BHUVANAGIRI_IDA),2025Q2,3.3098104586281947,0.4294689628601394,0.6997331739087174,6,329,26,53390000.0,10064075.0,YADADRI BHUVANAGIRI(DISTRICT COLLECTOR YADADRI BHUVANAGIRI_IDA): behaviour shifts at 2025Q2 (archetype-mix JS 0.43); 110 works/quarter -> 9 works/quarter; 45% round-number amounts -> 86% round-number amounts; 1% repeated descriptions -> 0% repeated descriptions. Before/after shown for review — a change-point is not evidence of wrongdoing.
BUDAUN(DISTRICT MAGISTRATE BUDAUN_IDA),2025Q2,3.9959385816348307,0.34923789753966117,0.6972865593989084,8,588,60,205781503.57,139733147.0,BUDAUN(DISTRICT MAGISTRATE BUDAUN_IDA): behaviour shifts at 2025Q2 (archetype-mix JS 0.35); 147 works/quarter -> 15 works/quarter; median Rs.10^5.22 -> median Rs.10^6.13; 3% round-number amounts -> 2% round-number amounts; 38% repeated descriptions -> 9% repeated descriptions. Before/after shown for review — a change-point is not evidence of wrongdoing.
Alluri Sitharama Raju(DISTRICT COLLECTOR ALLURI SITHARAMARAJU_IDA),2024Q4,3.0168370511140847,0.7212820880297238,0.6970578658672082,6,134,67,58965338.0,72618400.0,Alluri Sitharama Raju(DISTRICT COLLECTOR ALLURI SITHARAMARAJU_IDA): behaviour shifts at 2024Q4 (archetype-mix JS 0.72); 67 works/quarter -> 17 works/quarter; 57% round-number amounts -> 80% round-number amounts; 0% repeated descriptions -> 18% repeated descriptions. Before/after shown for review — a change-point is not evidence of wrongdoing.
MUNGER(DISTRICT PLANNING OFFICER MUNGER_IDA),2024Q4,2.9729550787129893,0.953132554518193,0.6968255221750935,6,144,37,57167048.0,20482887.0,MUNGER(DISTRICT PLANNING OFFICER MUNGER_IDA): behaviour shifts at 2024Q4 (archetype-mix JS 0.95); 48 works/quarter -> 12 works/quarter; 9% round-number amounts -> 33% round-number amounts; 0% repeated descriptions -> 93% repeated descriptions. Before/after shown for review — a change-point is not evidence of wrongdoing.
TENKASI(DISTRICT COLLECTOR TENKASI_IDA),2024Q3,3.182960750554697,0.4837404946516396,0.6945265062766995,8,168,111,102293901.0,130432138.0,TENKASI(DISTRICT COLLECTOR TENKASI_IDA): behaviour shifts at 2024Q3 (archetype-mix JS 0.48); 84 works/quarter -> 18 works/quarter; 16% round-number amounts -> 14% round-number amounts; 3% repeated descriptions -> 1% repeated descriptions. Before/after shown for review — a change-point is not evidence of wrongdoing.
SOLAPUR(DISTRICT COLLECTOR SOLAPUR_IDA),2025Q2,3.1506976709992123,0.5029296412515001,0.6939774861445508,9,816,151,232060166.0,86573171.0,SOLAPUR(DISTRICT COLLECTOR SOLAPUR_IDA): behaviour shifts at 2025Q2 (archetype-mix JS 0.50); 163 works/quarter -> 38 works/quarter; 17% round-number amounts -> 57% round-number amounts; 1% repeated descriptions -> 5% repeated descriptions. Before/after shown for review — a change-point is not evidence of wrongdoing.
CHITRADURGA(DEPUTY COMMISSIONER CHITRADURGA_IDA),2024Q4,3.232640334386002,0.4598788797731559,0.6918490687487925,8,84,159,47117467.0,92330000.0,CHITRADURGA(DEPUTY COMMISSIONER CHITRADURGA_IDA): behaviour shifts at 2024Q4 (archetype-mix JS 0.46); 42 works/quarter -> 26 works/quarter; 49% round-number amounts -> 95% round-number amounts; 33% repeated descriptions -> 0% repeated descriptions. Before/after shown for review — a change-point is not evidence of wrongdoing.
RAJGARH(DISTRICT COLLECTOR RAJGARH_IDA),2024Q4,3.4099513348207093,0.4031851536330211,0.6917662447016865,10,402,209,116525913.0,103291788.0,RAJGARH(DISTRICT COLLECTOR RAJGARH_IDA): behaviour shifts at 2024Q4 (archetype-mix JS 0.40); 100 works/quarter -> 35 works/quarter; 29% round-number amounts -> 61% round-number amounts; 91% repeated descriptions -> 45% repeated descriptions. Before/after shown for review — a change-point is not evidence of wrongdoing.
Balodabazar-Bhatapara(Collector Baloda Bazar_IDA),2025Q2,3.440919332935519,0.39419555187591904,0.6907824008000653,9,71,38,41913841.0,33797345.0,Balodabazar-Bhatapara(Collector Baloda Bazar_IDA): behaviour shifts at 2025Q2 (archetype-mix JS 0.39); 14 works/quarter -> 10 works/quarter; 50% round-number amounts -> 92% round-number amounts. Before/after shown for review — a change-point is not evidence of wrongdoing.
KHAGARIA(DISTRICT PLANNING OFFICER KHAGARIA_IDA),2024Q4,3.2693548451068337,0.43176871488234214,0.6874094038174287,6,131,53,39335738.0,54599762.0,KHAGARIA(DISTRICT PLANNING OFFICER KHAGARIA_IDA): behaviour shifts at 2024Q4 (archetype-mix JS 0.43); 44 works/quarter -> 18 works/quarter; 0% round-number amounts -> 2% round-number amounts; 30% repeated descriptions -> 39% repeated descriptions. Before/after shown for review — a change-point is not evidence of wrongdoing.
PATIALA(DEPUTY COMMISSIONER PATIALA_IDA),2025Q1,3.427958020937438,0.3958295749516181,0.687260800224711,8,225,295,113046870.22,92943694.0,PATIALA(DEPUTY COMMISSIONER PATIALA_IDA): behaviour shifts at 2025Q1 (archetype-mix JS 0.40); 75 works/quarter -> 59 works/quarter; 33% round-number amounts -> 70% round-number amounts; 0% repeated descriptions -> 0% repeated descriptions. Before/after shown for review — a change-point is not evidence of wrongdoing.
Ananthapuramu(DISTRICT COLLECTOR ANANTAPUR_IDA),2024Q4,3.410303274925023,0.3978705765481085,0.6866878319669197,8,197,119,132335085.0,97917785.0,Ananthapuramu(DISTRICT COLLECTOR ANANTAPUR_IDA): behaviour shifts at 2024Q4 (archetype-mix JS 0.40); 49 works/quarter -> 30 works/quarter; 21% round-number amounts -> 81% round-number amounts. Before/after shown for review — a change-point is not evidence of wrongdoing.
BARMER(DISTRICT COLLECTOR BARMER_IDA),2025Q2,3.232687706402775,0.4484308328399932,0.6856204014040339,8,124,82,101098564.0,62634756.0,BARMER(DISTRICT COLLECTOR BARMER_IDA): behaviour shifts at 2025Q2 (archetype-mix JS 0.45); 31 works/quarter -> 20 works/quarter; 72% round-number amounts -> 93% round-number amounts; 0% repeated descriptions -> 48% repeated descriptions. Before/after shown for review — a change-point is not evidence of wrongdoing.
MUZAFFARPUR(DISTRICT PLANNING OFFICER MUZAFFARPUR_IDA),2024Q4,3.265232751618781,0.42750691310485756,0.68074502090147,7,137,113,146241231.0,179487023.0,MUZAFFARPUR(DISTRICT PLANNING OFFICER MUZAFFARPUR_IDA): behaviour shifts at 2024Q4 (archetype-mix JS 0.43); 46 works/quarter -> 28 works/quarter; 3% round-number amounts -> 35% round-number amounts; 0% repeated descriptions -> 16% repeated descriptions. Before/after shown for review — a change-point is not evidence of wrongdoing.
KHORDHA(DISTRICT COLLECTOR KHORDHA_IDA),2024Q1,3.4991835237222273,0.3765369818224926,0.6798954716422914,10,516,426,76450000.0,213157500.0,KHORDHA(DISTRICT COLLECTOR KHORDHA_IDA): behaviour shifts at 2024Q1 (archetype-mix JS 0.38); 258 works/quarter -> 53 works/quarter; 84% round-number amounts -> 97% round-number amounts; 1% repeated descriptions -> 0% repeated descriptions. Before/after shown for review — a change-point is not evidence of wrongdoing.
SONIPAT(DEPUTY COMMISSIONER SONEPAT_IDA),2025Q1,3.7120349288214824,0.3512360500090548,0.6757165036961484,8,83,78,42242120.0,44728000.0,SONIPAT(DEPUTY COMMISSIONER SONEPAT_IDA): behaviour shifts at 2025Q1 (archetype-mix JS 0.35); 28 works/quarter -> 16 works/quarter; 34% round-number amounts -> 59% round-number amounts; 7% repeated descriptions -> 0% repeated descriptions. Before/after shown for review — a change-point is not evidence of wrongdoing.
PORBANDAR(DISTRICT COLLECTOR PORBANDAR_IDA),2025Q1,3.1020245320869675,0.4862122922769135,0.6701337486438276,8,57,275,22645778.0,130622640.0,PORBANDAR(DISTRICT COLLECTOR PORBANDAR_IDA): behaviour shifts at 2025Q1 (archetype-mix JS 0.49); 19 works/quarter -> 55 works/quarter; 19% round-number amounts -> 63% round-number amounts; 0% repeated descriptions -> 51% repeated descriptions. Before/after shown for review — a change-point is not evidence of wrongdoing.
SATARA(DISTRICT COLLECTOR SATARA_IDA),2023Q2,3.753485382657482,0.345463415186667,0.668324595289121,10,52,487,12056000.0,311593793.0,SATARA(DISTRICT COLLECTOR SATARA_IDA): behaviour shifts at 2023Q2 (archetype-mix JS 0.35); 17 works/quarter -> 70 works/quarter; 31% round-number amounts -> 72% round-number amounts. Before/after shown for review — a change-point is not evidence of wrongdoing.
PILIBHIT(DISTRICT MAGISTRAE PILIBHIT_IDA),2025Q2,3.1512923514841065,0.45558021194455156,0.6654930943845093,7,379,21,148545861.89,95346887.0,PILIBHIT(DISTRICT MAGISTRAE PILIBHIT_IDA): behaviour shifts at 2025Q2 (archetype-mix JS 0.46); 95 works/quarter -> 7 works/quarter; median Rs.10^5.52 -> median Rs.10^6.60; 2% round-number amounts -> 0% round-number amounts; 27% repeated descriptions -> 44% repeated descriptions. Before/after shown for review — a change-point is not evidence of wrongdoing.
KALABURAGI(DEPUTY COMMISSIONER GULBARGA_IDA),2025Q4,3.3838202675320264,0.3836985351411951,0.6650699515821241,6,349,59,221658378.0,219400000.0,KALABURAGI(DEPUTY COMMISSIONER GULBARGA_IDA): behaviour shifts at 2025Q4 (archetype-mix JS 0.38); 87 works/quarter -> 30 works/quarter; 46% round-number amounts -> 100% round-number amounts; 25% repeated descriptions -> 0% repeated descriptions. Before/after shown for review — a change-point is not evidence of wrongdoing.
PRAYAGRAJ(DISTRICT MAGISTRAE ALLAHABAD_IDA),2025Q2,2.987647110750783,0.6086325722466815,0.6636637833624334,9,1459,49,253797468.01999998,179787502.0,PRAYAGRAJ(DISTRICT MAGISTRAE ALLAHABAD_IDA): behaviour shifts at 2025Q2 (archetype-mix JS 0.61); 292 works/quarter -> 12 works/quarter; median Rs.10^5.15 -> median Rs.10^6.39; 17% round-number amounts -> 9% round-number amounts; 3% repeated descriptions -> 10% repeated descriptions. Before/after shown for review — a change-point is not evidence of wrongdoing.
SURYAPET(DISTRICT COLLECTOR SURYAPET),2025Q1,3.093113093132994,0.4827178081683393,0.662066515623388,7,313,27,113994472.0,11985905.0,SURYAPET(DISTRICT COLLECTOR SURYAPET): behaviour shifts at 2025Q1 (archetype-mix JS 0.48); 78 works/quarter -> 9 works/quarter; 38% round-number amounts -> 79% round-number amounts; 1% repeated descriptions -> 0% repeated descriptions. Before/after shown for review — a change-point is not evidence of wrongdoing.
SIDHI(DISTRICT COLLECTOR SIDHI_IDA),2025Q1,3.080799850252991,0.49689469130543,0.6613775628279545,8,129,119,32657995.0,70738976.0,SIDHI(DISTRICT COLLECTOR SIDHI_IDA): behaviour shifts at 2025Q1 (archetype-mix JS 0.50); 43 works/quarter -> 24 works/quarter; 8% round-number amounts -> 47% round-number amounts; 1% repeated descriptions -> 26% repeated descriptions. Before/after shown for review — a change-point is not evidence of wrongdoing.
Visakhapatnam(DISTRICT COLLECTOR VISAKHAPATNAM_IDA),2025Q4,2.9994996855506244,0.5714041890135311,0.6575697371257846,6,47,27,119735770.0,40800000.0,Visakhapatnam(DISTRICT COLLECTOR VISAKHAPATNAM_IDA): behaviour shifts at 2025Q4 (archetype-mix JS 0.57); 48% round-number amounts -> 100% round-number amounts; 0% repeated descriptions -> 22% repeated descriptions. Before/after shown for review — a change-point is not evidence of wrongdoing.
JALGAON(DISTRICT COLLECTOR JALGAON_IDA),2024Q4,3.182688097238769,0.42986682511388674,0.6563335102355838,7,243,13,160678571.0,20171109.0,JALGAON(DISTRICT COLLECTOR JALGAON_IDA): behaviour shifts at 2024Q4 (archetype-mix JS 0.43); 49 works/quarter -> 6 works/quarter; 10% round-number amounts -> 52% round-number amounts. Before/after shown for review — a change-point is not evidence of wrongdoing.
BARNALA(DEPUTY COMMISSIONER BARNALA_IDA),2024Q3,3.0971215076304452,0.4689896926893975,0.655931044938632,8,135,229,18867331.0,54263307.0,BARNALA(DEPUTY COMMISSIONER BARNALA_IDA): behaviour shifts at 2024Q3 (archetype-mix JS 0.47); 68 works/quarter -> 38 works/quarter; 8% round-number amounts -> 47% round-number amounts; 2% repeated descriptions -> 0% repeated descriptions. Before/after shown for review — a change-point is not evidence of wrongdoing.
SIVAGANGA(DISTRICT COLLECTOR SIVAGANGA_IDA),2025Q3,3.2095662440909396,0.42162493618922703,0.6549732478179111,9,280,31,210006923.0,42901736.0,SIVAGANGA(DISTRICT COLLECTOR SIVAGANGA_IDA): behaviour shifts at 2025Q3 (archetype-mix JS 0.42); 40 works/quarter -> 16 works/quarter; 44% round-number amounts -> 82% round-number amounts. Before/after shown for review — a change-point is not evidence of wrongdoing.
VIZIANAGARAM(DISTRICT COLLECTOR VIZIANAGARAM_IDA),2025Q4,3.3022099006238106,0.38830155623582907,0.650097955482048,8,292,13,120701507.0,12234570.0,VIZIANAGARAM(DISTRICT COLLECTOR VIZIANAGARAM_IDA): behaviour shifts at 2025Q4 (archetype-mix JS 0.39); 49 works/quarter -> 6 works/quarter; 23% round-number amounts -> 65% round-number amounts. Before/after shown for review — a change-point is not evidence of wrongdoing.
FATEHGARH SAHIB(DEPUTY COMMISSIONER FATEHGARH SAHIB_IDA),2025Q1,3.2933201606658744,0.39072260599534053,0.649357941821876,9,138,56,26752728.0,16502657.0,FATEHGARH SAHIB(DEPUTY COMMISSIONER FATEHGARH SAHIB_IDA): behaviour shifts at 2025Q1 (archetype-mix JS 0.39); 34 works/quarter -> 11 works/quarter; 72% round-number amounts -> 58% round-number amounts; 56% repeated descriptions -> 12% repeated descriptions. Before/after shown for review — a change-point is not evidence of wrongdoing.
BUXAR(DISTRICT PLANNING OFFICER BUXAR_IDA),2024Q1,3.2093759518195437,0.4140913905735464,0.6472598492877493,6,34,41,27209187.0,48328030.0,BUXAR(DISTRICT PLANNING OFFICER BUXAR_IDA): behaviour shifts at 2024Q1 (archetype-mix JS 0.41); 17 works/quarter -> 10 works/quarter; 8% round-number amounts -> 5% round-number amounts. Before/after shown for review — a change-point is not evidence of wrongdoing.
Tirupati(DISTRICT COLLECTOR TIRUPATI_IDA),2025Q4,3.1317743531143405,0.4336703575674722,0.6449116166604315,9,317,15,161954759.0,9941282.0,Tirupati(DISTRICT COLLECTOR TIRUPATI_IDA): behaviour shifts at 2025Q4 (archetype-mix JS 0.43); 45 works/quarter -> 8 works/quarter; 36% round-number amounts -> 85% round-number amounts. Before/after shown for review — a change-point is not evidence of wrongdoing.
JASHPUR(DISTRICT COLLECTOR JASHPUR_IDA),2024Q3,2.933858245638309,0.6060139880727189,0.6445870511558986,6,49,65,32900001.0,55867611.0,JASHPUR(DISTRICT COLLECTOR JASHPUR_IDA): behaviour shifts at 2024Q3 (archetype-mix JS 0.61); 24 works/quarter -> 16 works/quarter; 55% round-number amounts -> 34% round-number amounts; 3% repeated descriptions -> 40% repeated descriptions. Before/after shown for review — a change-point is not evidence of wrongdoing.
WARANGAL(District Collector Warangal_IDA),2025Q4,3.300535543207265,0.38346684502624,0.6406211112375749,8,303,12,91223143.0,4724000.0,WARANGAL(District Collector Warangal_IDA): behaviour shifts at 2025Q4 (archetype-mix JS 0.38); 50 works/quarter -> 6 works/quarter; 15% round-number amounts -> 83% round-number amounts; 1% repeated descriptions -> 0% repeated descriptions. Before/after shown for review — a change-point is not evidence of wrongdoing.
TIRUPPUR(DISTRICT COLLECTOR TIRUPPUR_IDA),2024Q3,3.6808200836223497,0.3217514100227637,0.6381899028038726,9,130,141,110224821.0,132048370.0,TIRUPPUR(DISTRICT COLLECTOR TIRUPPUR_IDA): behaviour shifts at 2024Q3 (archetype-mix JS 0.32); 65 works/quarter -> 20 works/quarter; 30% round-number amounts -> 68% round-number amounts; 16% repeated descriptions -> 0% repeated descriptions. Before/after shown for review — a change-point is not evidence of wrongdoing.
RUPNAGAR(DEPUTY COMMISSIONER ROOPNAGAR_IDA),2025Q4,3.5325880740582387,0.3434259360359499,0.638002503033923,10,155,21,71894771.0,21200000.0,RUPNAGAR(DEPUTY COMMISSIONER ROOPNAGAR_IDA): behaviour shifts at 2025Q4 (archetype-mix JS 0.34); 19 works/quarter -> 10 works/quarter; 81% round-number amounts -> 100% round-number amounts; 0% repeated descriptions -> 18% repeated descriptions. Before/after shown for review — a change-point is not evidence of wrongdoing.
Anakapalli(DISTRICT COLLECTOR ANAKAPALLI_IDA),2025Q3,2.893446112302281,0.6424829309538203,0.634494214444281,7,78,38,91895648.0,35306218.0,Anakapalli(DISTRICT COLLECTOR ANAKAPALLI_IDA): behaviour shifts at 2025Q3 (archetype-mix JS 0.64); 20 works/quarter -> 13 works/quarter; 5% round-number amounts -> 64% round-number amounts. Before/after shown for review — a change-point is not evidence of wrongdoing.
BIJNOR(DISTRICT MAGISTRATE BIJNOR_IDA),2025Q3,3.2645318788362427,0.3862183167097993,0.6341014603277585,9,561,404,200301137.01,75073648.0,BIJNOR(DISTRICT MAGISTRATE BIJNOR_IDA): behaviour shifts at 2025Q3 (archetype-mix JS 0.39); 94 works/quarter -> 135 works/quarter; 0% round-number amounts -> 0% round-number amounts; 1% repeated descriptions -> 55% repeated descriptions. Before/after shown for review — a change-point is not evidence of wrongdoing.
KANPUR DEHAT(DISTRICT MAGISTRATE KANPUR DEHAT_IDA),2025Q3,2.838805123915084,0.9249165295077185,0.6330948995101084,8,236,70,80459869.94,23525800.0,KANPUR DEHAT(DISTRICT MAGISTRATE KANPUR DEHAT_IDA): behaviour shifts at 2025Q3 (archetype-mix JS 0.92); 4% round-number amounts -> 33% round-number amounts; 22% repeated descriptions -> 16% repeated descriptions. Before/after shown for review — a change-point is not evidence of wrongdoing.
JAISALMER(DISTRICT COLLECTOR JAISLAMER_IDA),2024Q3,3.4284905734038778,0.3524007148581667,0.6328036422282562,8,103,100,68994768.0,97239570.0,JAISALMER(DISTRICT COLLECTOR JAISLAMER_IDA): behaviour shifts at 2024Q3 (archetype-mix JS 0.35); 52 works/quarter -> 17 works/quarter; 0% repeated descriptions -> 2% repeated descriptions. Before/after shown for review — a change-point is not evidence of wrongdoing.
MADHUBANI(DISTRICT PLANNING OFFICER MADHUBANI_IDA),2025Q2,3.8571147830103665,0.3014460926443161,0.6299508947395529,10,248,294,220131707.0,193656369.0,MADHUBANI(DISTRICT PLANNING OFFICER MADHUBANI_IDA): behaviour shifts at 2025Q2 (archetype-mix JS 0.30); 35 works/quarter -> 98 works/quarter; 1% round-number amounts -> 13% round-number amounts; 22% repeated descriptions -> 1% repeated descriptions. Before/after shown for review — a change-point is not evidence of wrongdoing.
SIROHI(DISTRICT COLLECTOR SIROHI_IDA),2025Q2,3.298869444661039,0.37128150410288846,0.6285969518458533,6,36,69,21848178.0,24915943.0,SIROHI(DISTRICT COLLECTOR SIROHI_IDA): behaviour shifts at 2025Q2 (archetype-mix JS 0.37); 3% round-number amounts -> 63% round-number amounts. Before/after shown for review — a change-point is not evidence of wrongdoing.
JALPAIGURI(DISTRICT MAGISTRATE JALPAIGURI_IDA),2025Q2,3.5648359060410217,0.3230260214857118,0.6249003428200632,6,76,31,90411830.0,79892058.0,JALPAIGURI(DISTRICT MAGISTRATE JALPAIGURI_IDA): behaviour shifts at 2025Q2 (archetype-mix JS 0.32); 38 works/quarter -> 8 works/quarter; 5% round-number amounts -> 7% round-number amounts; 47% repeated descriptions -> 0% repeated descriptions. Before/after shown for review — a change-point is not evidence of wrongdoing.
SUNDARGARH(DISTRICT COLLECTOR SUNDARGARH_IDA),2025Q4,3.2305352862799084,0.3844226485523676,0.6210253078866547,9,321,35,175098256.0,15690000.0,SUNDARGARH(DISTRICT COLLECTOR SUNDARGARH_IDA): behaviour shifts at 2025Q4 (archetype-mix JS 0.38); 46 works/quarter -> 18 works/quarter; 1% repeated descriptions -> 2% repeated descriptions. Before/after shown for review — a change-point is not evidence of wrongdoing.
UNNAO(DISTRICT MAGIISTRATE UNNAO_IDA),2024Q3,2.937851957228794,0.5144873857411018,0.6162897516880467,6,87,90,99815644.0,118243041.0,UNNAO(DISTRICT MAGIISTRATE UNNAO_IDA): behaviour shifts at 2024Q3 (archetype-mix JS 0.51); 44 works/quarter -> 22 works/quarter; 8% round-number amounts -> 27% round-number amounts. Before/after shown for review — a change-point is not evidence of wrongdoing.
SOUTH WEST(COMMISSIONER MCD SOUTH WEST),2025Q4,2.9183888877560813,0.5398048202713928,0.6133967560699543,6,35,18,54302647.0,29494270.0,SOUTH WEST(COMMISSIONER MCD SOUTH WEST): behaviour shifts at 2025Q4 (archetype-mix JS 0.54); 0% round-number amounts -> 5% round-number amounts; 25% repeated descriptions -> 0% repeated descriptions. Before/after shown for review — a change-point is not evidence of wrongdoing.
NAGAON(DEPUTY COMMISSIONER NOWGONG_IDA),2024Q4,3.7782055103412526,0.2985563414752314,0.6109917720165622,9,174,129,50448663.0,72894000.0,NAGAON(DEPUTY COMMISSIONER NOWGONG_IDA): behaviour shifts at 2024Q4 (archetype-mix JS 0.30); 58 works/quarter -> 22 works/quarter; 1% repeated descriptions -> 0% repeated descriptions. Before/after shown for review — a change-point is not evidence of wrongdoing.
PANCH MAHALS(DISTRICT COLLECTOR PANCHMAHALS_IDA),2025Q1,2.8858604664759158,0.5408734769570556,0.6066092061237462,8,175,582,31447280.0,142912164.0,PANCH MAHALS(DISTRICT COLLECTOR PANCHMAHALS_IDA): behaviour shifts at 2025Q1 (archetype-mix JS 0.54); 58 works/quarter -> 116 works/quarter; 1% repeated descriptions -> 15% repeated descriptions. Before/after shown for review — a change-point is not evidence of wrongdoing.
GUNA(District Collector Guna_IDA),2024Q4,2.7550172235619605,0.8212495991931257,0.6063052257615089,7,72,111,42888282.0,93291999.0,GUNA(District Collector Guna_IDA): behaviour shifts at 2024Q4 (archetype-mix JS 0.82); 24 works/quarter -> 28 works/quarter; 50% round-number amounts -> 82% round-number amounts; 60% repeated descriptions -> 13% repeated descriptions. Before/after shown for review — a change-point is not evidence of wrongdoing.
ROHTAS(District Planning Officer Rohtas_IDA),2024Q1,3.0920895224569884,0.4103576204862993,0.6056597892326743,9,92,123,59189198.0,89452540.0,ROHTAS(District Planning Officer Rohtas_IDA): behaviour shifts at 2024Q1 (archetype-mix JS 0.41); 46 works/quarter -> 18 works/quarter; 33% repeated descriptions -> 7% repeated descriptions. Before/after shown for review — a change-point is not evidence of wrongdoing.
BARPETA(DEPUTY COMMISSIONER BARPETA 1),2024Q4,3.2229536739714466,0.3652265322748269,0.6010228579391188,7,189,36,95819000.0,44150000.0,BARPETA(DEPUTY COMMISSIONER BARPETA 1): behaviour shifts at 2024Q4 (archetype-mix JS 0.37); 63 works/quarter -> 9 works/quarter. Before/after shown for review — a change-point is not evidence of wrongdoing.
Kushinagar(DISTRICT MAGISTRATE KUSHINAGAR PADRAUNA_IDA),2025Q1,4.0471205187793675,0.28838879818935337,0.6009316613452339,10,341,227,144314253.0,190349149.0,Kushinagar(DISTRICT MAGISTRATE KUSHINAGAR PADRAUNA_IDA): behaviour shifts at 2025Q1 (archetype-mix JS 0.29); 68 works/quarter -> 45 works/quarter; 14% round-number amounts -> 44% round-number amounts; 1% repeated descriptions -> 3% repeated descriptions. Before/after shown for review — a change-point is not evidence of wrongdoing.
Uttar Dinajpur(DISTRICT MAGISTRATE UTTAR DINAJPUR_IDA),2025Q3,3.049896955444943,0.42298475171980154,0.6006787256440222,6,152,364,78763943.0,134462539.0,Uttar Dinajpur(DISTRICT MAGISTRATE UTTAR DINAJPUR_IDA): behaviour shifts at 2025Q3 (archetype-mix JS 0.42); 51 works/quarter -> 121 works/quarter; 52% round-number amounts -> 84% round-number amounts; 39% repeated descriptions -> 8% repeated descriptions. Before/after shown for review — a change-point is not evidence of wrongdoing.
SHIVPURI(District Collector Shivpuri_IDA),2025Q1,2.728765410920637,0.8252715869935796,0.5998196077674061,6,57,15,37748228.0,17798120.0,SHIVPURI(District Collector Shivpuri_IDA): behaviour shifts at 2025Q1 (archetype-mix JS 0.83); 14 works/quarter -> 8 works/quarter; 21% round-number amounts -> 86% round-number amounts. Before/after shown for review — a change-point is not evidence of wrongdoing.
KANPUR NAGAR(DISTRICT MAGISTRAE KANPUR NAGAR_IDA),2025Q4,2.7353818085996133,0.7934711780768826,0.5992461782463507,8,188,109,252153995.0,63814736.0,KANPUR NAGAR(DISTRICT MAGISTRAE KANPUR NAGAR_IDA): behaviour shifts at 2025Q4 (archetype-mix JS 0.79); 31 works/quarter -> 54 works/quarter; 2% round-number amounts -> 12% round-number amounts; 1% repeated descriptions -> 0% repeated descriptions. Before/after shown for review — a change-point is not evidence of wrongdoing.
DARJEELING(DISTRICT MAGISTRATE DARJEELING_IDA),2025Q4,3.0580004069988727,0.41106649008832946,0.5921366372670058,6,219,10,132922137.0,11299808.0,DARJEELING(DISTRICT MAGISTRATE DARJEELING_IDA): behaviour shifts at 2025Q4 (archetype-mix JS 0.41); 55 works/quarter -> 5 works/quarter; 3% repeated descriptions -> 0% repeated descriptions. Before/after shown for review — a change-point is not evidence of wrongdoing.
NTR(DISTRICT COLLECTOR NTR_IDA),2025Q2,2.960863372802996,0.44880428020250474,0.5909532345680397,6,92,42,58532297.0,57641306.0,NTR(DISTRICT COLLECTOR NTR_IDA): behaviour shifts at 2025Q2 (archetype-mix JS 0.45); 46 works/quarter -> 10 works/quarter; 10% round-number amounts -> 73% round-number amounts. Before/after shown for review — a change-point is not evidence of wrongdoing.
SITAMARHI(DISTRICT PLANNING OFFICER SITAMARHI_IDA),2024Q1,2.8713959543230874,0.5124946677553581,0.5907128956841479,8,183,209,107787012.0,78219205.0,SITAMARHI(DISTRICT PLANNING OFFICER SITAMARHI_IDA): behaviour shifts at 2024Q1 (archetype-mix JS 0.51); 92 works/quarter -> 35 works/quarter; 0% round-number amounts -> 26% round-number amounts; 23% repeated descriptions -> 13% repeated descriptions. Before/after shown for review — a change-point is not evidence of wrongdoing.
FAZILKA(DEPUTY COMMISSIONER FAZILKA_IDA),2025Q3,2.802042220563178,0.5840992726046453,0.5888712693035928,7,242,49,60180769.0,16028147.0,FAZILKA(DEPUTY COMMISSIONER FAZILKA_IDA): behaviour shifts at 2025Q3 (archetype-mix JS 0.58); 60 works/quarter -> 16 works/quarter; 11% round-number amounts -> 34% round-number amounts; 54% repeated descriptions -> 17% repeated descriptions. Before/after shown for review — a change-point is not evidence of wrongdoing.
DAUSA(DISTRICT COLLECTOR DAUSA_IDA),2025Q2,2.7927033783191564,0.5963679578244592,0.5877957353797425,7,175,79,73629608.0,59138506.0,DAUSA(DISTRICT COLLECTOR DAUSA_IDA): behaviour shifts at 2025Q2 (archetype-mix JS 0.60); 58 works/quarter -> 20 works/quarter; 39% round-number amounts -> 31% round-number amounts; 0% repeated descriptions -> 2% repeated descriptions. Before/after shown for review — a change-point is not evidence of wrongdoing.
JIND(DEPUTY COMMISSIONER JIND),2025Q1,3.591524740647983,0.29595000855445186,0.5852132002919264,8,156,92,56191109.0,58564360.0,JIND(DEPUTY COMMISSIONER JIND): behaviour shifts at 2025Q1 (archetype-mix JS 0.30); 52 works/quarter -> 18 works/quarter; 28% round-number amounts -> 44% round-number amounts; 4% repeated descriptions -> 1% repeated descriptions. Before/after shown for review — a change-point is not evidence of wrongdoing.
LUCKNOW(DISTRICT MAGISTRAE LUCKNOW_IDA),2025Q1,3.0597814043852205,0.40044012816153873,0.5841479901208639,9,232,180,188099582.0,252094164.0,LUCKNOW(DISTRICT MAGISTRAE LUCKNOW_IDA): behaviour shifts at 2025Q1 (archetype-mix JS 0.40); 58 works/quarter -> 36 works/quarter; 3% round-number amounts -> 16% round-number amounts; 0% repeated descriptions -> 18% repeated descriptions. Before/after shown for review — a change-point is not evidence of wrongdoing.
PATHANAMTHITTA(DISTRICT COLLECTOR PATHANAMTHITTA_IDA),2024Q4,3.6698463948126085,0.29368222163100977,0.5838877839075147,13,192,141,107551119.00999999,66088954.0,PATHANAMTHITTA(DISTRICT COLLECTOR PATHANAMTHITTA_IDA): behaviour shifts at 2024Q4 (archetype-mix JS 0.29); 12% round-number amounts -> 75% round-number amounts; 0% repeated descriptions -> 2% repeated descriptions. Before/after shown for review — a change-point is not evidence of wrongdoing.
CHHOTAUDEPUR(DISTRICT COLLECTOR CHHOTA UDEPUR_IDA),2023Q3,3.870974023734159,0.2850822682009245,0.5826448728270357,12,98,292,7316193.0,89759525.0,CHHOTAUDEPUR(DISTRICT COLLECTOR CHHOTA UDEPUR_IDA): behaviour shifts at 2023Q3 (archetype-mix JS 0.29); 20 works/quarter -> 42 works/quarter; 33% round-number amounts -> 68% round-number amounts; 1% repeated descriptions -> 28% repeated descriptions. Before/after shown for review — a change-point is not evidence of wrongdoing.
JANJGIR-CHAMPA(DISTRICT COLLECTOR JANJGIR CHAMPA_IDA),2025Q1,2.6855317749255474,0.8136992284593785,0.5819903188079888,8,83,58,37740826.0,39451008.0,JANJGIR-CHAMPA(DISTRICT COLLECTOR JANJGIR CHAMPA_IDA): behaviour shifts at 2025Q1 (archetype-mix JS 0.81); 21 works/quarter -> 14 works/quarter; 31% round-number amounts -> 83% round-number amounts; 16% repeated descriptions -> 0% repeated descriptions. Before/after shown for review — a change-point is not evidence of wrongdoing.
MANDLA(DISTRICT COLLECTOR MANDLA_IDA),2023Q4,3.153161508484296,0.36428306471501526,0.5809063335576113,7,13,174,3638768.0,74220891.0,MANDLA(DISTRICT COLLECTOR MANDLA_IDA): behaviour shifts at 2023Q4 (archetype-mix JS 0.36); 6 works/quarter -> 35 works/quarter; 42% round-number amounts -> 76% round-number amounts. Before/after shown for review — a change-point is not evidence of wrongdoing.
HANUMAKONDA(DISTRICT COLLECTOR HANUMAKONDA_IDA),2024Q4,2.8617946520985003,0.5018498353591219,0.5798117286024835,7,88,104,26913254.0,42553419.0,HANUMAKONDA(DISTRICT COLLECTOR HANUMAKONDA_IDA): behaviour shifts at 2024Q4 (archetype-mix JS 0.50); 44 works/quarter -> 21 works/quarter; 23% round-number amounts -> 66% round-number amounts; 0% repeated descriptions -> 3% repeated descriptions. Before/after shown for review — a change-point is not evidence of wrongdoing.
TIRUCHIRAPPALLI(DISTRICT COLLECTOR TIRUCHIRAPPALLI_IDA),2024Q1,3.4466034398927996,0.30279366063062574,0.5784825493901952,10,157,111,114598996.0,160922459.0,TIRUCHIRAPPALLI(DISTRICT COLLECTOR TIRUCHIRAPPALLI_IDA): behaviour shifts at 2024Q1 (archetype-mix JS 0.30); 52 works/quarter -> 16 works/quarter; 20% round-number amounts -> 43% round-number amounts. Before/after shown for review — a change-point is not evidence of wrongdoing.
SIKAR(DISTRICT COLLECTOR SIKAR_IDA),2024Q4,3.3052371662212527,0.3258544211157954,0.5772668410187752,10,86,167,68321769.0,117411679.0,SIKAR(DISTRICT COLLECTOR SIKAR_IDA): behaviour shifts at 2024Q4 (archetype-mix JS 0.33); 22 works/quarter -> 28 works/quarter; 24% round-number amounts -> 43% round-number amounts; 1% repeated descriptions -> 0% repeated descriptions. Before/after shown for review — a change-point is not evidence of wrongdoing.
MATHURA(DISTRICT MAGISTRAE MATHURA_IDA),2025Q1,2.761915705387041,0.5814578833198036,0.5766364247309831,8,158,101,161162672.0,96729943.0,MATHURA(DISTRICT MAGISTRAE MATHURA_IDA): behaviour shifts at 2025Q1 (archetype-mix JS 0.58); 53 works/quarter -> 20 works/quarter; 4% round-number amounts -> 22% round-number amounts. Before/after shown for review — a change-point is not evidence of wrongdoing.
RAE BARELI(DISTRICT MAGISTRATE RAE BARELI_IDA),2024Q3,3.278721372316704,0.332754717986102,0.5748017071573643,11,1478,172,121348280.86,70251464.0,RAE BARELI(DISTRICT MAGISTRATE RAE BARELI_IDA): behaviour shifts at 2024Q3 (archetype-mix JS 0.33); 370 works/quarter -> 25 works/quarter; 2% round-number amounts -> 20% round-number amounts; 0% repeated descriptions -> 0% repeated descriptions. Before/after shown for review — a change-point is not evidence of wrongdoing.
KALLAKURICHI(District Collector Kallakurichi_IDA),2025Q4,3.2137051008946513,0.349724554802077,0.5744895693623362,7,213,22,152820986.0,10510000.0,KALLAKURICHI(District Collector Kallakurichi_IDA): behaviour shifts at 2025Q4 (archetype-mix JS 0.35); 43 works/quarter -> 11 works/quarter; 19% round-number amounts -> 50% round-number amounts. Before/after shown for review — a change-point is not evidence of wrongdoing.
BASTAR(DISTRICT COLLECTOR BASTAR_IDA),2025Q2,2.8491767154881615,0.507588629358057,0.5744895693623362,6,183,65,87032276.0,23925580.0,BASTAR(DISTRICT COLLECTOR BASTAR_IDA): behaviour shifts at 2025Q2 (archetype-mix JS 0.51); 46 works/quarter -> 32 works/quarter; 36% round-number amounts -> 18% round-number amounts; 1% repeated descriptions -> 0% repeated descriptions. Before/after shown for review — a change-point is not evidence of wrongdoing.
JANGOAN(DISTRICT COLLECTOR JANGAON_IDA),2025Q1,3.1443481589488176,0.3583528927617926,0.5696295620929483,8,174,95,48709422.0,33519005.0,JANGOAN(DISTRICT COLLECTOR JANGAON_IDA): behaviour shifts at 2025Q1 (archetype-mix JS 0.36); 44 works/quarter -> 24 works/quarter; 35% round-number amounts -> 82% round-number amounts; 0% repeated descriptions -> 25% repeated descriptions. Before/after shown for review — a change-point is not evidence of wrongdoing.
HOOGHLY(DISTRICT MAGISTRATE HOOGHLY_IDA),2024Q3,4.2992914419825405,0.27084389836226136,0.5696164416736933,10,579,378,222211193.82999998,276682052.44,HOOGHLY(DISTRICT MAGISTRATE HOOGHLY_IDA): behaviour shifts at 2024Q3 (archetype-mix JS 0.27); 193 works/quarter -> 54 works/quarter; 1% round-number amounts -> 15% round-number amounts; 67% repeated descriptions -> 15% repeated descriptions. Before/after shown for review — a change-point is not evidence of wrongdoing.
Dakshin Dinajpur(DISTRICT MAGISTRATE DINAJPUR DAKSHIN_IDA),2024Q4,2.9213786259506715,0.4336789236848805,0.5695070930915898,7,328,179,60079266.0,77385805.8,Dakshin Dinajpur(DISTRICT MAGISTRATE DINAJPUR DAKSHIN_IDA): behaviour shifts at 2024Q4 (archetype-mix JS 0.43); 164 works/quarter -> 36 works/quarter; 31% round-number amounts -> 68% round-number amounts; 6% repeated descriptions -> 16% repeated descriptions. Before/after shown for review — a change-point is not evidence of wrongdoing.
SRI MUKTSAR SAHIB(DEPUTY COMMISSIONER SRI MUKTSAR SAHIB_IDA),2025Q4,3.0874994202759884,0.3767836112624275,0.5657590536263685,9,176,14,77508320.7,4004000.0,SRI MUKTSAR SAHIB(DEPUTY COMMISSIONER SRI MUKTSAR SAHIB_IDA): behaviour shifts at 2025Q4 (archetype-mix JS 0.38); 25 works/quarter -> 7 works/quarter; 17% repeated descriptions -> 0% repeated descriptions. Before/after shown for review — a change-point is not evidence of wrongdoing.
BIDAR(DEPUTY COMMISSIONER BIDAR_IDA),2025Q1,2.8497665217390384,0.4762364769380611,0.5614626915068192,6,453,103,76905972.0,59281500.0,BIDAR(DEPUTY COMMISSIONER BIDAR_IDA): behaviour shifts at 2025Q1 (archetype-mix JS 0.48); 151 works/quarter -> 34 works/quarter; 53% round-number amounts -> 63% round-number amounts; 0% repeated descriptions -> 45% repeated descriptions. Before/after shown for review — a change-point is not evidence of wrongdoing.
MURSHIDABAD(DISTRICT MAGISTRATE MURSHIDABAD_IDA),2025Q4,3.3182042523212205,0.30918530273302824,0.5604412438026863,8,1185,123,728815488.0,118325735.0,MURSHIDABAD(DISTRICT MAGISTRATE MURSHIDABAD_IDA): behaviour shifts at 2025Q4 (archetype-mix JS 0.31); 198 works/quarter -> 62 works/quarter; 8% round-number amounts -> 39% round-number amounts; 34% repeated descriptions -> 26% repeated descriptions. Before/after shown for review — a change-point is not evidence of wrongdoing.
Pandhurna(District Collector Pandhurna_IDA),2025Q2,2.948106112860045,0.41592799329220964,0.5595292513349859,6,98,36,16701838.0,13825000.0,Pandhurna(District Collector Pandhurna_IDA): behaviour shifts at 2025Q2 (archetype-mix JS 0.42); 49 works/quarter -> 9 works/quarter. Before/after shown for review — a change-point is not evidence of wrongdoing.
CACHAR(DEPUTY COMMISSIONER CACHAR_IDA),2025Q4,3.292837937584494,0.31640545264382214,0.5590481886493712,6,191,26,96670998.33,31800000.0,CACHAR(DEPUTY COMMISSIONER CACHAR_IDA): behaviour shifts at 2025Q4 (archetype-mix JS 0.32); 48 works/quarter -> 13 works/quarter; 40% round-number amounts -> 100% round-number amounts. Before/after shown for review — a change-point is not evidence of wrongdoing.
SIDDIPET(District Collector Siddipet_IDA),2025Q1,2.9242031004031213,0.4225448197571955,0.5580982107861062,8,121,289,26103371.0,144111353.0,SIDDIPET(District Collector Siddipet_IDA): behaviour shifts at 2025Q1 (archetype-mix JS 0.42); 40 works/quarter -> 58 works/quarter; 2% repeated descriptions -> 0% repeated descriptions. Before/after shown for review — a change-point is not evidence of wrongdoing.
NAGAUR(DISTRICT COLLECTOR NAGAUR_IDA),2025Q2,3.2034728854451626,0.33044913532281617,0.5512534273807099,7,334,59,162155348.0,35575541.0,NAGAUR(DISTRICT COLLECTOR NAGAUR_IDA): behaviour shifts at 2025Q2 (archetype-mix JS 0.33); 84 works/quarter -> 20 works/quarter; 22% round-number amounts -> 51% round-number amounts. Before/after shown for review — a change-point is not evidence of wrongdoing.
Shahid Bhagat Singh Nagar(Deputy Commissioner Shahid Bhagat Singh Nagar_ida),2025Q2,3.6569461784236608,0.27804199621435816,0.548807627372511,7,126,33,37569687.0,12851750.0,Shahid Bhagat Singh Nagar(Deputy Commissioner Shahid Bhagat Singh Nagar_ida): behaviour shifts at 2025Q2 (archetype-mix JS 0.28); 32 works/quarter -> 11 works/quarter; 84% round-number amounts -> 98% round-number amounts. Before/after shown for review — a change-point is not evidence of wrongdoing.
JAJAPUR(DISTRICT COLLECTOR JAJPUR_IDA),2025Q1,3.3125730322067617,0.3003827904074129,0.5480853952135821,8,246,156,121499340.0,71690000.0,JAJAPUR(DISTRICT COLLECTOR JAJPUR_IDA): behaviour shifts at 2025Q1 (archetype-mix JS 0.30); 82 works/quarter -> 31 works/quarter; 50% round-number amounts -> 99% round-number amounts; 6% repeated descriptions -> 0% repeated descriptions. Before/after shown for review — a change-point is not evidence of wrongdoing.
DEORIA(DISTRICT MAGISTRATE DEORIA),2024Q3,2.8314379086809107,0.4669566527280881,0.5464876543688347,9,164,223,106831012.0,193753122.0,DEORIA(DISTRICT MAGISTRATE DEORIA): behaviour shifts at 2024Q3 (archetype-mix JS 0.47); 82 works/quarter -> 32 works/quarter; 48% round-number amounts -> 30% round-number amounts. Before/after shown for review — a change-point is not evidence of wrongdoing.
SHEIKHPURA(DISTRICT PLANNING OFFICER SHEIKHPURA_IDA),2024Q4,2.6140907054988136,0.8825074776030376,0.5460316018364519,6,56,69,20803872.0,26505342.0,SHEIKHPURA(DISTRICT PLANNING OFFICER SHEIKHPURA_IDA): behaviour shifts at 2024Q4 (archetype-mix JS 0.88); 28 works/quarter -> 17 works/quarter; 19% round-number amounts -> 42% round-number amounts; 0% repeated descriptions -> 87% repeated descriptions. Before/after shown for review — a change-point is not evidence of wrongdoing.
RANGA REDDY(DISTRICT COLLECTOR RANGAREDDY_IDA),2025Q4,2.6244151471809505,0.7105303676802561,0.5444873167831874,9,356,37,147781098.0,11549722.0,RANGA REDDY(DISTRICT COLLECTOR RANGAREDDY_IDA): behaviour shifts at 2025Q4 (archetype-mix JS 0.71); 51 works/quarter -> 18 works/quarter; 46% round-number amounts -> 93% round-number amounts; 9% repeated descriptions -> 0% repeated descriptions. Before/after shown for review — a change-point is not evidence of wrongdoing.
SUPAUL(DISTRICT PLANNING OFFICER SUPAUL_IDA),2024Q3,2.886029201712188,0.4197088487437271,0.5426586734823394,7,43,128,48306240.0,131932633.0,SUPAUL(DISTRICT PLANNING OFFICER SUPAUL_IDA): behaviour shifts at 2024Q3 (archetype-mix JS 0.42); 22 works/quarter -> 26 works/quarter; 0% round-number amounts -> 6% round-number amounts; 0% repeated descriptions -> 62% repeated descriptions. Before/after shown for review — a change-point is not evidence of wrongdoing.
KARIMNAGAR(DISTRICT COLLECTOR KARIMNAGAR_IDA),2024Q1,3.0294571396291117,0.36881144325683524,0.5419512310148114,7,18,469,1924200.0,166187968.0,KARIMNAGAR(DISTRICT COLLECTOR KARIMNAGAR_IDA): behaviour shifts at 2024Q1 (archetype-mix JS 0.37); 9 works/quarter -> 94 works/quarter; median Rs.10^4.64 -> median Rs.10^5.37; 40% round-number amounts -> 88% round-number amounts. Before/after shown for review — a change-point is not evidence of wrongdoing.
LUDHIANA(DEPUTY COMMISSIONER LUDHIANA_IDA),2024Q4,3.104571331986287,0.34628253184587415,0.5386822546070842,9,472,388,126066274.0,151518560.0,LUDHIANA(DEPUTY COMMISSIONER LUDHIANA_IDA): behaviour shifts at 2024Q4 (archetype-mix JS 0.35); 157 works/quarter -> 65 works/quarter; 55% repeated descriptions -> 20% repeated descriptions. Before/after shown for review — a change-point is not evidence of wrongdoing.
DOHAD(DISTRICT COLLECTOR DOHAD_IDA),2024Q4,3.6113604306955716,0.27337795829420963,0.5353142107297206,7,553,183,108386746.0,65949273.0,DOHAD(DISTRICT COLLECTOR DOHAD_IDA): behaviour shifts at 2024Q4 (archetype-mix JS 0.27); 276 works/quarter -> 37 works/quarter; 44% round-number amounts -> 82% round-number amounts. Before/after shown for review — a change-point is not evidence of wrongdoing.
PASHCHIM CHAMPARAN(DISTRICT PLANNING OFFICER WEST CHAMPARANBETTIAH_IDA),2025Q3,3.2437958523688835,0.3057530548382558,0.5348952071696486,9,346,120,252813193.0,88375608.0,PASHCHIM CHAMPARAN(DISTRICT PLANNING OFFICER WEST CHAMPARANBETTIAH_IDA): behaviour shifts at 2025Q3 (archetype-mix JS 0.31); 58 works/quarter -> 40 works/quarter; 7% round-number amounts -> 28% round-number amounts; 5% repeated descriptions -> 29% repeated descriptions. Before/after shown for review — a change-point is not evidence of wrongdoing.
DARBHANGA(DISTRICT PLANNING OFFICER DARBANGA_IDA),2025Q2,2.614837994598464,0.6969015408512393,0.5335194995886529,9,489,66,244568764.0,38644469.0,DARBHANGA(DISTRICT PLANNING OFFICER DARBANGA_IDA): behaviour shifts at 2025Q2 (archetype-mix JS 0.70); 82 works/quarter -> 22 works/quarter; 3% round-number amounts -> 46% round-number amounts; 10% repeated descriptions -> 0% repeated descriptions. Before/after shown for review — a change-point is not evidence of wrongdoing.
BANSWARA(DISTRICT COLLECTOR BANSWARA_IDA),2024Q4,3.057760914277492,0.35147753012702854,0.5278439733520518,6,57,50,37264294.0,61463648.0,BANSWARA(DISTRICT COLLECTOR BANSWARA_IDA): behaviour shifts at 2024Q4 (archetype-mix JS 0.35); 28 works/quarter -> 12 works/quarter; 34% round-number amounts -> 86% round-number amounts; 0% repeated descriptions -> 4% repeated descriptions. Before/after shown for review — a change-point is not evidence of wrongdoing.
KANNUR(DISTRICT COLLECTOR KANNUR_IDA),2024Q1,3.6979099172797625,0.2636846875481508,0.5261137512070785,10,16,831,15797922.0,549056195.0,KANNUR(DISTRICT COLLECTOR KANNUR_IDA): behaviour shifts at 2024Q1 (archetype-mix JS 0.26); 8 works/quarter -> 104 works/quarter; 22% round-number amounts -> 51% round-number amounts; 0% repeated descriptions -> 2% repeated descriptions. Before/after shown for review — a change-point is not evidence of wrongdoing.
RAICHUR(DEPUTY COMMISSIONER RAICHUR_IDA),2024Q1,2.621458992294353,0.5994241463363528,0.5249096435850379,7,146,121,65049361.0,67701548.0,RAICHUR(DEPUTY COMMISSIONER RAICHUR_IDA): behaviour shifts at 2024Q1 (archetype-mix JS 0.60); 73 works/quarter -> 24 works/quarter; 15% repeated descriptions -> 2% repeated descriptions. Before/after shown for review — a change-point is not evidence of wrongdoing.
Khandwa (East Nimar)(DISTRICT COLLECTOR EAST NIMAR_IDA),2024Q3,2.714444904699525,0.46968976114770494,0.5247577490166879,6,87,139,32729460.0,49749351.0,Khandwa (East Nimar)(DISTRICT COLLECTOR EAST NIMAR_IDA): behaviour shifts at 2024Q3 (archetype-mix JS 0.47); 44 works/quarter -> 35 works/quarter; 21% round-number amounts -> 48% round-number amounts; 0% repeated descriptions -> 69% repeated descriptions. Before/after shown for review — a change-point is not evidence of wrongdoing.
INDORE(DISTRICT COLLECTOR INDORE_IDA),2025Q1,2.7100175727714415,0.47692047307772306,0.5229125165837972,9,275,325,113554050.92,148004879.0,INDORE(DISTRICT COLLECTOR INDORE_IDA): behaviour shifts at 2025Q1 (archetype-mix JS 0.48); 7% round-number amounts -> 29% round-number amounts; 15% repeated descriptions -> 1% repeated descriptions. Before/after shown for review — a change-point is not evidence of wrongdoing.
IDUKKI(DISTRICT COLLECTOR IDUKKI_IDA),2025Q1,3.6779421705584388,0.26340815577110066,0.5229125165837972,10,111,85,80859079.0,100278321.0,IDUKKI(DISTRICT COLLECTOR IDUKKI_IDA): behaviour shifts at 2025Q1 (archetype-mix JS 0.26); 22 works/quarter -> 17 works/quarter; 13% round-number amounts -> 81% round-number amounts; 2% repeated descriptions -> 0% repeated descriptions. Before/after shown for review — a change-point is not evidence of wrongdoing.
VARANASI(DISTRICT MAGISTRAE VARANASI_IDA),2024Q1,2.625670972874057,0.5564333985182277,0.5185109788655218,6,574,623,103765294.39,178443626.68,VARANASI(DISTRICT MAGISTRAE VARANASI_IDA): behaviour shifts at 2024Q1 (archetype-mix JS 0.56); 287 works/quarter -> 156 works/quarter; 0% round-number amounts -> 1% round-number amounts; 53% repeated descriptions -> 0% repeated descriptions. Before/after shown for review — a change-point is not evidence of wrongdoing.
LAKHIMPUR(DEPUTY COMMISSIONER LAKHIMPUR_IDA),2024Q1,3.9956543641680637,0.2510174811010771,0.5177512976806529,6,57,61,20774251.0,35095909.0,LAKHIMPUR(DEPUTY COMMISSIONER LAKHIMPUR_IDA): behaviour shifts at 2024Q1 (archetype-mix JS 0.25); 28 works/quarter -> 15 works/quarter; 82% round-number amounts -> 99% round-number amounts; 2% repeated descriptions -> 0% repeated descriptions. Before/after shown for review — a change-point is not evidence of wrongdoing.
Chhatrapati Sambhajinagar(DISTRICT COLLECTOR AURANGABAD_IDA),2024Q4,3.981228633969614,0.2509513118433796,0.5150884267506396,9,146,124,133603075.0,138680742.0,Chhatrapati Sambhajinagar(DISTRICT COLLECTOR AURANGABAD_IDA): behaviour shifts at 2024Q4 (archetype-mix JS 0.25); 49 works/quarter -> 21 works/quarter; 0% round-number amounts -> 88% round-number amounts; 26% repeated descriptions -> 4% repeated descriptions. Before/after shown for review — a change-point is not evidence of wrongdoing.
GIRIDIH(Deputy Commissioner Giridh_IDA),2024Q4,3.0786585128299135,0.3323944879281314,0.5143866545906088,10,315,442,83939895.0,154331276.0,GIRIDIH(Deputy Commissioner Giridh_IDA): behaviour shifts at 2024Q4 (archetype-mix JS 0.33); 57% round-number amounts -> 90% round-number amounts. Before/after shown for review — a change-point is not evidence of wrongdoing.
PARBHANI(DISTRICT COLLECTOR PARBHANI_IDA),2024Q3,3.3540464764152884,0.2840460265498067,0.5137275694616749,7,111,68,78971259.0,75829229.0,PARBHANI(DISTRICT COLLECTOR PARBHANI_IDA): behaviour shifts at 2024Q3 (archetype-mix JS 0.28); 56 works/quarter -> 14 works/quarter; 6% round-number amounts -> 41% round-number amounts; 0% repeated descriptions -> 4% repeated descriptions. Before/after shown for review — a change-point is not evidence of wrongdoing.
KOPPAL(DEPUTY COMMISSIONER KOPPAL_IDA),2024Q4,3.6392059907294394,0.2592898808583648,0.5127519291200439,8,207,168,68207332.0,94910099.0,KOPPAL(DEPUTY COMMISSIONER KOPPAL_IDA): behaviour shifts at 2024Q4 (archetype-mix JS 0.26); 104 works/quarter -> 28 works/quarter; 56% round-number amounts -> 71% round-number amounts; 7% repeated descriptions -> 0% repeated descriptions. Before/after shown for review — a change-point is not evidence of wrongdoing.
PRATAPGARH(DISTRICT MAGISTRAE PRATAPGARH_IDA),2025Q3,2.7188357960623217,0.4445259353388492,0.5113020313077073,7,646,504,167300069.6,147972125.0,PRATAPGARH(DISTRICT MAGISTRAE PRATAPGARH_IDA): behaviour shifts at 2025Q3 (archetype-mix JS 0.44); 0% round-number amounts -> 18% round-number amounts; 28% repeated descriptions -> 20% repeated descriptions. Before/after shown for review — a change-point is not evidence of wrongdoing.
VIRUDHUNAGAR(DISTRICT COLLECTOR VIRUDHUNAGAR_IDA),2024Q3,3.8775092263576534,0.25081370990212304,0.5087914915638381,8,146,112,102132336.0,117571448.0,VIRUDHUNAGAR(DISTRICT COLLECTOR VIRUDHUNAGAR_IDA): behaviour shifts at 2024Q3 (archetype-mix JS 0.25); 73 works/quarter -> 19 works/quarter; 52% round-number amounts -> 73% round-number amounts; 1% repeated descriptions -> 0% repeated descriptions. Before/after shown for review — a change-point is not evidence of wrongdoing.
NAGPUR(DISTRICT COLLECTOR NAGPUR_IDA),2025Q1,3.185923000779932,0.2977714489150821,0.5052735291757469,10,220,96,173560864.0,141775850.0,NAGPUR(DISTRICT COLLECTOR NAGPUR_IDA): behaviour shifts at 2025Q1 (archetype-mix JS 0.30); 37 works/quarter -> 24 works/quarter; 65% round-number amounts -> 88% round-number amounts; 4% repeated descriptions -> 0% repeated descriptions. Before/after shown for review — a change-point is not evidence of wrongdoing.
PUDUKKOTTAI(DISTRICT COLLECTOR PUDUKKOTTAI_IDA),2025Q2,3.1733911005742073,0.2979138297906182,0.5021081196072318,9,278,89,183429562.0,73766105.0,PUDUKKOTTAI(DISTRICT COLLECTOR PUDUKKOTTAI_IDA): behaviour shifts at 2025Q2 (archetype-mix JS 0.30); 56 works/quarter -> 22 works/quarter; 17% round-number amounts -> 66% round-number amounts. Before/after shown for review — a change-point is not evidence of wrongdoing.
WARDHA(DISTRICT COLLECTOR WARDHA_IDA),2025Q1,2.6177700813171025,0.5056710609913739,0.4968310771884183,7,194,90,59423416.0,53228655.0,WARDHA(DISTRICT COLLECTOR WARDHA_IDA): behaviour shifts at 2025Q1 (archetype-mix JS 0.51); 97 works/quarter -> 18 works/quarter; 56% round-number amounts -> 65% round-number amounts; 2% repeated descriptions -> 0% repeated descriptions. Before/after shown for review — a change-point is not evidence of wrongdoing.
DUNGARPUR(DISTRICT COLLECTOR DUNGARPUR_IDA),2025Q2,3.049789913284191,0.31847968505208535,0.4942470373493112,9,140,110,103319736.2,63547806.0,DUNGARPUR(DISTRICT COLLECTOR DUNGARPUR_IDA): behaviour shifts at 2025Q2 (archetype-mix JS 0.32); 56% round-number amounts -> 92% round-number amounts. Before/after shown for review — a change-point is not evidence of wrongdoing.
DHULE(DISTRICT COLLECTOR DHULE_IDA),2025Q3,2.784034365767637,0.39684545423620166,0.4932227632585793,9,126,127,117575982.0,55759530.0,DHULE(DISTRICT COLLECTOR DHULE_IDA): behaviour shifts at 2025Q3 (archetype-mix JS 0.40); 21 works/quarter -> 42 works/quarter; 39% round-number amounts -> 59% round-number amounts; 0% repeated descriptions -> 48% repeated descriptions. Before/after shown for review — a change-point is not evidence of wrongdoing.
VILLUPURAM(DISTRICT COLLECTOR VILLUPURAM_IDA),2025Q1,3.38128947514956,0.27015369330870176,0.49291456057882105,10,263,201,130143702.0,89993835.0,VILLUPURAM(DISTRICT COLLECTOR VILLUPURAM_IDA): behaviour shifts at 2025Q1 (archetype-mix JS 0.27); 53 works/quarter -> 40 works/quarter; 17% round-number amounts -> 83% round-number amounts; 4% repeated descriptions -> 0% repeated descriptions. Before/after shown for review — a change-point is not evidence of wrongdoing.
ALMORA(DISTRICT MAGISTRATE ALMORA_IDA),2025Q1,2.9193138000064733,0.3530588566554106,0.4909699570487891,6,413,40,51480435.0,10679120.0,ALMORA(DISTRICT MAGISTRATE ALMORA_IDA): behaviour shifts at 2025Q1 (archetype-mix JS 0.35); 138 works/quarter -> 13 works/quarter; 31% round-number amounts -> 85% round-number amounts. Before/after shown for review — a change-point is not evidence of wrongdoing.
DEHRADUN(DISTRICT MAGISTRATE DEHRADUN_IDA),2025Q1,3.0618815552382537,0.3110518108743303,0.49085323886533727,7,118,149,55170000.0,87203705.0,DEHRADUN(DISTRICT MAGISTRATE DEHRADUN_IDA): behaviour shifts at 2025Q1 (archetype-mix JS 0.31); 59 works/quarter -> 30 works/quarter; 94% round-number amounts -> 50% round-number amounts. Before/after shown for review — a change-point is not evidence of wrongdoing.
BALLIA(DISTRICT MAGISTRAE BALLIA_IDA),2024Q1,2.5460552164088175,0.6867186596161907,0.4897506589154968,8,84,486,103116112.0,250225654.0,BALLIA(DISTRICT MAGISTRAE BALLIA_IDA): behaviour shifts at 2024Q1 (archetype-mix JS 0.69); 42 works/quarter -> 81 works/quarter; 33% round-number amounts -> 28% round-number amounts; 25% repeated descriptions -> 5% repeated descriptions. Before/after shown for review — a change-point is not evidence of wrongdoing.
JHANSI(DISTRICT MAGISTRAE JHANSI_IDA),2025Q3,3.0298060677168057,0.3168205222969077,0.4888851495118923,7,168,50,106438812.0,28650000.0,JHANSI(DISTRICT MAGISTRAE JHANSI_IDA): behaviour shifts at 2025Q3 (archetype-mix JS 0.32); 34 works/quarter -> 25 works/quarter; 2% round-number amounts -> 96% round-number amounts; 19% repeated descriptions -> 0% repeated descriptions. Before/after shown for review — a change-point is not evidence of wrongdoing.
ANAND(District Collector ANAND_IDA),2025Q3,3.120991805240252,0.29720138713542466,0.48701142281945775,9,655,192,133765996.0,39493339.0,ANAND(District Collector ANAND_IDA): behaviour shifts at 2025Q3 (archetype-mix JS 0.30); 109 works/quarter -> 64 works/quarter; 41% round-number amounts -> 74% round-number amounts; 1% repeated descriptions -> 0% repeated descriptions. Before/after shown for review — a change-point is not evidence of wrongdoing.
RAMPUR(DISTRICT MAGISTRATE RAMPUR_IDA),2024Q3,2.870127286575997,0.3604169620044595,0.4863715845316171,7,352,238,48921665.84,64066901.0,RAMPUR(DISTRICT MAGISTRATE RAMPUR_IDA): behaviour shifts at 2024Q3 (archetype-mix JS 0.36); 176 works/quarter -> 48 works/quarter; 0% repeated descriptions -> 0% repeated descriptions. Before/after shown for review — a change-point is not evidence of wrongdoing.
LATUR(DISTRICT COLLECTOR LATUR_IDA),2024Q3,3.190926072109294,0.2884725054894147,0.4849866529827688,9,123,99,81358739.0,79822787.0,LATUR(DISTRICT COLLECTOR LATUR_IDA): behaviour shifts at 2024Q3 (archetype-mix JS 0.29); 1% round-number amounts -> 72% round-number amounts. Before/after shown for review — a change-point is not evidence of wrongdoing.
KATIHAR(DISTRICT PLANNING OFFICER KATIHAR_IDA),2024Q4,3.460019214610728,0.2576279193440436,0.4840920421052094,6,77,100,62887452.0,95043440.0,KATIHAR(DISTRICT PLANNING OFFICER KATIHAR_IDA): behaviour shifts at 2024Q4 (archetype-mix JS 0.26); 38 works/quarter -> 25 works/quarter; 1% round-number amounts -> 0% round-number amounts; 0% repeated descriptions -> 64% repeated descriptions. Before/after shown for review — a change-point is not evidence of wrongdoing.
GONDIA(DISTRICT COLLECTOR GONDIA_IDA),2025Q1,3.0890059511989585,0.2999455031830488,0.4835926037909663,10,139,117,67001894.0,67851875.0,GONDIA(DISTRICT COLLECTOR GONDIA_IDA): behaviour shifts at 2025Q1 (archetype-mix JS 0.30); 28 works/quarter -> 23 works/quarter; 25% round-number amounts -> 79% round-number amounts; 5% repeated descriptions -> 17% repeated descriptions. Before/after shown for review — a change-point is not evidence of wrongdoing.
ALWAR(DISTRICT COLLECTOR ALWAR_IDA),2024Q4,3.886494528196768,0.24113900784320347,0.48195680934231916,10,228,81,120276268.14000002,81780489.0,ALWAR(DISTRICT COLLECTOR ALWAR_IDA): behaviour shifts at 2024Q4 (archetype-mix JS 0.24); 57 works/quarter -> 14 works/quarter; 11% round-number amounts -> 66% round-number amounts. Before/after shown for review — a change-point is not evidence of wrongdoing.
CHIKKABALLAPURA(DEPUTY COMMISSIONER CHICKKABALLAPUR_IDA),2024Q4,3.4755609964726832,0.25310711435134337,0.4790170250292333,6,94,77,49130000.0,51936000.0,CHIKKABALLAPURA(DEPUTY COMMISSIONER CHICKKABALLAPUR_IDA): behaviour shifts at 2024Q4 (archetype-mix JS 0.25); 47 works/quarter -> 19 works/quarter; 50% round-number amounts -> 92% round-number amounts; 28% repeated descriptions -> 0% repeated descriptions. Before/after shown for review — a change-point is not evidence of wrongdoing.
GWALIOR(DISTRICT COLLECTOR GWALIOR_IDA),2025Q1,2.569180587173818,0.5447406371314161,0.47875171510856,7,94,34,65177338.0,37234403.0,GWALIOR(DISTRICT COLLECTOR GWALIOR_IDA): behaviour shifts at 2025Q1 (archetype-mix JS 0.54); 31 works/quarter -> 8 works/quarter; 54% round-number amounts -> 45% round-number amounts. Before/after shown for review — a change-point is not evidence of wrongdoing.
Khargone (West Nimar)(DISTRICT COLLECTOR KHARGONE_IDA),2025Q3,2.5669009697151997,0.5318007794419474,0.473603697591614,10,285,39,114912327.0,17475000.0,Khargone (West Nimar)(DISTRICT COLLECTOR KHARGONE_IDA): behaviour shifts at 2025Q3 (archetype-mix JS 0.53); 41 works/quarter -> 13 works/quarter; 54% round-number amounts -> 78% round-number amounts; 30% repeated descriptions -> 0% repeated descriptions. Before/after shown for review — a change-point is not evidence of wrongdoing.
KANDHAMAL(DISTRICT COLLECTOR KANDHAMAL_IDA),2025Q4,2.9944046321933495,0.31291464453594453,0.472455591261534,6,142,78,52876892.0,22420000.0,KANDHAMAL(DISTRICT COLLECTOR KANDHAMAL_IDA): behaviour shifts at 2025Q4 (archetype-mix JS 0.31); 98% round-number amounts -> 79% round-number amounts. Before/after shown for review — a change-point is not evidence of wrongdoing.
SAKTI(COLLECTOR SAKTI_IDA),2025Q3,2.8695438191793263,0.350966105381909,0.4700873778960065,6,148,137,66191940.0,15902277.0,SAKTI(COLLECTOR SAKTI_IDA): behaviour shifts at 2025Q3 (archetype-mix JS 0.35); 37 works/quarter -> 68 works/quarter; median Rs.10^5.61 -> median Rs.10^4.59; 68% round-number amounts -> 38% round-number amounts; 0% repeated descriptions -> 7% repeated descriptions. Before/after shown for review — a change-point is not evidence of wrongdoing.
FEROZEPUR(DEPUTY COMMISSIONER FIROZEPUR_IDA),2025Q3,2.4851212683975037,0.8028423131511142,0.46747274966961816,8,280,186,104489114.0,116233745.0,FEROZEPUR(DEPUTY COMMISSIONER FIROZEPUR_IDA): behaviour shifts at 2025Q3 (archetype-mix JS 0.80); 11% round-number amounts -> 46% round-number amounts; 16% repeated descriptions -> 0% repeated descriptions. Before/after shown for review — a change-point is not evidence of wrongdoing.
TEHRI GARHWAL(DISTRICT MAGISTRATE TEHRI GARHWAL_IDA),2025Q2,2.5709320907354556,0.4947704568059944,0.46700354929167337,6,83,15,37964367.0,12500000.0,TEHRI GARHWAL(DISTRICT MAGISTRATE TEHRI GARHWAL_IDA): behaviour shifts at 2025Q2 (archetype-mix JS 0.49); 21 works/quarter -> 8 works/quarter; 0% repeated descriptions -> 5% repeated descriptions. Before/after shown for review — a change-point is not evidence of wrongdoing.
ETAWAH(DISTRICT MAGISTRATE ETAWAH_IDA),2025Q1,2.5367532600508156,0.5782041695910209,0.46678478351366376,7,255,171,67915827.0,61886494.0,ETAWAH(DISTRICT MAGISTRATE ETAWAH_IDA): behaviour shifts at 2025Q1 (archetype-mix JS 0.58); 85 works/quarter -> 43 works/quarter; 0% round-number amounts -> 15% round-number amounts; 6% repeated descriptions -> 0% repeated descriptions. Before/after shown for review — a change-point is not evidence of wrongdoing.
South 24 Parganas(DISTRICT MAGISTRATE SOUTH TWENTY FOUR PARGANAS_IDA),2025Q3,4.030833877964939,0.2297747144069884,0.46340489937559587,10,1410,129,535487780.0,68511388.0,South 24 Parganas(DISTRICT MAGISTRATE SOUTH TWENTY FOUR PARGANAS_IDA): behaviour shifts at 2025Q3 (archetype-mix JS 0.23); 201 works/quarter -> 43 works/quarter; 22% round-number amounts -> 57% round-number amounts; 0% repeated descriptions -> 4% repeated descriptions. Before/after shown for review — a change-point is not evidence of wrongdoing.
Jagitial(DISTRICT COLLECTOR JAGTIAL_IDA),2025Q3,2.960625859119737,0.30884780058399186,0.4592793267718459,7,376,88,165277882.0,28116813.0,Jagitial(DISTRICT COLLECTOR JAGTIAL_IDA): behaviour shifts at 2025Q3 (archetype-mix JS 0.31); 75 works/quarter -> 44 works/quarter; 80% round-number amounts -> 58% round-number amounts; 2% repeated descriptions -> 4% repeated descriptions. Before/after shown for review — a change-point is not evidence of wrongdoing.
ETAH(DISTRICT MAGISTRATE ETAH_IDA),2025Q3,2.4853149009651805,0.6714827219570172,0.458703999389718,7,267,98,111323758.0,74049451.0,ETAH(DISTRICT MAGISTRATE ETAH_IDA): behaviour shifts at 2025Q3 (archetype-mix JS 0.67); 67 works/quarter -> 33 works/quarter; 5% round-number amounts -> 10% round-number amounts. Before/after shown for review — a change-point is not evidence of wrongdoing.
KOLHAPUR(DISTRICT COLLECTOR KOLHAPUR_IDA),2024Q4,4.787239426538129,0.21847862712084995,0.4575511743710941,12,250,148,192646615.62,131960290.0,KOLHAPUR(DISTRICT COLLECTOR KOLHAPUR_IDA): behaviour shifts at 2024Q4 (archetype-mix JS 0.22); 42 works/quarter -> 25 works/quarter; 33% round-number amounts -> 83% round-number amounts; 0% repeated descriptions -> 24% repeated descriptions. Before/after shown for review — a change-point is not evidence of wrongdoing.
NIZAMABAD(DISTRICT COLLECTOR NIZAMABAD_IDA),2025Q4,2.5310672028437637,0.5495711681454134,0.456013182878723,7,509,48,161124439.0,14893943.0,NIZAMABAD(DISTRICT COLLECTOR NIZAMABAD_IDA): behaviour shifts at 2025Q4 (archetype-mix JS 0.55); 102 works/quarter -> 24 works/quarter; 65% round-number amounts -> 38% round-number amounts; 4% repeated descriptions -> 1% repeated descriptions. Before/after shown for review — a change-point is not evidence of wrongdoing.
MAHOBA(DISTRICT MAGISTRAE MAHOBA_IDA),2024Q4,2.478153497469445,0.681260523827689,0.45533525857776663,6,166,38,75698726.0,28508500.0,MAHOBA(DISTRICT MAGISTRAE MAHOBA_IDA): behaviour shifts at 2024Q4 (archetype-mix JS 0.68); 55 works/quarter -> 13 works/quarter; 27% repeated descriptions -> 5% repeated descriptions. Before/after shown for review — a change-point is not evidence of wrongdoing.
SIWAN(DISTRICT PLANNING OFFICER SIWAN_IDA),2024Q1,2.6118156786796165,0.42369040752182974,0.45219490221787856,7,113,148,106049731.0,140910138.0,SIWAN(DISTRICT PLANNING OFFICER SIWAN_IDA): behaviour shifts at 2024Q1 (archetype-mix JS 0.42); 56 works/quarter -> 30 works/quarter; 0% round-number amounts -> 9% round-number amounts; 0% repeated descriptions -> 44% repeated descriptions. Before/after shown for review — a change-point is not evidence of wrongdoing.
TIRUVANNAMALAI(DISTRICT COLLECTOR TIRUVANNAMALAI_IDA),2024Q3,3.142658368445265,0.2744817792141644,0.4481940536839518,10,173,328,79966810.0,187789460.0,TIRUVANNAMALAI(DISTRICT COLLECTOR TIRUVANNAMALAI_IDA): behaviour shifts at 2024Q3 (archetype-mix JS 0.27); 58 works/quarter -> 47 works/quarter; 5% round-number amounts -> 53% round-number amounts; 6% repeated descriptions -> 0% repeated descriptions. Before/after shown for review — a change-point is not evidence of wrongdoing.
KRISHNAGIRI(DISTRICT COLLECTOR KRISHNAGIRI_IDA),2025Q1,2.6420412368350337,0.38890021100423366,0.44785486442801614,7,115,107,96225494.0,87109630.0,KRISHNAGIRI(DISTRICT COLLECTOR KRISHNAGIRI_IDA): behaviour shifts at 2025Q1 (archetype-mix JS 0.39); 58 works/quarter -> 21 works/quarter; 35% round-number amounts -> 65% round-number amounts. Before/after shown for review — a change-point is not evidence of wrongdoing.
SIRMAUR(DEPUTY COMMISSIONER SIRMOUR_IDA),2024Q3,2.5784268740745175,0.4322126067415819,0.4474987173622024,9,120,226,22931000.0,59123479.21,SIRMAUR(DEPUTY COMMISSIONER SIRMOUR_IDA): behaviour shifts at 2024Q3 (archetype-mix JS 0.43); 60 works/quarter -> 32 works/quarter; 0% repeated descriptions -> 1% repeated descriptions. Before/after shown for review — a change-point is not evidence of wrongdoing.
THANE(DISTRICT COLLECTOR THANE_IDA),2025Q1,3.268953542819097,0.25531225707457195,0.44735395162635405,6,131,108,236646112.0,100794506.0,THANE(DISTRICT COLLECTOR THANE_IDA): behaviour shifts at 2025Q1 (archetype-mix JS 0.26); 66 works/quarter -> 27 works/quarter; 57% round-number amounts -> 96% round-number amounts; 3% repeated descriptions -> 0% repeated descriptions. Before/after shown for review — a change-point is not evidence of wrongdoing.
SOUTH(COMMISSIONER SOUTH),2024Q4,3.0449302466045474,0.28936830433401095,0.4470977128055101,8,16,180,46429502.0,193343005.0,SOUTH(COMMISSIONER SOUTH): behaviour shifts at 2024Q4 (archetype-mix JS 0.29); 8 works/quarter -> 30 works/quarter; 5% round-number amounts -> 12% round-number amounts; 0% repeated descriptions -> 20% repeated descriptions. Before/after shown for review — a change-point is not evidence of wrongdoing.
BOKARO(DEPUTY COMMISSIONER BOKARO_IDA),2025Q2,2.560877110978761,0.4623778642791694,0.4455348196383803,9,619,118,90188100.0,42357800.0,BOKARO(DEPUTY COMMISSIONER BOKARO_IDA): behaviour shifts at 2025Q2 (archetype-mix JS 0.46); 124 works/quarter -> 30 works/quarter; 35% round-number amounts -> 74% round-number amounts. Before/after shown for review — a change-point is not evidence of wrongdoing.
KANNIYAKUMARI(DISTRICT COLLECTOR KANNIYAKUMARI_IDA),2025Q3,2.859716062528921,0.3247581322668172,0.4445720325119842,7,144,38,175590661.0,40413957.0,KANNIYAKUMARI(DISTRICT COLLECTOR KANNIYAKUMARI_IDA): behaviour shifts at 2025Q3 (archetype-mix JS 0.32); 29 works/quarter -> 19 works/quarter; 65% round-number amounts -> 90% round-number amounts; 1% repeated descriptions -> 21% repeated descriptions. Before/after shown for review — a change-point is not evidence of wrongdoing.
NAVSARI(DISTRICT COLLECTOR NAVSARI_IDA),2025Q3,3.0190869159858966,0.2894875560132108,0.4436352341531755,7,546,80,163787213.0,39584041.0,NAVSARI(DISTRICT COLLECTOR NAVSARI_IDA): behaviour shifts at 2025Q3 (archetype-mix JS 0.29); 136 works/quarter -> 27 works/quarter; 63% round-number amounts -> 85% round-number amounts. Before/after shown for review — a change-point is not evidence of wrongdoing.
Bapatla(DISTRICT COLLECTOR BAPATLA_IDA),2025Q1,3.0116012281426294,0.29007610698185377,0.44203192123166296,7,123,119,85833281.0,109296070.0,Bapatla(DISTRICT COLLECTOR BAPATLA_IDA): behaviour shifts at 2025Q1 (archetype-mix JS 0.29); 62 works/quarter -> 24 works/quarter; 8% round-number amounts -> 66% round-number amounts. Before/after shown for review — a change-point is not evidence of wrongdoing.
VALSAD(DISTRICT COLLECTOR VALSAD_IDA),2025Q1,2.46976518867195,0.6155173216521568,0.44077898416627476,8,305,149,99650135.0,68634363.0,VALSAD(DISTRICT COLLECTOR VALSAD_IDA): behaviour shifts at 2025Q1 (archetype-mix JS 0.62); 76 works/quarter -> 37 works/quarter; 89% round-number amounts -> 51% round-number amounts. Before/after shown for review — a change-point is not evidence of wrongdoing.
Nandyal(DISTRICT COLLECTOR NANDYAL_IDA),2025Q4,2.713005120510123,0.35438171952253494,0.4392162946019621,7,251,37,132451128.87,21576310.0,Nandyal(DISTRICT COLLECTOR NANDYAL_IDA): behaviour shifts at 2025Q4 (archetype-mix JS 0.35); 50 works/quarter -> 18 works/quarter; 21% round-number amounts -> 69% round-number amounts; 4% repeated descriptions -> 0% repeated descriptions. Before/after shown for review — a change-point is not evidence of wrongdoing.
Amethi(DISTRICT MAGISTRAE AMETHI_IDA),2024Q4,2.4313865533090455,0.9004773226541565,0.4347008669763611,6,66,31,81350914.0,59128810.0,Amethi(DISTRICT MAGISTRAE AMETHI_IDA): behaviour shifts at 2024Q4 (archetype-mix JS 0.90); 33 works/quarter -> 8 works/quarter; 11% round-number amounts -> 10% round-number amounts. Before/after shown for review — a change-point is not evidence of wrongdoing.
PURI(DISTRICT COLLECTOR PURI_IDA),2025Q2,3.0631104281345523,0.27687826773451096,0.4312832728956594,7,610,272,107913387.0,122280000.0,PURI(DISTRICT COLLECTOR PURI_IDA): behaviour shifts at 2025Q2 (archetype-mix JS 0.28); 203 works/quarter -> 68 works/quarter; 66% round-number amounts -> 95% round-number amounts; 12% repeated descriptions -> 0% repeated descriptions. Before/after shown for review — a change-point is not evidence of wrongdoing.
NARMADAPURAM(DISTRICT COLLECTOR NARMADAPURAM_IDA),2025Q2,3.2446882270759803,0.25027323773935206,0.4266313509695485,7,199,133,36430012.0,28505748.0,NARMADAPURAM(DISTRICT COLLECTOR NARMADAPURAM_IDA): behaviour shifts at 2025Q2 (archetype-mix JS 0.25); 66 works/quarter -> 33 works/quarter; 2% repeated descriptions -> 7% repeated descriptions. Before/after shown for review — a change-point is not evidence of wrongdoing.
NAYAGARH(DISTRICT COLLECTOR  NAYAGARH_IDA),2025Q1,2.4475389604389846,0.6466219760400019,0.4261581047329639,7,98,437,33470905.0,59158200.0,NAYAGARH(DISTRICT COLLECTOR  NAYAGARH_IDA): behaviour shifts at 2025Q1 (archetype-mix JS 0.65); 49 works/quarter -> 87 works/quarter; 80% round-number amounts -> 40% round-number amounts; 0% repeated descriptions -> 6% repeated descriptions. Before/after shown for review — a change-point is not evidence of wrongdoing.
BONGAIGAON(Deputy Commissioner Bongaigaon_IDA),2025Q1,2.638218707936021,0.3604947655423437,0.4238838697998906,7,39,45,16550000.0,49930000.0,BONGAIGAON(Deputy Commissioner Bongaigaon_IDA): behaviour shifts at 2025Q1 (archetype-mix JS 0.36); . Before/after shown for review — a change-point is not evidence of wrongdoing.
BURHANPUR(District Collector Burhanpur_IDA),2024Q3,2.5834321618447493,0.39520679597849107,0.4235781475316291,8,79,60,35378660.0,21515871.0,BURHANPUR(District Collector Burhanpur_IDA): behaviour shifts at 2024Q3 (archetype-mix JS 0.40); 26 works/quarter -> 12 works/quarter; 0% repeated descriptions -> 50% repeated descriptions. Before/after shown for review — a change-point is not evidence of wrongdoing.
BANKURA(DISTRICT MAGISTRATE BANKURA_IDA),2024Q3,3.3073977761850664,0.24292165895950474,0.4229895990362613,9,286,174,226445050.0,189553500.0,BANKURA(DISTRICT MAGISTRATE BANKURA_IDA): behaviour shifts at 2024Q3 (archetype-mix JS 0.24); 143 works/quarter -> 25 works/quarter; 40% repeated descriptions -> 16% repeated descriptions. Before/after shown for review — a change-point is not evidence of wrongdoing.
CHARKI DADRI(Deputy Commissioner Charkhi Dadri_IDA),2025Q4,2.56201856636088,0.4187938985053484,0.42243561579227185,6,26,23,9510612.0,9248755.0,CHARKI DADRI(Deputy Commissioner Charkhi Dadri_IDA): behaviour shifts at 2025Q4 (archetype-mix JS 0.42); 6 works/quarter -> 12 works/quarter; 0% repeated descriptions -> 35% repeated descriptions. Before/after shown for review — a change-point is not evidence of wrongdoing.
AHMEDNAGAR(DISTRICT COLLECTOR AHMEDNAGAR_IDA),2025Q1,3.3468374117074227,0.24029660731770008,0.4220462143122553,11,204,217,138796366.0,198620680.0,AHMEDNAGAR(DISTRICT COLLECTOR AHMEDNAGAR_IDA): behaviour shifts at 2025Q1 (archetype-mix JS 0.24); 29 works/quarter -> 54 works/quarter; 31% round-number amounts -> 98% round-number amounts; 1% repeated descriptions -> 0% repeated descriptions. Before/after shown for review — a change-point is not evidence of wrongdoing.
AURANGABAD(DISTRICT PLANNING OFFICER AURANGABAD_IDA),2025Q2,3.0306671788721595,0.2737577495999441,0.41908444989996846,8,300,170,141124096.0,59621773.0,AURANGABAD(DISTRICT PLANNING OFFICER AURANGABAD_IDA): behaviour shifts at 2025Q2 (archetype-mix JS 0.27); 3% round-number amounts -> 33% round-number amounts; 34% repeated descriptions -> 7% repeated descriptions. Before/after shown for review — a change-point is not evidence of wrongdoing.
KHAMMAM(DISTRICT COLLECTOR KHAMMAM_IDA),2025Q3,2.618413965357064,0.35396784446092366,0.40513854041058645,7,261,162,111410700.0,98369852.0,KHAMMAM(DISTRICT COLLECTOR KHAMMAM_IDA): behaviour shifts at 2025Q3 (archetype-mix JS 0.35); 65 works/quarter -> 54 works/quarter; 50% round-number amounts -> 68% round-number amounts; 1% repeated descriptions -> 0% repeated descriptions. Before/after shown for review — a change-point is not evidence of wrongdoing.
SONBHADRA(DISTRICT MAGISTRATE SONBHADRA_IDA),2024Q1,2.8669352022488335,0.2923017994968781,0.4046894083360569,8,240,481,128027936.89,154847808.77,SONBHADRA(DISTRICT MAGISTRATE SONBHADRA_IDA): behaviour shifts at 2024Q1 (archetype-mix JS 0.29); 120 works/quarter -> 80 works/quarter; 33% round-number amounts -> 8% round-number amounts; 0% repeated descriptions -> 0% repeated descriptions. Before/after shown for review — a change-point is not evidence of wrongdoing.
MAU(DISTRICT MAGISTRATE MAU_IDA),2024Q1,2.4693275103395638,0.47175373930029507,0.40267758156356004,7,106,261,64273829.0,106925390.0,MAU(DISTRICT MAGISTRATE MAU_IDA): behaviour shifts at 2024Q1 (archetype-mix JS 0.47); 17% round-number amounts -> 1% round-number amounts. Before/after shown for review — a change-point is not evidence of wrongdoing.
JHAJJAR(DEPUTY COMMISSIONER cum NODAL OFFICER MPLADS JHAJJAR),2024Q3,2.881683518616526,0.28770096209952317,0.4026280852101602,8,85,69,51048304.0,45919987.0,JHAJJAR(DEPUTY COMMISSIONER cum NODAL OFFICER MPLADS JHAJJAR): behaviour shifts at 2024Q3 (archetype-mix JS 0.29); 42 works/quarter -> 12 works/quarter; 35% round-number amounts -> 76% round-number amounts; 0% repeated descriptions -> 6% repeated descriptions. Before/after shown for review — a change-point is not evidence of wrongdoing.
Eluru(DISTRICT COLLECTOR ELURU_IDA),2025Q4,2.4104830419327983,0.6054238294213254,0.40077999127084823,6,136,34,111756643.0,45980800.0,Eluru(DISTRICT COLLECTOR ELURU_IDA): behaviour shifts at 2025Q4 (archetype-mix JS 0.61); 34 works/quarter -> 17 works/quarter; 74% round-number amounts -> 35% round-number amounts; 28% repeated descriptions -> 20% repeated descriptions. Before/after shown for review — a change-point is not evidence of wrongdoing.
JAIPUR(DISTRICT COLLECTOR JAIPUR_IDA),2024Q1,2.836686407673067,0.29428428418557384,0.39952863050648546,9,234,140,185253572.0,145357963.0,JAIPUR(DISTRICT COLLECTOR JAIPUR_IDA): behaviour shifts at 2024Q1 (archetype-mix JS 0.29); 117 works/quarter -> 20 works/quarter; 4% repeated descriptions -> 11% repeated descriptions. Before/after shown for review — a change-point is not evidence of wrongdoing.
THRISSUR(DISTRICT COLLECTOR THRISSUR_IDA),2024Q3,3.0892402475303515,0.2513083775446393,0.39932280846095286,9,303,194,164646180.4,182485840.0,THRISSUR(DISTRICT COLLECTOR THRISSUR_IDA): behaviour shifts at 2024Q3 (archetype-mix JS 0.25); 101 works/quarter -> 32 works/quarter; 2% round-number amounts -> 35% round-number amounts; 1% repeated descriptions -> 1% repeated descriptions. Before/after shown for review — a change-point is not evidence of wrongdoing.
BATHINDA(DEPUTY COMMISSIONER BHATINDA_IDA),2024Q1,2.5938913300107083,0.35769899669859795,0.39812318785029543,7,56,158,23424435.380000003,61146818.0,BATHINDA(DEPUTY COMMISSIONER BHATINDA_IDA): behaviour shifts at 2024Q1 (archetype-mix JS 0.36); 21% round-number amounts -> 42% round-number amounts; 45% repeated descriptions -> 17% repeated descriptions. Before/after shown for review — a change-point is not evidence of wrongdoing.
MORBI(District collector Morbi_IDA),2024Q3,3.0024070901735085,0.2623225834811325,0.39649919938733286,10,139,210,49025810.61,136325213.0,MORBI(District collector Morbi_IDA): behaviour shifts at 2024Q3 (archetype-mix JS 0.26); 46 works/quarter -> 30 works/quarter; 50% round-number amounts -> 69% round-number amounts; 27% repeated descriptions -> 8% repeated descriptions. Before/after shown for review — a change-point is not evidence of wrongdoing.
BHAVNAGAR(DISTRICT COLLECTOR BHAVNAGAR_IDA),2024Q3,3.806403464798706,0.19741269331658734,0.39450243946634594,10,398,230,116099482.9,120186471.0,BHAVNAGAR(DISTRICT COLLECTOR BHAVNAGAR_IDA): behaviour shifts at 2024Q3 (archetype-mix JS 0.20); 133 works/quarter -> 33 works/quarter; 34% round-number amounts -> 71% round-number amounts; 31% repeated descriptions -> 2% repeated descriptions. Before/after shown for review — a change-point is not evidence of wrongdoing.
SURENDRANAGAR(DISTRICT COLLECTOR SURENDRANAGAR_IDA),2024Q3,4.201337394913837,0.19358912885660567,0.39173948158000543,9,162,127,55344421.0,59952416.0,SURENDRANAGAR(DISTRICT COLLECTOR SURENDRANAGAR_IDA): behaviour shifts at 2024Q3 (archetype-mix JS 0.19); 54 works/quarter -> 21 works/quarter; 6% round-number amounts -> 66% round-number amounts. Before/after shown for review — a change-point is not evidence of wrongdoing.
DEWAS(DISTRICT COLLECTOR DEWAS_IDA),2025Q3,3.220321640636738,0.23747340844354903,0.3906823937428103,8,164,41,80004316.0,31399574.0,DEWAS(DISTRICT COLLECTOR DEWAS_IDA): behaviour shifts at 2025Q3 (archetype-mix JS 0.24); 33 works/quarter -> 14 works/quarter; 66% round-number amounts -> 95% round-number amounts; 13% repeated descriptions -> 0% repeated descriptions. Before/after shown for review — a change-point is not evidence of wrongdoing.
GOPALGANJ(DISTRICT PLANNING OFFICER GOPALGANJ_IDA),2025Q4,2.662753751054114,0.31033066692184175,0.38850829565250766,8,181,43,147693487.0,35165000.0,GOPALGANJ(DISTRICT PLANNING OFFICER GOPALGANJ_IDA): behaviour shifts at 2025Q4 (archetype-mix JS 0.31); 30 works/quarter -> 22 works/quarter; 8% round-number amounts -> 76% round-number amounts; 26% repeated descriptions -> 21% repeated descriptions. Before/after shown for review — a change-point is not evidence of wrongdoing.
Paschim Medinipur(DISTRICT MAGISTRATE PASCHIM MEDINIPUR_IDA),2025Q4,3.3637460705595355,0.21355510781851028,0.3846805343663859,9,589,46,361553559.0,128305994.0,Paschim Medinipur(DISTRICT MAGISTRATE PASCHIM MEDINIPUR_IDA): behaviour shifts at 2025Q4 (archetype-mix JS 0.21); 84 works/quarter -> 23 works/quarter; 13% round-number amounts -> 44% round-number amounts; 62% repeated descriptions -> 17% repeated descriptions. Before/after shown for review — a change-point is not evidence of wrongdoing.
RAIPUR(DISTRICT COLLECTOR RAIPUR_IDA),2025Q1,3.349910693495479,0.21556607870089356,0.3844602838024086,8,224,54,101399011.0,45750000.0,RAIPUR(DISTRICT COLLECTOR RAIPUR_IDA): behaviour shifts at 2025Q1 (archetype-mix JS 0.22); 56 works/quarter -> 14 works/quarter; 85% round-number amounts -> 100% round-number amounts. Before/after shown for review — a change-point is not evidence of wrongdoing.
BARGARH(DISTRICT COLLECTOR BARAGARH_IDA),2025Q3,3.577092015763711,0.20185768608624033,0.3818204163702392,7,243,88,76774510.0,33900000.0,BARGARH(DISTRICT COLLECTOR BARAGARH_IDA): behaviour shifts at 2025Q3 (archetype-mix JS 0.20); 61 works/quarter -> 29 works/quarter; 7% repeated descriptions -> 0% repeated descriptions. Before/after shown for review — a change-point is not evidence of wrongdoing.
MYSURU(DEPUTY COMMISSIONER MYSORE_IDA),2025Q2,3.531883455954165,0.2028389806927334,0.38007435203388773,7,187,97,117400000.0,82200000.0,MYSURU(DEPUTY COMMISSIONER MYSORE_IDA): behaviour shifts at 2025Q2 (archetype-mix JS 0.20); 62 works/quarter -> 24 works/quarter; 3% repeated descriptions -> 0% repeated descriptions. Before/after shown for review — a change-point is not evidence of wrongdoing.
BHARUCH(DISTRICT COLLECTOR BROACH_IDA),2025Q2,2.9188467100326614,0.260893243102177,0.3745213782350776,6,288,132,84463627.0,36638246.0,BHARUCH(DISTRICT COLLECTOR BROACH_IDA): behaviour shifts at 2025Q2 (archetype-mix JS 0.26); 96 works/quarter -> 44 works/quarter; 53% round-number amounts -> 86% round-number amounts; 2% repeated descriptions -> 0% repeated descriptions. Before/after shown for review — a change-point is not evidence of wrongdoing.
KOTTAYAM(DISTRICT COLLECTOR KOTTAYAM_IDA),2025Q4,3.325843490271359,0.21341943152041365,0.37418198407543973,10,608,41,297398881.0,34370000.0,KOTTAYAM(DISTRICT COLLECTOR KOTTAYAM_IDA): behaviour shifts at 2025Q4 (archetype-mix JS 0.21); 76 works/quarter -> 20 works/quarter; 51% round-number amounts -> 93% round-number amounts; 3% repeated descriptions -> 8% repeated descriptions. Before/after shown for review — a change-point is not evidence of wrongdoing.
Sri Potti Sriramulu Nellore(DISTRICT COLLECTOR NELLORE_IDA),2025Q3,2.959106631311163,0.2536288331241287,0.37317530127902876,7,227,129,182706024.0,116860345.0,Sri Potti Sriramulu Nellore(DISTRICT COLLECTOR NELLORE_IDA): behaviour shifts at 2025Q3 (archetype-mix JS 0.25); 57 works/quarter -> 43 works/quarter; 15% round-number amounts -> 80% round-number amounts; 2% repeated descriptions -> 0% repeated descriptions. Before/after shown for review — a change-point is not evidence of wrongdoing.
SURAT(DISTRICT COLLECTOR SURAT_IDA),2024Q1,3.311778724921983,0.21327837946744774,0.36913461436230577,10,120,479,30323248.0,261074599.0,SURAT(DISTRICT COLLECTOR SURAT_IDA): behaviour shifts at 2024Q1 (archetype-mix JS 0.21); 3% round-number amounts -> 33% round-number amounts; 12% repeated descriptions -> 2% repeated descriptions. Before/after shown for review — a change-point is not evidence of wrongdoing.
THIRUVANANTHAPURAM(DISTRICT COLLECTOR THIRUVANANTHAPURAM_IDA),2024Q3,2.945182193549692,0.2513507379470862,0.36770107646382144,10,466,569,181516366.0,289790155.0,THIRUVANANTHAPURAM(DISTRICT COLLECTOR THIRUVANANTHAPURAM_IDA): behaviour shifts at 2024Q3 (archetype-mix JS 0.25); 155 works/quarter -> 81 works/quarter; 4% round-number amounts -> 22% round-number amounts; 24% repeated descriptions -> 1% repeated descriptions. Before/after shown for review — a change-point is not evidence of wrongdoing.
Mahisagar(COLLECTOR MAHISAGAR_IDA),2024Q1,2.5792461586386968,0.32375221227990525,0.36738928725924647,9,51,420,7972000.0,114980167.0,Mahisagar(COLLECTOR MAHISAGAR_IDA): behaviour shifts at 2024Q1 (archetype-mix JS 0.32); 26 works/quarter -> 60 works/quarter; 77% round-number amounts -> 64% round-number amounts; 5% repeated descriptions -> 8% repeated descriptions. Before/after shown for review — a change-point is not evidence of wrongdoing.
SIRSA(DEPUTY COMMISSIONER SIRSA_IDA),2025Q2,2.5779460015923448,0.32496690847253007,0.3662619277851548,7,62,153,22599422.0,46559276.0,SIRSA(DEPUTY COMMISSIONER SIRSA_IDA): behaviour shifts at 2025Q2 (archetype-mix JS 0.32); 21 works/quarter -> 38 works/quarter; 20% round-number amounts -> 14% round-number amounts; 15% repeated descriptions -> 0% repeated descriptions. Before/after shown for review — a change-point is not evidence of wrongdoing.
Cooch Behar(DISTRICT MAGISTRATE COOCHBEHAR_IDA),2025Q4,2.49569370852211,0.3695586055110543,0.3662619277851548,7,175,19,219409734.61,30158888.0,Cooch Behar(DISTRICT MAGISTRATE COOCHBEHAR_IDA): behaviour shifts at 2025Q4 (archetype-mix JS 0.37); 35 works/quarter -> 10 works/quarter; 14% round-number amounts -> 23% round-number amounts; 1% repeated descriptions -> 8% repeated descriptions. Before/after shown for review — a change-point is not evidence of wrongdoing.
THIRUVALLUR(DISTRICT COLLECTOR TIRUVALLUR_IDA),2025Q2,2.987922068664784,0.24733512765501656,0.36280390585982236,10,279,150,190398979.0,103144995.0,THIRUVALLUR(DISTRICT COLLECTOR TIRUVALLUR_IDA): behaviour shifts at 2025Q2 (archetype-mix JS 0.25); 46 works/quarter -> 38 works/quarter; 20% round-number amounts -> 61% round-number amounts; 7% repeated descriptions -> 0% repeated descriptions. Before/after shown for review — a change-point is not evidence of wrongdoing.
BANKA(DISTRICT PLANNING OFFICER BANKA_IDA),2024Q4,2.508419181472225,0.3577127582137607,0.36086232817787894,6,68,47,59074208.0,46755849.0,BANKA(DISTRICT PLANNING OFFICER BANKA_IDA): behaviour shifts at 2024Q4 (archetype-mix JS 0.36); 23 works/quarter -> 16 works/quarter; 6% round-number amounts -> 20% round-number amounts; 0% repeated descriptions -> 9% repeated descriptions. Before/after shown for review — a change-point is not evidence of wrongdoing.
CHHATARPUR(District Collector Chhatarpur_IDA),2025Q3,2.4936743297589072,0.3626708002769766,0.3601989777490055,7,234,73,103397392.0,25471510.0,CHHATARPUR(District Collector Chhatarpur_IDA): behaviour shifts at 2025Q3 (archetype-mix JS 0.36); 47 works/quarter -> 36 works/quarter; 81% round-number amounts -> 58% round-number amounts; 51% repeated descriptions -> 43% repeated descriptions. Before/after shown for review — a change-point is not evidence of wrongdoing.
JALNA(DISTRICT COLLECTOR JALNA_IDA),2024Q3,3.1915760741220436,0.2167383698588004,0.35953440342323006,7,81,61,65780662.0,57491000.0,JALNA(DISTRICT COLLECTOR JALNA_IDA): behaviour shifts at 2024Q3 (archetype-mix JS 0.22); 27 works/quarter -> 15 works/quarter; 24% round-number amounts -> 89% round-number amounts. Before/after shown for review — a change-point is not evidence of wrongdoing.
DHOLPUR(DISTRICT COLLECTOR DHOLPUR_IDA),2024Q4,2.551481586980831,0.34038699839596853,0.358826944567934,6,286,42,87309030.0,8759758.0,DHOLPUR(DISTRICT COLLECTOR DHOLPUR_IDA): behaviour shifts at 2024Q4 (archetype-mix JS 0.34); 143 works/quarter -> 10 works/quarter; 5% round-number amounts -> 25% round-number amounts; 3% repeated descriptions -> 0% repeated descriptions. Before/after shown for review — a change-point is not evidence of wrongdoing.
CHAMBA(DEPUTY COMMISSIONER CHAMBA_IDA),2025Q3,3.3210647551568817,0.20574879398036272,0.35770045757160945,8,331,50,76238832.0,13000000.0,CHAMBA(DEPUTY COMMISSIONER CHAMBA_IDA): behaviour shifts at 2025Q3 (archetype-mix JS 0.21); 66 works/quarter -> 17 works/quarter; 12% repeated descriptions -> 0% repeated descriptions. Before/after shown for review — a change-point is not evidence of wrongdoing.
Sri Sathya Sai(DISTRICT COLLECTOR SRI SATHYA SAI_IDA),2025Q4,2.551142122216726,0.33785230288555723,0.3556679926309688,8,146,27,128544854.0,28690000.0,Sri Sathya Sai(DISTRICT COLLECTOR SRI SATHYA SAI_IDA): behaviour shifts at 2025Q4 (archetype-mix JS 0.34); 24 works/quarter -> 14 works/quarter; 28% round-number amounts -> 83% round-number amounts. Before/after shown for review — a change-point is not evidence of wrongdoing.
KHERI(DISTRICT MAGISTRAE KHERI_IDA),2024Q4,2.288228512998258,0.7921948866332269,0.3547070956782368,8,61,542,61393902.52,145772668.0,KHERI(DISTRICT MAGISTRAE KHERI_IDA): behaviour shifts at 2024Q4 (archetype-mix JS 0.79); 30 works/quarter -> 90 works/quarter; 0% repeated descriptions -> 11% repeated descriptions. Before/after shown for review — a change-point is not evidence of wrongdoing.
BHADRADRI KOTHAGUDEM(District Collector Bhadradri Ktdm_IDA),2025Q3,2.304650445747452,0.6824360968570622,0.35429247590393853,7,90,81,54373584.0,37740000.0,BHADRADRI KOTHAGUDEM(District Collector Bhadradri Ktdm_IDA): behaviour shifts at 2025Q3 (archetype-mix JS 0.68); 22 works/quarter -> 27 works/quarter; 51% round-number amounts -> 96% round-number amounts; 4% repeated descriptions -> 0% repeated descriptions. Before/after shown for review — a change-point is not evidence of wrongdoing.
NAGARKURNOOL(DISTRICT COLLECTOR NAGARKURNOOL_IDA),2024Q3,2.5375087441857755,0.3415076780519447,0.353497015979092,6,143,118,56286969.0,45983708.0,NAGARKURNOOL(DISTRICT COLLECTOR NAGARKURNOOL_IDA): behaviour shifts at 2024Q3 (archetype-mix JS 0.34); 48 works/quarter -> 39 works/quarter; 50% round-number amounts -> 27% round-number amounts; 0% repeated descriptions -> 1% repeated descriptions. Before/after shown for review — a change-point is not evidence of wrongdoing.
PONDICHERRY(PROJECT DIRECTOR RDA PUDUCHERRY_IDA),2025Q3,2.6281073957559444,0.2935224857118549,0.3520988680507977,9,152,44,320958796.0,63107938.0,PONDICHERRY(PROJECT DIRECTOR RDA PUDUCHERRY_IDA): behaviour shifts at 2025Q3 (archetype-mix JS 0.29); 25 works/quarter -> 15 works/quarter. Before/after shown for review — a change-point is not evidence of wrongdoing.
KARBI ANGLONG(DEPUTY COMMISSIONER KARBI ANGLONG_IDA),2024Q4,2.470028932663604,0.36746993013099927,0.350780380010057,7,48,37,100882540.0,44300000.0,KARBI ANGLONG(DEPUTY COMMISSIONER KARBI ANGLONG_IDA): behaviour shifts at 2024Q4 (archetype-mix JS 0.37); 16 works/quarter -> 9 works/quarter; 0% repeated descriptions -> 6% repeated descriptions. Before/after shown for review — a change-point is not evidence of wrongdoing.
BHAGALPUR(DISTRICT PLANNING OFFICER BHAGALPUR_IDA),2025Q4,2.558416777575531,0.3199766646296822,0.3503326703445088,9,185,20,191897735.0,28302793.0,BHAGALPUR(DISTRICT PLANNING OFFICER BHAGALPUR_IDA): behaviour shifts at 2025Q4 (archetype-mix JS 0.32); 26 works/quarter -> 10 works/quarter; 2% round-number amounts -> 8% round-number amounts; 5% repeated descriptions -> 0% repeated descriptions. Before/after shown for review — a change-point is not evidence of wrongdoing.
MAHASAMUND(DISTRICT COLLECTOR MAHASAMUND_IDA),2025Q2,3.176517493026543,0.21347293781466192,0.3498416642583047,7,92,58,51039522.0,45744600.0,MAHASAMUND(DISTRICT COLLECTOR MAHASAMUND_IDA): behaviour shifts at 2025Q2 (archetype-mix JS 0.21); 23 works/quarter -> 19 works/quarter; 67% round-number amounts -> 92% round-number amounts; 11% repeated descriptions -> 53% repeated descriptions. Before/after shown for review — a change-point is not evidence of wrongdoing.
NANDED(DISTRICT COLLECTOR NANDED_IDA),2024Q4,3.545706178731656,0.1890744611910456,0.3497562015321588,8,203,297,139465717.0,303631424.0,NANDED(DISTRICT COLLECTOR NANDED_IDA): behaviour shifts at 2024Q4 (archetype-mix JS 0.19); 102 works/quarter -> 50 works/quarter; 22% round-number amounts -> 73% round-number amounts; 1% repeated descriptions -> 6% repeated descriptions. Before/after shown for review — a change-point is not evidence of wrongdoing.
GOALPARA(Deputy Commissioner Goalpara_IDA),2025Q1,2.4215011752704187,0.40414101394219126,0.34802822410029927,7,59,37,31625800.0,33250000.0,GOALPARA(Deputy Commissioner Goalpara_IDA): behaviour shifts at 2025Q1 (archetype-mix JS 0.40); 20 works/quarter -> 9 works/quarter; 67% round-number amounts -> 100% round-number amounts. Before/after shown for review — a change-point is not evidence of wrongdoing.
MUZAFFARNAGAR(DISTRICT MAGISTRATE MUZAFFARNAGAR_IDA),2025Q4,3.240317137622037,0.2079450980778994,0.34716818598806676,10,320,45,252440158.0,20171191.0,MUZAFFARNAGAR(DISTRICT MAGISTRATE MUZAFFARNAGAR_IDA): behaviour shifts at 2025Q4 (archetype-mix JS 0.21); 40 works/quarter -> 22 works/quarter; 32% round-number amounts -> 54% round-number amounts. Before/after shown for review — a change-point is not evidence of wrongdoing.
KANGRA(DEPUTY COMMISSIONER KANGRA_IDA),2024Q1,2.4544040816838386,0.38076788775462905,0.34588852420031135,10,32,1224,18959360.0,313777082.0,KANGRA(DEPUTY COMMISSIONER KANGRA_IDA): behaviour shifts at 2024Q1 (archetype-mix JS 0.38); 16 works/quarter -> 153 works/quarter; 77% round-number amounts -> 65% round-number amounts; 0% repeated descriptions -> 2% repeated descriptions. Before/after shown for review — a change-point is not evidence of wrongdoing.
MAINPURI(DISTRICT MAGISTRATE MAINPURI_IDA),2025Q2,2.6349812841501596,0.2873831392136889,0.34526134594325936,7,103,85,85168071.0,67320000.0,MAINPURI(DISTRICT MAGISTRATE MAINPURI_IDA): behaviour shifts at 2025Q2 (archetype-mix JS 0.29); 2% round-number amounts -> 39% round-number amounts. Before/after shown for review — a change-point is not evidence of wrongdoing.
KALAHANDI(DISTRICT COLLECTOR KALAHANDI_IDA),2025Q2,2.345945066470876,0.4920601774989084,0.34279203250807977,8,290,163,87495720.0,51227000.0,KALAHANDI(DISTRICT COLLECTOR KALAHANDI_IDA): behaviour shifts at 2025Q2 (archetype-mix JS 0.49); 97% round-number amounts -> 70% round-number amounts; 8% repeated descriptions -> 61% repeated descriptions. Before/after shown for review — a change-point is not evidence of wrongdoing.
PURBA BARDHAMAN(DISTRICT MAGISTRATE PURBA BARDHAMAN_IDA),2025Q4,3.2024849341811517,0.21181286452312592,0.3427048117698438,9,395,243,353397381.0,182570057.0,PURBA BARDHAMAN(DISTRICT MAGISTRATE PURBA BARDHAMAN_IDA): behaviour shifts at 2025Q4 (archetype-mix JS 0.21); 56 works/quarter -> 122 works/quarter; 33% round-number amounts -> 52% round-number amounts; 0% repeated descriptions -> 2% repeated descriptions. Before/after shown for review — a change-point is not evidence of wrongdoing.
NARMADA(DISTRICT COLLECTOR NARMADA_IDA),2025Q3,2.7627616380082176,0.25793110400288577,0.34112372215044723,9,140,71,137063340.0,22146586.0,NARMADA(DISTRICT COLLECTOR NARMADA_IDA): behaviour shifts at 2025Q3 (archetype-mix JS 0.26); 46% round-number amounts -> 95% round-number amounts; 0% repeated descriptions -> 12% repeated descriptions. Before/after shown for review — a change-point is not evidence of wrongdoing.
North 24 Parganas(DISTRICT MAGISTRATE NORTH TWENTY FOUR PARGANAS_IDA),2025Q4,2.685215684539734,0.27275159540967,0.33916821273611747,11,526,44,720571782.0,71793151.0,North 24 Parganas(DISTRICT MAGISTRATE NORTH TWENTY FOUR PARGANAS_IDA): behaviour shifts at 2025Q4 (archetype-mix JS 0.27); 58 works/quarter -> 22 works/quarter; 39% round-number amounts -> 61% round-number amounts; 17% repeated descriptions -> 0% repeated descriptions. Before/after shown for review — a change-point is not evidence of wrongdoing.
BAREILLY(DISTRICT MAGISTRAE BAREILLY_IDA),2025Q3,2.3175312704916124,0.5168626502978371,0.338020432074749,6,317,46,220837401.0,39306278.0,BAREILLY(DISTRICT MAGISTRAE BAREILLY_IDA): behaviour shifts at 2025Q3 (archetype-mix JS 0.52); 79 works/quarter -> 23 works/quarter; 48% repeated descriptions -> 0% repeated descriptions. Before/after shown for review — a change-point is not evidence of wrongdoing.
DURG(DISTRICT COLLECTOR DURG_IDA),2025Q2,2.402626719841499,0.41001701497674403,0.3378582518480742,7,160,107,68890729.0,68372433.0,DURG(DISTRICT COLLECTOR DURG_IDA): behaviour shifts at 2025Q2 (archetype-mix JS 0.41); 53 works/quarter -> 27 works/quarter; 55% repeated descriptions -> 31% repeated descriptions. Before/after shown for review — a change-point is not evidence of wrongdoing.
AYODHYA(DISTRICT MAGISTRAE FAIZABAD_IDA),2025Q2,2.5766568040375697,0.29722683465432476,0.3366764091294276,9,105,137,108680526.0,71057077.0,AYODHYA(DISTRICT MAGISTRAE FAIZABAD_IDA): behaviour shifts at 2025Q2 (archetype-mix JS 0.30); 21 works/quarter -> 34 works/quarter; 0% round-number amounts -> 3% round-number amounts. Before/after shown for review — a change-point is not evidence of wrongdoing.
MUMBAI(DISTRICT COLLECTOR MUMBAI CITY_IDA),2025Q2,2.953249732959056,0.2353931633951038,0.3345981398313079,6,86,61,160468994.0,132680000.0,MUMBAI(DISTRICT COLLECTOR MUMBAI CITY_IDA): behaviour shifts at 2025Q2 (archetype-mix JS 0.24); 29 works/quarter -> 20 works/quarter; 42% round-number amounts -> 99% round-number amounts; 13% repeated descriptions -> 7% repeated descriptions. Before/after shown for review — a change-point is not evidence of wrongdoing.
FATEHABAD(Deputy Commissioner Fatehabad),2025Q3,2.393277055922339,0.42008465937736017,0.33370349079745654,7,123,88,44831788.0,59932213.0,FATEHABAD(Deputy Commissioner Fatehabad): behaviour shifts at 2025Q3 (archetype-mix JS 0.42); 31% round-number amounts -> 53% round-number amounts; 7% repeated descriptions -> 0% repeated descriptions. Before/after shown for review — a change-point is not evidence of wrongdoing.
SHEOPUR(District Collector Sheopur_IDA),2024Q4,2.2943496788586457,0.5354072547404845,0.3330309268135404,6,43,45,30195000.0,19872294.0,SHEOPUR(District Collector Sheopur_IDA): behaviour shifts at 2024Q4 (archetype-mix JS 0.54); 11 works/quarter -> 22 works/quarter; 90% round-number amounts -> 56% round-number amounts; 2% repeated descriptions -> 0% repeated descriptions. Before/after shown for review — a change-point is not evidence of wrongdoing.
HASSAN(DEPUTY COMMISSIONER HASSAN_IDA),2025Q1,2.608430292156021,0.286212503489007,0.33089965107511465,7,375,426,124729328.0,173606650.0,HASSAN(DEPUTY COMMISSIONER HASSAN_IDA): behaviour shifts at 2025Q1 (archetype-mix JS 0.29); 188 works/quarter -> 85 works/quarter; 48% round-number amounts -> 79% round-number amounts; 0% repeated descriptions -> 1% repeated descriptions. Before/after shown for review — a change-point is not evidence of wrongdoing.
HOWRAH(DISTRICT MAGISTRATE HOWRAH_IDA),2025Q3,3.0927773104923166,0.21323587297611224,0.3279807141464888,10,486,279,262458296.0,127440996.0,HOWRAH(DISTRICT MAGISTRATE HOWRAH_IDA): behaviour shifts at 2025Q3 (archetype-mix JS 0.21); 69 works/quarter -> 93 works/quarter; 22% round-number amounts -> 87% round-number amounts. Before/after shown for review — a change-point is not evidence of wrongdoing.
MAHESANA(DISTRICT COLLECTOR MAHESANA_IDA),2024Q1,2.983765731486072,0.2288406051920424,0.32775276505317236,9,276,756,52625571.6,191294998.0,MAHESANA(DISTRICT COLLECTOR MAHESANA_IDA): behaviour shifts at 2024Q1 (archetype-mix JS 0.23); 138 works/quarter -> 108 works/quarter; 64% round-number amounts -> 80% round-number amounts; 10% repeated descriptions -> 5% repeated descriptions. Before/after shown for review — a change-point is not evidence of wrongdoing.
KORBA(Collector-Korba),2025Q2,3.489633454573856,0.18657440690152371,0.32531136968279784,9,158,92,65451634.0,32088696.0,KORBA(Collector-Korba): behaviour shifts at 2025Q2 (archetype-mix JS 0.19); 32 works/quarter -> 23 works/quarter; 71% round-number amounts -> 92% round-number amounts; 0% repeated descriptions -> 24% repeated descriptions. Before/after shown for review — a change-point is not evidence of wrongdoing.
WAYANAD(DISTRICT COLLECTOR WAYANAD_IDA),2025Q4,2.692571564869431,0.25459326660755155,0.32337579824061524,7,65,15,88900078.0,10896500.0,WAYANAD(DISTRICT COLLECTOR WAYANAD_IDA): behaviour shifts at 2025Q4 (archetype-mix JS 0.25); 13 works/quarter -> 8 works/quarter. Before/after shown for review — a change-point is not evidence of wrongdoing.
CHIRANG(Deputy Commissioner Chirang_IDA),2025Q4,2.499276882808569,0.3087544655504609,0.32242683525784227,9,132,26,140950000.0,40880000.0,CHIRANG(Deputy Commissioner Chirang_IDA): behaviour shifts at 2025Q4 (archetype-mix JS 0.31); 19 works/quarter -> 13 works/quarter. Before/after shown for review — a change-point is not evidence of wrongdoing.
HAVERI(DEPUTY COMMISSIONER HAVERI_IDA),2025Q4,2.3379129061819146,0.4482211985646053,0.32242683525784227,6,274,59,147479764.0,33750000.0,HAVERI(DEPUTY COMMISSIONER HAVERI_IDA): behaviour shifts at 2025Q4 (archetype-mix JS 0.45); 68 works/quarter -> 30 works/quarter; 77% round-number amounts -> 100% round-number amounts; 17% repeated descriptions -> 0% repeated descriptions. Before/after shown for review — a change-point is not evidence of wrongdoing.
NADIA(DISTRICT MAGISTRATE NADIA_IDA),2025Q1,2.759562682472003,0.24924886677826252,0.32240365492528716,10,350,169,231975830.0,142029605.0,NADIA(DISTRICT MAGISTRATE NADIA_IDA): behaviour shifts at 2025Q1 (archetype-mix JS 0.25); 70 works/quarter -> 34 works/quarter; 6% round-number amounts -> 24% round-number amounts. Before/after shown for review — a change-point is not evidence of wrongdoing.
VIKARABAD(DISTRICT COLLECTOR VIKARABAD_2),2025Q2,3.4254461884696505,0.18699486505091234,0.31834458010726907,6,287,77,90019793.0,28798448.0,VIKARABAD(DISTRICT COLLECTOR VIKARABAD_2): behaviour shifts at 2025Q2 (archetype-mix JS 0.19); 96 works/quarter -> 26 works/quarter; 34% round-number amounts -> 85% round-number amounts; 19% repeated descriptions -> 0% repeated descriptions. Before/after shown for review — a change-point is not evidence of wrongdoing.
VIDISHA(District Collector Vidisha_IDA),2025Q3,2.3601164730534356,0.42022391105682333,0.3182819693130541,7,237,11,127217882.0,5225743.0,VIDISHA(District Collector Vidisha_IDA): behaviour shifts at 2025Q3 (archetype-mix JS 0.42); 47 works/quarter -> 6 works/quarter; 68% round-number amounts -> 80% round-number amounts; 21% repeated descriptions -> 0% repeated descriptions. Before/after shown for review — a change-point is not evidence of wrongdoing.
BHIWANI(DC Cum Nodal Officer MPLADS Bhiwani),2024Q4,3.9088836314777895,0.16846400607642667,0.3173099222128011,9,100,89,33222662.0,39410487.0,BHIWANI(DC Cum Nodal Officer MPLADS Bhiwani): behaviour shifts at 2024Q4 (archetype-mix JS 0.17); 33 works/quarter -> 15 works/quarter; 7% round-number amounts -> 49% round-number amounts. Before/after shown for review — a change-point is not evidence of wrongdoing.
GARHWA(Deputy Commissioner garhwa_IDA),2025Q4,2.8855420925343895,0.2300115487805186,0.31485876378974126,6,144,26,49600000.0,9650000.0,GARHWA(Deputy Commissioner garhwa_IDA): behaviour shifts at 2025Q4 (archetype-mix JS 0.23); 36 works/quarter -> 13 works/quarter; 0% repeated descriptions -> 10% repeated descriptions. Before/after shown for review — a change-point is not evidence of wrongdoing.
HYDERABAD(DISTRICT COLLECTOR HYDERABAD_IDA),2025Q3,2.880386889896275,0.23094784335581203,0.31480337339847747,8,199,66,317259029.0,92225400.0,HYDERABAD(DISTRICT COLLECTOR HYDERABAD_IDA): behaviour shifts at 2025Q3 (archetype-mix JS 0.23); 37% round-number amounts -> 62% round-number amounts; 0% repeated descriptions -> 16% repeated descriptions. Before/after shown for review — a change-point is not evidence of wrongdoing.
AGRA(DISTRICT MAGISTRAE AGRA_IDA),2025Q1,2.8683062050814905,0.23520226940031974,0.3145975522758548,10,173,244,208207844.0,247399734.0,AGRA(DISTRICT MAGISTRAE AGRA_IDA): behaviour shifts at 2025Q1 (archetype-mix JS 0.24); 35 works/quarter -> 49 works/quarter; 0% round-number amounts -> 27% round-number amounts; 8% repeated descriptions -> 2% repeated descriptions. Before/after shown for review — a change-point is not evidence of wrongdoing.
JUNAGADH(DISTRICT COLLECTOR JUNAGADH_IDA),2025Q1,4.0494627853183145,0.16193175276643954,0.3123006379382416,7,152,153,47009051.0,63286386.0,JUNAGADH(DISTRICT COLLECTOR JUNAGADH_IDA): behaviour shifts at 2025Q1 (archetype-mix JS 0.16); 76 works/quarter -> 31 works/quarter; 17% round-number amounts -> 78% round-number amounts; 0% repeated descriptions -> 1% repeated descriptions. Before/after shown for review — a change-point is not evidence of wrongdoing.
Kakinada(DISTRICT COLLECTOR KAKINADA_IDA),2025Q1,3.452430952045506,0.17700516469184355,0.3096972528015984,7,136,57,79953408.35,113707876.0,Kakinada(DISTRICT COLLECTOR KAKINADA_IDA): behaviour shifts at 2025Q1 (archetype-mix JS 0.18); 68 works/quarter -> 11 works/quarter; 3% round-number amounts -> 72% round-number amounts. Before/after shown for review — a change-point is not evidence of wrongdoing.
KAITHAL(DC CUM NODAL OFFICERS MPLADS),2025Q3,3.068612029886683,0.20239389240701072,0.30856902590830465,7,160,54,72428611.0,34953542.0,KAITHAL(DC CUM NODAL OFFICERS MPLADS): behaviour shifts at 2025Q3 (archetype-mix JS 0.20); 40 works/quarter -> 18 works/quarter; 66% round-number amounts -> 90% round-number amounts; 7% repeated descriptions -> 0% repeated descriptions. Before/after shown for review — a change-point is not evidence of wrongdoing.
MEDCHAL MALKAJGIRI(DISTRICT COLLECTOR MEDCHAL MALKAJGIRI_IDA),2025Q2,2.4546281064070077,0.31404877545086785,0.3059420306985609,6,62,143,49045943.0,116415151.0,MEDCHAL MALKAJGIRI(DISTRICT COLLECTOR MEDCHAL MALKAJGIRI_IDA): behaviour shifts at 2025Q2 (archetype-mix JS 0.31); 31 works/quarter -> 36 works/quarter; 66% round-number amounts -> 96% round-number amounts. Before/after shown for review — a change-point is not evidence of wrongdoing.
HANUMANGARH(DISTRICT COLLECTOR HANUMANGARH_IDA),2025Q2,2.3998465928104995,0.3601536187022971,0.3045873232752801,6,69,56,51781094.0,39565726.0,HANUMANGARH(DISTRICT COLLECTOR HANUMANGARH_IDA): behaviour shifts at 2025Q2 (archetype-mix JS 0.36); 23 works/quarter -> 19 works/quarter; 24% round-number amounts -> 76% round-number amounts. Before/after shown for review — a change-point is not evidence of wrongdoing.
MAHABUBABAD(DISTRICT COLLECTOR MAHABUBABAD_IDA),2025Q2,2.4005120740695554,0.35551980387303267,0.30344009764225766,7,226,127,88264000.0,49271698.0,MAHABUBABAD(DISTRICT COLLECTOR MAHABUBABAD_IDA): behaviour shifts at 2025Q2 (archetype-mix JS 0.36); 45 works/quarter -> 64 works/quarter; 32% round-number amounts -> 1% round-number amounts. Before/after shown for review — a change-point is not evidence of wrongdoing.
AHMADABAD(DISTRICT COLLECTOR AHMADABAD_IDA),2024Q1,2.414810299233296,0.3427110487155606,0.302313240860353,10,262,525,122636417.0,342440268.0,AHMADABAD(DISTRICT COLLECTOR AHMADABAD_IDA): behaviour shifts at 2024Q1 (archetype-mix JS 0.34); 131 works/quarter -> 66 works/quarter; 31% round-number amounts -> 54% round-number amounts; 0% repeated descriptions -> 1% repeated descriptions. Before/after shown for review — a change-point is not evidence of wrongdoing.
MUMBAI SUBURBAN(DISTRICT COLLECTOR MUMBAI SUBURBAN_IDA),2024Q1,3.1489255394889963,0.1900090332154188,0.30189267969101274,13,99,279,250034469.0,612830442.0,MUMBAI SUBURBAN(DISTRICT COLLECTOR MUMBAI SUBURBAN_IDA): behaviour shifts at 2024Q1 (archetype-mix JS 0.19); 20 works/quarter -> 35 works/quarter; 61% round-number amounts -> 96% round-number amounts; 0% repeated descriptions -> 10% repeated descriptions. Before/after shown for review — a change-point is not evidence of wrongdoing.
Narayanpet(DISTRICT COLLECTOR NARAYANPET_IDA),2025Q2,2.7330808493447276,0.23838185330785094,0.29977271364642044,6,111,90,46384360.0,42550000.0,Narayanpet(DISTRICT COLLECTOR NARAYANPET_IDA): behaviour shifts at 2025Q2 (archetype-mix JS 0.24); 56 works/quarter -> 22 works/quarter; 3% repeated descriptions -> 2% repeated descriptions. Before/after shown for review — a change-point is not evidence of wrongdoing.
UDUPI(DEPUTY COMMISSIONER UDUPI_IDA),2024Q4,3.4734824908692183,0.17164449083359687,0.2978050014313914,8,177,169,72629889.0,75499391.0,UDUPI(DEPUTY COMMISSIONER UDUPI_IDA): behaviour shifts at 2024Q4 (archetype-mix JS 0.17); 59 works/quarter -> 34 works/quarter; 59% round-number amounts -> 92% round-number amounts. Before/after shown for review — a change-point is not evidence of wrongdoing.
BELAGAVI(DEPUTY COMMISSIONER BELGAUM_IDA),2024Q2,3.56923764959873,0.1671942955086815,0.2967323099622119,10,450,418,236948387.0,280762627.0,BELAGAVI(DEPUTY COMMISSIONER BELGAUM_IDA): behaviour shifts at 2024Q2 (archetype-mix JS 0.17); 225 works/quarter -> 52 works/quarter; 22% repeated descriptions -> 3% repeated descriptions. Before/after shown for review — a change-point is not evidence of wrongdoing.
UNA(DEPUTY COMMISSIOENR UNA_IDA),2024Q4,2.682710266309164,0.2419829127640672,0.29541126803689,7,205,57,35657220.0,14481400.0,UNA(DEPUTY COMMISSIOENR UNA_IDA): behaviour shifts at 2024Q4 (archetype-mix JS 0.24); 68 works/quarter -> 14 works/quarter; 0% repeated descriptions -> 17% repeated descriptions. Before/after shown for review — a change-point is not evidence of wrongdoing.
CENTRAL(COMMISSIONER MCD (CENTRAL DISTRICT)),2024Q4,2.8216059441667585,0.22447384720182367,0.2941266446609178,8,44,77,76755749.0,101706688.0,CENTRAL(COMMISSIONER MCD (CENTRAL DISTRICT)): behaviour shifts at 2024Q4 (archetype-mix JS 0.22); 22 works/quarter -> 13 works/quarter; 2% round-number amounts -> 22% round-number amounts; 0% repeated descriptions -> 24% repeated descriptions. Before/after shown for review — a change-point is not evidence of wrongdoing.
RANCHI(DEPUTY COMMISSIONER RANCHI_IDA),2025Q3,2.641204403009173,0.24652460190299075,0.2914805954090255,11,867,459,615458374.0,233189266.0,RANCHI(DEPUTY COMMISSIONER RANCHI_IDA): behaviour shifts at 2025Q3 (archetype-mix JS 0.25); 108 works/quarter -> 153 works/quarter; 40% round-number amounts -> 68% round-number amounts; 2% repeated descriptions -> 7% repeated descriptions. Before/after shown for review — a change-point is not evidence of wrongdoing.
AMRAVATI(DISTRICT COLLECTOR AMRAVATI_IDA),2025Q1,3.1090567387282695,0.188739166830319,0.2907360715994519,11,147,237,139501685.0,215465300.0,AMRAVATI(DISTRICT COLLECTOR AMRAVATI_IDA): behaviour shifts at 2025Q1 (archetype-mix JS 0.19); 24 works/quarter -> 47 works/quarter; 71% round-number amounts -> 86% round-number amounts; 1% repeated descriptions -> 1% repeated descriptions. Before/after shown for review — a change-point is not evidence of wrongdoing.
GANDHINAGAR(DISTRICT COLLECTOR GANDHINAGAR_IDA),2025Q1,3.1594317238083067,0.18793692487065788,0.2880502304596494,9,274,237,90696668.0,101576282.0,GANDHINAGAR(DISTRICT COLLECTOR GANDHINAGAR_IDA): behaviour shifts at 2025Q1 (archetype-mix JS 0.19); 68 works/quarter -> 47 works/quarter; 43% round-number amounts -> 75% round-number amounts; 4% repeated descriptions -> 0% repeated descriptions. Before/after shown for review — a change-point is not evidence of wrongdoing.
CUTTACK(DISTRICT COLLECTOR CUTTACK_IDA),2025Q4,2.5454787238189556,0.2676859195296819,0.2872447846811681,9,592,121,208143607.0,46373000.0,CUTTACK(DISTRICT COLLECTOR CUTTACK_IDA): behaviour shifts at 2025Q4 (archetype-mix JS 0.27); 85 works/quarter -> 60 works/quarter; 93% round-number amounts -> 71% round-number amounts. Before/after shown for review — a change-point is not evidence of wrongdoing.
S.A.S Nagar(DEPUTY COMMISSIONER SAHIBZADA AJIT SINGH NAGAR MOHALI_IDA),2025Q2,2.63269816618375,0.2433080799288394,0.2872447846811681,8,56,84,21714893.740000002,31404332.0,S.A.S Nagar(DEPUTY COMMISSIONER SAHIBZADA AJIT SINGH NAGAR MOHALI_IDA): behaviour shifts at 2025Q2 (archetype-mix JS 0.24); 14 works/quarter -> 21 works/quarter. Before/after shown for review — a change-point is not evidence of wrongdoing.
WEST GARO HILLS(DEPUTY COMMISSIONER WEST GARO HILLS_IDA),2024Q4,2.144657771332657,0.7197234719550609,0.286697874490281,6,180,98,53950000.0,47750000.0,WEST GARO HILLS(DEPUTY COMMISSIONER WEST GARO HILLS_IDA): behaviour shifts at 2024Q4 (archetype-mix JS 0.72); 90 works/quarter -> 24 works/quarter; 1% repeated descriptions -> 36% repeated descriptions. Before/after shown for review — a change-point is not evidence of wrongdoing.
PALAMU(DEPUTY COMMISSIONER PALAMAU_IDA),2025Q1,2.486270050787037,0.27987073903642457,0.2861325064100369,7,99,203,32885143.0,79822879.0,PALAMU(DEPUTY COMMISSIONER PALAMAU_IDA): behaviour shifts at 2025Q1 (archetype-mix JS 0.28); 50 works/quarter -> 41 works/quarter; 5% round-number amounts -> 45% round-number amounts. Before/after shown for review — a change-point is not evidence of wrongdoing.
PATAN(DISTRICT COLLECTOR PATAN_IDA),2024Q4,2.3656857672846234,0.34808065393790566,0.285365300258873,8,145,207,42946076.25,81649136.0,PATAN(DISTRICT COLLECTOR PATAN_IDA): behaviour shifts at 2024Q4 (archetype-mix JS 0.35); 72 works/quarter -> 34 works/quarter; 2% repeated descriptions -> 0% repeated descriptions. Before/after shown for review — a change-point is not evidence of wrongdoing.
TIRUNELVELI(DISTRICT COLLECTOR TIRUNELVELI_IDA),2025Q2,2.4727817400266816,0.2799295307603505,0.280051656245444,6,138,81,124835688.0,78032902.0,TIRUNELVELI(DISTRICT COLLECTOR TIRUNELVELI_IDA): behaviour shifts at 2025Q2 (archetype-mix JS 0.28); 69 works/quarter -> 20 works/quarter; 33% round-number amounts -> 50% round-number amounts. Before/after shown for review — a change-point is not evidence of wrongdoing.
Dr. B.R. Ambedkar Konaseema(DISTRICT COLLECTOR Dr B R AMBEDKAR KONASEEMA_IDA),2024Q1,3.741767893499302,0.15549135878360898,0.27485284211997624,10,201,291,149255804.0,235148377.0,Dr. B.R. Ambedkar Konaseema(DISTRICT COLLECTOR Dr B R AMBEDKAR KONASEEMA_IDA): behaviour shifts at 2024Q1 (archetype-mix JS 0.16); 100 works/quarter -> 36 works/quarter; 1% repeated descriptions -> 0% repeated descriptions. Before/after shown for review — a change-point is not evidence of wrongdoing.
RAYAGADA(DISTRICT COLLECTOR RAYAGADA_IDA),2025Q4,2.896761573097688,0.19598559822870193,0.2740631508439436,7,127,244,47485719.0,73590000.0,RAYAGADA(DISTRICT COLLECTOR RAYAGADA_IDA): behaviour shifts at 2025Q4 (archetype-mix JS 0.20); 25 works/quarter -> 122 works/quarter; 77% round-number amounts -> 99% round-number amounts. Before/after shown for review — a change-point is not evidence of wrongdoing.
CHANDAULI(DISTRICT MAGISTRATE CHANDAULI_IDA),2025Q3,2.1916216854445967,0.45132924167383237,0.27334409847931485,9,354,31,335610065.0,49869139.0,CHANDAULI(DISTRICT MAGISTRATE CHANDAULI_IDA): behaviour shifts at 2025Q3 (archetype-mix JS 0.45); 51 works/quarter -> 16 works/quarter; 16% round-number amounts -> 20% round-number amounts; 2% repeated descriptions -> 8% repeated descriptions. Before/after shown for review — a change-point is not evidence of wrongdoing.
SALEM(DISTRICT COLLECTOR SALEM_IDA),2024Q4,2.2755352306388112,0.38204427199503255,0.27329852517859643,9,150,218,148567413.0,150545948.5,SALEM(DISTRICT COLLECTOR SALEM_IDA): behaviour shifts at 2024Q4 (archetype-mix JS 0.38); 50 works/quarter -> 36 works/quarter; 32% round-number amounts -> 51% round-number amounts; 0% repeated descriptions -> 1% repeated descriptions. Before/after shown for review — a change-point is not evidence of wrongdoing.
RAIGAD(DISTRICT COLLECTOR RAIGAD_IDA),2024Q4,3.508416046708452,0.15854928804929957,0.27268710810849023,8,143,86,124309742.0,126954714.0,RAIGAD(DISTRICT COLLECTOR RAIGAD_IDA): behaviour shifts at 2024Q4 (archetype-mix JS 0.16); 48 works/quarter -> 17 works/quarter; 31% round-number amounts -> 92% round-number amounts. Before/after shown for review — a change-point is not evidence of wrongdoing.
KODAGU(Deputy Commsioner Kodagu_ida),2025Q3,2.2323657570647706,0.39891994500752104,0.2724037492671419,6,99,33,42950000.0,43050000.0,KODAGU(Deputy Commsioner Kodagu_ida): behaviour shifts at 2025Q3 (archetype-mix JS 0.40); 25 works/quarter -> 16 works/quarter. Before/after shown for review — a change-point is not evidence of wrongdoing.
KAMRUP METRO(DEPUTY COMMISSIONER KAMRUP METROPOLITAN_IDA),2025Q2,2.9255412051895315,0.1936149579381607,0.2712581701957734,8,49,58,95269919.1,56550000.0,KAMRUP METRO(DEPUTY COMMISSIONER KAMRUP METROPOLITAN_IDA): behaviour shifts at 2025Q2 (archetype-mix JS 0.19); 12 works/quarter -> 14 works/quarter; 85% round-number amounts -> 100% round-number amounts. Before/after shown for review — a change-point is not evidence of wrongdoing.
SHAJAPUR(District Collector Shajapur_IDA),2024Q4,2.4495427196429156,0.2850081901558747,0.2710192814042151,7,64,38,28711898.0,24958328.0,SHAJAPUR(District Collector Shajapur_IDA): behaviour shifts at 2024Q4 (archetype-mix JS 0.29); 21 works/quarter -> 10 works/quarter. Before/after shown for review — a change-point is not evidence of wrongdoing.
BHADRAK(DISTRICT COLLECTOR BHADRAK_IDA),2025Q1,2.689234143913373,0.21805125870445247,0.27057770183367263,6,124,127,40008370.0,74200000.0,BHADRAK(DISTRICT COLLECTOR BHADRAK_IDA): behaviour shifts at 2025Q1 (archetype-mix JS 0.22); 62 works/quarter -> 32 works/quarter. Before/after shown for review — a change-point is not evidence of wrongdoing.
CHITTOOR(DISTRICT COLLECTOR CHITTOOR_IDA),2024Q4,2.4573929741786706,0.2782344374559488,0.27030134827179647,10,256,210,167118899.0,89758000.0,CHITTOOR(DISTRICT COLLECTOR CHITTOOR_IDA): behaviour shifts at 2024Q4 (archetype-mix JS 0.28); 64 works/quarter -> 35 works/quarter. Before/after shown for review — a change-point is not evidence of wrongdoing.
HOSHIARPUR(DEPUTY COMMISSIONER HOSHIARPUR_IDA),2024Q3,3.556345878665347,0.15608443088483287,0.2695815031901204,11,367,318,82781376.0,148117767.0,HOSHIARPUR(DEPUTY COMMISSIONER HOSHIARPUR_IDA): behaviour shifts at 2024Q3 (archetype-mix JS 0.16); 92 works/quarter -> 45 works/quarter; 24% repeated descriptions -> 39% repeated descriptions. Before/after shown for review — a change-point is not evidence of wrongdoing.
Malda(DISTRICT MAGISTRATE MALDA_IDA),2024Q4,2.605022939735251,0.23962847764409442,0.2687577864320532,9,577,145,191358146.0,84387698.0,Malda(DISTRICT MAGISTRATE MALDA_IDA): behaviour shifts at 2024Q4 (archetype-mix JS 0.24); 192 works/quarter -> 24 works/quarter; 31% round-number amounts -> 66% round-number amounts. Before/after shown for review — a change-point is not evidence of wrongdoing.
LALITPUR(DISTRICT MAGISTRATE LALITPUR_IDA),2025Q3,2.6518595287674267,0.22056617784272545,0.26874851684450735,7,88,38,58841856.0,21950000.0,LALITPUR(DISTRICT MAGISTRATE LALITPUR_IDA): behaviour shifts at 2025Q3 (archetype-mix JS 0.22); 1% round-number amounts -> 100% round-number amounts. Before/after shown for review — a change-point is not evidence of wrongdoing.
BUNDI(DISTRICT COLLECTOR BUNDI_IDA),2025Q2,2.243284209063852,0.38036958565114204,0.26692546301565623,6,166,31,89881005.0,24842598.0,BUNDI(DISTRICT COLLECTOR BUNDI_IDA): behaviour shifts at 2025Q2 (archetype-mix JS 0.38); 55 works/quarter -> 10 works/quarter. Before/after shown for review — a change-point is not evidence of wrongdoing.
AURAIYA(DISTRICT MAGISTRATE AURAIYA_IDA),2025Q3,2.261067312099272,0.3665439586435567,0.2646383988442666,8,405,46,239507755.35,16904183.0,AURAIYA(DISTRICT MAGISTRATE AURAIYA_IDA): behaviour shifts at 2025Q3 (archetype-mix JS 0.37); 68 works/quarter -> 23 works/quarter; 31% repeated descriptions -> 0% repeated descriptions. Before/after shown for review — a change-point is not evidence of wrongdoing.
Narsimhapur(DISTRICT COLLECTOR NARSINGHPUR_IDA),2024Q3,2.9894767922467453,0.1885456586412293,0.26457249462238946,10,275,230,56330058.0,67084599.0,Narsimhapur(DISTRICT COLLECTOR NARSINGHPUR_IDA): behaviour shifts at 2024Q3 (archetype-mix JS 0.19); 92 works/quarter -> 33 works/quarter; 14% repeated descriptions -> 0% repeated descriptions. Before/after shown for review — a change-point is not evidence of wrongdoing.
RAJNANDGAON(DISTRICT COLLECTOR RAJNANDGAON_IDA),2025Q3,2.402566527505076,0.29423768422034746,0.2615324734978002,8,120,50,51244749.0,20657547.0,RAJNANDGAON(DISTRICT COLLECTOR RAJNANDGAON_IDA): behaviour shifts at 2025Q3 (archetype-mix JS 0.29); 24 works/quarter -> 17 works/quarter; 59% round-number amounts -> 90% round-number amounts. Before/after shown for review — a change-point is not evidence of wrongdoing.
BHILWARA(DISTRICT COLLECTOR BHILWARA_IDA),2025Q1,2.1265360792427184,0.833836722945817,0.2595052076666718,8,167,116,63236875.5,56008825.0,BHILWARA(DISTRICT COLLECTOR BHILWARA_IDA): behaviour shifts at 2025Q1 (archetype-mix JS 0.83); 56 works/quarter -> 23 works/quarter; 65% round-number amounts -> 52% round-number amounts. Before/after shown for review — a change-point is not evidence of wrongdoing.
JALORE(DISTRICT COLLECTOR JALORE_IDA),2025Q2,2.7929991785597417,0.1956358325318729,0.2554609242154667,6,58,53,41114897.0,29140444.0,JALORE(DISTRICT COLLECTOR JALORE_IDA): behaviour shifts at 2025Q2 (archetype-mix JS 0.20); 29 works/quarter -> 13 works/quarter; 13% round-number amounts -> 38% round-number amounts. Before/after shown for review — a change-point is not evidence of wrongdoing.
KASARAGOD(DISTRICT COLLECTOR KASARAGOD_IDA),2024Q4,3.0878989998716095,0.17230921517940936,0.2520444149695584,7,234,129,87104786.0,42120206.0,KASARAGOD(DISTRICT COLLECTOR KASARAGOD_IDA): behaviour shifts at 2024Q4 (archetype-mix JS 0.17); 117 works/quarter -> 26 works/quarter; 0% round-number amounts -> 39% round-number amounts; 0% repeated descriptions -> 2% repeated descriptions. Before/after shown for review — a change-point is not evidence of wrongdoing.
KAIMUR (BHABUA)(DISTRICT PLANNING OFFICER KAIMUR BHABUA_IDA),2025Q4,2.339377731122351,0.30200534567444937,0.2512722728476837,9,181,23,140420344.0,13794894.0,KAIMUR (BHABUA)(DISTRICT PLANNING OFFICER KAIMUR BHABUA_IDA): behaviour shifts at 2025Q4 (archetype-mix JS 0.30); 26 works/quarter -> 12 works/quarter; 20% round-number amounts -> 36% round-number amounts; 6% repeated descriptions -> 4% repeated descriptions. Before/after shown for review — a change-point is not evidence of wrongdoing.
MANDI(DEPUTY COMMISSIONER MANDI_IDA),2025Q3,2.7403404624834504,0.1944773681931242,0.2479286801096605,9,414,189,70818858.0,46110410.0,MANDI(DEPUTY COMMISSIONER MANDI_IDA): behaviour shifts at 2025Q3 (archetype-mix JS 0.19); 80% round-number amounts -> 97% round-number amounts; 0% repeated descriptions -> 1% repeated descriptions. Before/after shown for review — a change-point is not evidence of wrongdoing.
ROHTAK(DEPUTY COMMISSIONER ROHTAK_IDA),2024Q1,2.841439545087104,0.18984456171809938,0.24716383904018327,9,64,75,41882214.0,49733573.0,ROHTAK(DEPUTY COMMISSIONER ROHTAK_IDA): behaviour shifts at 2024Q1 (archetype-mix JS 0.19); 32 works/quarter -> 11 works/quarter; 57% round-number amounts -> 78% round-number amounts. Before/after shown for review — a change-point is not evidence of wrongdoing.
ERODE(DISTRICT_COLLECTORE_ERODE_IDA),2024Q3,2.964548639868421,0.17727661255483868,0.2466290592309488,9,136,184,154731998.0,142938079.0,ERODE(DISTRICT_COLLECTORE_ERODE_IDA): behaviour shifts at 2024Q3 (archetype-mix JS 0.18); 68 works/quarter -> 26 works/quarter; 46% round-number amounts -> 62% round-number amounts; 3% repeated descriptions -> 0% repeated descriptions. Before/after shown for review — a change-point is not evidence of wrongdoing.
KURUKSHETRA(DEPUTY COMMISSIONER KURUKSHETRA_IDA),2025Q2,3.0775058346948816,0.1714720978381934,0.24506854908372067,7,114,37,44242957.379999995,24191821.0,KURUKSHETRA(DEPUTY COMMISSIONER KURUKSHETRA_IDA): behaviour shifts at 2025Q2 (archetype-mix JS 0.17); 28 works/quarter -> 12 works/quarter; 10% round-number amounts -> 31% round-number amounts; 1% repeated descriptions -> 0% repeated descriptions. Before/after shown for review — a change-point is not evidence of wrongdoing.
GUNTUR(DISTRICT COLLECTOR GUNTUR_IDA),2025Q1,3.370201541965662,0.15397316786805987,0.2440294708699366,7,170,102,142884286.0,120348236.0,GUNTUR(DISTRICT COLLECTOR GUNTUR_IDA): behaviour shifts at 2025Q1 (archetype-mix JS 0.15); 85 works/quarter -> 20 works/quarter; 10% round-number amounts -> 87% round-number amounts. Before/after shown for review — a change-point is not evidence of wrongdoing.
PURNIA(DISTRICT PLANNING OFFICER PURNIA_IDA),2024Q1,2.1913486549636563,0.38160080530086177,0.24237001434179276,7,84,179,80119362.0,141441906.0,PURNIA(DISTRICT PLANNING OFFICER PURNIA_IDA): behaviour shifts at 2024Q1 (archetype-mix JS 0.38); 0% round-number amounts -> 21% round-number amounts. Before/after shown for review — a change-point is not evidence of wrongdoing.
BARWANI(DISTRICT COLLECTOR BADWANI_IDA),2024Q4,2.41351192299876,0.26664631989740306,0.24171128707824216,10,242,292,124827047.0,108241237.0,BARWANI(DISTRICT COLLECTOR BADWANI_IDA): behaviour shifts at 2024Q4 (archetype-mix JS 0.27); 60 works/quarter -> 49 works/quarter; 57% round-number amounts -> 37% round-number amounts; 17% repeated descriptions -> 1% repeated descriptions. Before/after shown for review — a change-point is not evidence of wrongdoing.
SITAPUR(DISTRICT MAGISTRATE SITAPUR_IDA),2024Q1,2.711108687705274,0.19390181805277817,0.2403262291731209,8,23,147,87967804.92,235964462.25,SITAPUR(DISTRICT MAGISTRATE SITAPUR_IDA): behaviour shifts at 2024Q1 (archetype-mix JS 0.19); 12 works/quarter -> 24 works/quarter; 0% round-number amounts -> 9% round-number amounts; 0% repeated descriptions -> 12% repeated descriptions. Before/after shown for review — a change-point is not evidence of wrongdoing.
CHURU(DISTRICT COLLECTOR CHURU_IDA),2025Q1,3.5417120040279677,0.15014736443925786,0.23905822741946944,7,125,98,71685033.0,90266453.0,CHURU(DISTRICT COLLECTOR CHURU_IDA): behaviour shifts at 2025Q1 (archetype-mix JS 0.15); 62 works/quarter -> 20 works/quarter; 42% round-number amounts -> 23% round-number amounts. Before/after shown for review — a change-point is not evidence of wrongdoing.
NAMAKKAL(DISTRICT COLLECTOR NAMAKKAL_IDA),2025Q4,2.3716900544600117,0.27709209731793627,0.23828582401933066,9,256,76,267285126.0,38253951.0,NAMAKKAL(DISTRICT COLLECTOR NAMAKKAL_IDA): behaviour shifts at 2025Q4 (archetype-mix JS 0.28); 26% round-number amounts -> 51% round-number amounts. Before/after shown for review — a change-point is not evidence of wrongdoing.
GANJAM(DISTRICT COLLECTOR GANJAM_IDA),2025Q1,3.8099887027861135,0.1434765619965964,0.2354249441684859,7,421,209,131984744.0,71200000.0,GANJAM(DISTRICT COLLECTOR GANJAM_IDA): behaviour shifts at 2025Q1 (archetype-mix JS 0.14); 140 works/quarter -> 52 works/quarter; 6% repeated descriptions -> 24% repeated descriptions. Before/after shown for review — a change-point is not evidence of wrongdoing.
VADODARA(DISTRICT COLLECTOR VADODARA_IDA),2025Q4,2.3700807666334818,0.27601938944071347,0.2351284657547088,9,307,146,151226694.0,54611341.0,VADODARA(DISTRICT COLLECTOR VADODARA_IDA): behaviour shifts at 2025Q4 (archetype-mix JS 0.28); 44 works/quarter -> 73 works/quarter; 59% round-number amounts -> 86% round-number amounts. Before/after shown for review — a change-point is not evidence of wrongdoing.
NALANDA(DISTRICT PLANNING OFFICER NALANDA_IDA),2024Q4,3.353038833126602,0.151686513240337,0.23222869292214202,6,292,133,82962726.0,54813581.0,NALANDA(DISTRICT PLANNING OFFICER NALANDA_IDA): behaviour shifts at 2024Q4 (archetype-mix JS 0.15); 146 works/quarter -> 33 works/quarter; 2% round-number amounts -> 50% round-number amounts; 0% repeated descriptions -> 15% repeated descriptions. Before/after shown for review — a change-point is not evidence of wrongdoing.
Gaurela Pendra Marwahi(Collector GPM_IDA),2024Q1,2.1165197171091057,0.501559535777022,0.23067876219221095,7,19,78,5972656.23,25867921.0,Gaurela Pendra Marwahi(Collector GPM_IDA): behaviour shifts at 2024Q1 (archetype-mix JS 0.50); 10 works/quarter -> 16 works/quarter; 52% round-number amounts -> 76% round-number amounts; 35% repeated descriptions -> 22% repeated descriptions. Before/after shown for review — a change-point is not evidence of wrongdoing.
HAMIRPUR(DEPUTY COMMISSIONER HAMIRPUR_IDA),2024Q3,3.0283988428141195,0.16362696121791107,0.23059234946687426,10,272,217,49075059.0,44500279.0,HAMIRPUR(DEPUTY COMMISSIONER HAMIRPUR_IDA): behaviour shifts at 2024Q3 (archetype-mix JS 0.16); 91 works/quarter -> 31 works/quarter; 90% round-number amounts -> 76% round-number amounts; 0% repeated descriptions -> 11% repeated descriptions. Before/after shown for review — a change-point is not evidence of wrongdoing.
KACHCHH(DISTRICT COLLECTOR KUTCH_IDA),2024Q4,2.577213056906428,0.21293870227976197,0.22963966338592295,7,189,225,69284813.0,95730206.0,KACHCHH(DISTRICT COLLECTOR KUTCH_IDA): behaviour shifts at 2024Q4 (archetype-mix JS 0.21); 94 works/quarter -> 45 works/quarter; 78% round-number amounts -> 96% round-number amounts. Before/after shown for review — a change-point is not evidence of wrongdoing.
NORTH GOA(DISTRICT COLLECTOR NORTH GOA_IDA),2025Q3,3.1265938530443145,0.15802803063301762,0.22937915319044874,7,135,27,217391367.61,47889597.0,NORTH GOA(DISTRICT COLLECTOR NORTH GOA_IDA): behaviour shifts at 2025Q3 (archetype-mix JS 0.16); 34 works/quarter -> 9 works/quarter. Before/after shown for review — a change-point is not evidence of wrongdoing.
BENGALURU URBAN(DEPUTY COMMISSIONER BANGALORE URBAN_IDA),2025Q2,4.129572898811752,0.1402693769100214,0.2285958413302162,10,670,271,540579883.0,264440846.0,BENGALURU URBAN(DEPUTY COMMISSIONER BANGALORE URBAN_IDA): behaviour shifts at 2025Q2 (archetype-mix JS 0.14); 112 works/quarter -> 68 works/quarter; 36% round-number amounts -> 91% round-number amounts; 21% repeated descriptions -> 7% repeated descriptions. Before/after shown for review — a change-point is not evidence of wrongdoing.
BASTI(DISTRICT MAGISTRATE BASTI_IDA),2025Q2,2.1416933004183822,0.38516989421084896,0.2222748086518679,6,32,123,48307618.0,106798882.0,BASTI(DISTRICT MAGISTRATE BASTI_IDA): behaviour shifts at 2025Q2 (archetype-mix JS 0.39); 16 works/quarter -> 31 works/quarter; median Rs.10^6.24 -> median Rs.10^5.24; 10% round-number amounts -> 4% round-number amounts. Before/after shown for review — a change-point is not evidence of wrongdoing.
NORTH(COMMISSIONER MCD NORTH_IDA),2025Q2,2.4319586673883555,0.24172415954477192,0.2203386192723762,7,190,21,152850308.0,22649584.63,NORTH(COMMISSIONER MCD NORTH_IDA): behaviour shifts at 2025Q2 (archetype-mix JS 0.24); 38 works/quarter -> 10 works/quarter; 0% round-number amounts -> 5% round-number amounts; 0% repeated descriptions -> 0% repeated descriptions. Before/after shown for review — a change-point is not evidence of wrongdoing.
AMRITSAR(DEPUTY COMMISSIONER AMRITSAR_IDA),2025Q1,2.854998765871773,0.17326549811431546,0.22011237563609018,9,190,215,103335811.8,101337490.0,AMRITSAR(DEPUTY COMMISSIONER AMRITSAR_IDA): behaviour shifts at 2025Q1 (archetype-mix JS 0.17); 38 works/quarter -> 54 works/quarter; 58% round-number amounts -> 73% round-number amounts; 13% repeated descriptions -> 38% repeated descriptions. Before/after shown for review — a change-point is not evidence of wrongdoing.
KOLLAM(DISTRICT COLLECTOR KOLLAM_IDA),2025Q1,3.181492350110818,0.15340961983062062,0.2197839086872766,8,142,266,129480091.34,165200517.0,KOLLAM(DISTRICT COLLECTOR KOLLAM_IDA): behaviour shifts at 2025Q1 (archetype-mix JS 0.15); 37% round-number amounts -> 61% round-number amounts; 1% repeated descriptions -> 0% repeated descriptions. Before/after shown for review — a change-point is not evidence of wrongdoing.
JORHAT(DEPUTY COMMISSIONER JORHAT_IDA),2025Q4,2.1997009242722614,0.3165769529385165,0.21856770830167227,8,300,32,109746406.0,10950000.0,JORHAT(DEPUTY COMMISSIONER JORHAT_IDA): behaviour shifts at 2025Q4 (archetype-mix JS 0.32); 50 works/quarter -> 16 works/quarter. Before/after shown for review — a change-point is not evidence of wrongdoing.
BALLARI(DEPUTY COMMISSIONER BELLARY_IDA),2025Q2,2.0704708011020543,0.5251131793359363,0.21833962965424078,7,49,68,94130000.0,72419000.0,BALLARI(DEPUTY COMMISSIONER BELLARY_IDA): behaviour shifts at 2025Q2 (archetype-mix JS 0.53); 27% repeated descriptions -> 0% repeated descriptions. Before/after shown for review — a change-point is not evidence of wrongdoing.
JEHANABAD(DISTRICT PLANNING OFFICER JEHANABAD_IDA),2025Q4,2.063454365339812,0.5995750025696223,0.21760817155274892,7,182,41,74861162.0,33883100.0,JEHANABAD(DISTRICT PLANNING OFFICER JEHANABAD_IDA): behaviour shifts at 2025Q4 (archetype-mix JS 0.60); 36 works/quarter -> 20 works/quarter; 20% round-number amounts -> 0% round-number amounts; 32% repeated descriptions -> 0% repeated descriptions. Before/after shown for review — a change-point is not evidence of wrongdoing.
BIRBHUM(DISTRICT MAGISTRATE BIRBHUM_IDA),2025Q2,3.0935577600530872,0.15420391331098401,0.2172415189392221,10,326,118,292717327.34000003,116333713.0,BIRBHUM(DISTRICT MAGISTRATE BIRBHUM_IDA): behaviour shifts at 2025Q2 (archetype-mix JS 0.15); 54 works/quarter -> 30 works/quarter; 30% round-number amounts -> 59% round-number amounts; 3% repeated descriptions -> 0% repeated descriptions. Before/after shown for review — a change-point is not evidence of wrongdoing.
CUDDALORE(DISTRICT COLLECTOR CUDDALORE_IDA),2024Q4,2.7805635702960405,0.1745037775339291,0.21636822885808274,7,175,177,110060586.0,159105235.0,CUDDALORE(DISTRICT COLLECTOR CUDDALORE_IDA): behaviour shifts at 2024Q4 (archetype-mix JS 0.17); 88 works/quarter -> 35 works/quarter; 33% round-number amounts -> 49% round-number amounts; 4% repeated descriptions -> 1% repeated descriptions. Before/after shown for review — a change-point is not evidence of wrongdoing.
MAYURBHANJ(DISTRICT COLLECTOR MAYURBHANJ_IDA),2025Q1,2.944604922536387,0.1617424192140578,0.21507481197224831,7,280,289,93644721.0,161065957.0,MAYURBHANJ(DISTRICT COLLECTOR MAYURBHANJ_IDA): behaviour shifts at 2025Q1 (archetype-mix JS 0.16); 140 works/quarter -> 58 works/quarter. Before/after shown for review — a change-point is not evidence of wrongdoing.
GHAZIABAD(DISTRICT MAGISTRAE GHAZIABAD_IDA),2025Q3,2.209482878047361,0.2989196897981531,0.213096589015404,7,62,33,89446343.0,33829760.0,GHAZIABAD(DISTRICT MAGISTRAE GHAZIABAD_IDA): behaviour shifts at 2025Q3 (archetype-mix JS 0.30); 12 works/quarter -> 16 works/quarter; 4% round-number amounts -> 44% round-number amounts. Before/after shown for review — a change-point is not evidence of wrongdoing.
CHENNAI(COMMISSIONER MUNCIPAL CORPORATION CHENNAI_IDA),2024Q1,2.4320993592060796,0.2333309222490329,0.212511254203784,9,50,199,194087794.0,521306031.0,CHENNAI(COMMISSIONER MUNCIPAL CORPORATION CHENNAI_IDA): behaviour shifts at 2024Q1 (archetype-mix JS 0.23); 43% round-number amounts -> 51% round-number amounts; 48% repeated descriptions -> 5% repeated descriptions. Before/after shown for review — a change-point is not evidence of wrongdoing.
FIROZABAD(DISTRICT MAGISTRATE FIROZABAD_IDA),2025Q2,2.1478054680776997,0.3465954865435451,0.21222972007151272,6,87,53,183406377.95,128262500.0,FIROZABAD(DISTRICT MAGISTRATE FIROZABAD_IDA): behaviour shifts at 2025Q2 (archetype-mix JS 0.35); 22 works/quarter -> 26 works/quarter; 8% round-number amounts -> 23% round-number amounts. Before/after shown for review — a change-point is not evidence of wrongdoing.
KODERMA(DEPUTY COMMISSIONER KODARMA_IDA),2025Q1,2.13980958187387,0.3601076583321965,0.20920311631892824,6,79,97,24944998.0,30780507.0,KODERMA(DEPUTY COMMISSIONER KODARMA_IDA): behaviour shifts at 2025Q1 (archetype-mix JS 0.36); 26 works/quarter -> 32 works/quarter; 67% round-number amounts -> 78% round-number amounts. Before/after shown for review — a change-point is not evidence of wrongdoing.
TINSUKIA(DC Tinsukia),2024Q1,2.3649324862721275,0.24768268674785518,0.20603537070025582,6,56,79,29598429.0,67542773.0,TINSUKIA(DC Tinsukia): behaviour shifts at 2024Q1 (archetype-mix JS 0.25); 28 works/quarter -> 20 works/quarter; 85% round-number amounts -> 98% round-number amounts. Before/after shown for review — a change-point is not evidence of wrongdoing.
FATEHPUR(DISTRICT MAGISTRATE FATEHPUR_IDA),2024Q1,2.315969928800103,0.26002204880213753,0.20572075727667785,6,57,80,67531156.0,76100388.0,FATEHPUR(DISTRICT MAGISTRATE FATEHPUR_IDA): behaviour shifts at 2024Q1 (archetype-mix JS 0.26); 28 works/quarter -> 20 works/quarter; 13% round-number amounts -> 18% round-number amounts. Before/after shown for review — a change-point is not evidence of wrongdoing.
SHIVAMOGGA(DEPUTY COMMISSIONER SHIMOGA_IDA),2025Q4,2.3645655800988967,0.2479447784286011,0.2054299172293489,7,292,123,126511373.0,98450000.0,SHIVAMOGGA(DEPUTY COMMISSIONER SHIMOGA_IDA): behaviour shifts at 2025Q4 (archetype-mix JS 0.25); 68% round-number amounts -> 83% round-number amounts. Before/after shown for review — a change-point is not evidence of wrongdoing.
RAJKOT(DISTRICT COLLECTOR RAJKOT_IDA),2024Q3,3.6562344630471535,0.13376589730126037,0.20174669739729145,9,240,319,88163546.0,149464588.0,RAJKOT(DISTRICT COLLECTOR RAJKOT_IDA): behaviour shifts at 2024Q3 (archetype-mix JS 0.13); 120 works/quarter -> 46 works/quarter; 40% round-number amounts -> 74% round-number amounts; 25% repeated descriptions -> 18% repeated descriptions. Before/after shown for review — a change-point is not evidence of wrongdoing.
HAZARIBAGH(DEPUTY COMMISSIONER HAZARIBAGH_IDA),2025Q2,2.4739099617301776,0.20698344658617907,0.20089285714285715,6,127,102,72447140.0,49050000.0,HAZARIBAGH(DEPUTY COMMISSIONER HAZARIBAGH_IDA): behaviour shifts at 2025Q2 (archetype-mix JS 0.21); 42 works/quarter -> 34 works/quarter; 0% repeated descriptions -> 10% repeated descriptions. Before/after shown for review — a change-point is not evidence of wrongdoing.
MEERUT(DISTRICT MAGISTRATE MEERUT_IDA),2025Q2,2.0640344811075275,0.4299431767486758,0.19713751933767515,10,252,91,192691865.0,98478565.0,MEERUT(DISTRICT MAGISTRATE MEERUT_IDA): behaviour shifts at 2025Q2 (archetype-mix JS 0.43); 42 works/quarter -> 23 works/quarter; 20% round-number amounts -> 45% round-number amounts. Before/after shown for review — a change-point is not evidence of wrongdoing.
SOUTH GOA(DISTRICT COLLECTOR SOUTH GOA_IDA),2025Q3,2.531269183174873,0.19084132001717563,0.19622554442710635,7,116,61,142818446.0,53702246.0,SOUTH GOA(DISTRICT COLLECTOR SOUTH GOA_IDA): behaviour shifts at 2025Q3 (archetype-mix JS 0.19); 29 works/quarter -> 20 works/quarter; 28% round-number amounts -> 55% round-number amounts; 3% repeated descriptions -> 0% repeated descriptions. Before/after shown for review — a change-point is not evidence of wrongdoing.
MOGA(Deputy Commissioner Moga),2024Q1,2.5838938669063873,0.1786571378473169,0.19288349274357094,8,136,155,42183564.0,52092293.0,MOGA(Deputy Commissioner Moga): behaviour shifts at 2024Q1 (archetype-mix JS 0.18); 68 works/quarter -> 26 works/quarter; 64% round-number amounts -> 93% round-number amounts. Before/after shown for review — a change-point is not evidence of wrongdoing.
KOLKATA(COMMISSIONER KOLKATA MUNICIPAL CORPORATION_IDA),2025Q1,3.1358753890658164,0.14473969813422577,0.1926379375927805,10,189,160,238549925.0,585838085.0,KOLKATA(COMMISSIONER KOLKATA MUNICIPAL CORPORATION_IDA): behaviour shifts at 2025Q1 (archetype-mix JS 0.14); 38 works/quarter -> 32 works/quarter; 43% round-number amounts -> 67% round-number amounts; 0% repeated descriptions -> 7% repeated descriptions. Before/after shown for review — a change-point is not evidence of wrongdoing.
AMBEDKAR NAGAR(DISTRICT MAGISTRATE AMBEDKAR NAGAR_IDA),2025Q2,2.0190980161998944,0.4410113707222298,0.19059676940507952,7,194,51,97985805.0,37971900.0,AMBEDKAR NAGAR(DISTRICT MAGISTRATE AMBEDKAR NAGAR_IDA): behaviour shifts at 2025Q2 (archetype-mix JS 0.44); 39 works/quarter -> 26 works/quarter; 7% round-number amounts -> 32% round-number amounts. Before/after shown for review — a change-point is not evidence of wrongdoing.
SAMASTIPUR(DISTRICT PLANNING OFFICER SAMASTIPUR_IDA),2024Q1,2.179094674607319,0.28876590723128,0.19028281432126343,7,45,447,45611786.0,205678240.0,SAMASTIPUR(DISTRICT PLANNING OFFICER SAMASTIPUR_IDA): behaviour shifts at 2024Q1 (archetype-mix JS 0.29); 22 works/quarter -> 89 works/quarter; 0% round-number amounts -> 39% round-number amounts. Before/after shown for review — a change-point is not evidence of wrongdoing.
SAMBHAL(DISTRICT MAGISTRAE BHIMNAGAR SAMBHAL_IDA),2025Q3,2.1434747082293453,0.3003658842784087,0.18866559472424502,8,208,200,80919410.0,67104510.85,SAMBHAL(DISTRICT MAGISTRAE BHIMNAGAR SAMBHAL_IDA): behaviour shifts at 2025Q3 (archetype-mix JS 0.30); 35 works/quarter -> 100 works/quarter; 4% round-number amounts -> 0% round-number amounts. Before/after shown for review — a change-point is not evidence of wrongdoing.
JALANDHAR(DEPUTY COMMISSIONER JALANDHAR_IDA),2025Q4,2.138158071930669,0.3138116466005777,0.18722077423077663,9,414,37,165713030.51999998,50779632.0,JALANDHAR(DEPUTY COMMISSIONER JALANDHAR_IDA): behaviour shifts at 2025Q4 (archetype-mix JS 0.31); 59 works/quarter -> 18 works/quarter; 43% round-number amounts -> 55% round-number amounts. Before/after shown for review — a change-point is not evidence of wrongdoing.
SARAN(DISTRICT PLANNING OFFICE SARAN CHAPRA_IDA),2025Q3,2.1330464198773305,0.3379987530860289,0.18643404480197412,6,115,34,265536760.0,37350225.0,SARAN(DISTRICT PLANNING OFFICE SARAN CHAPRA_IDA): behaviour shifts at 2025Q3 (archetype-mix JS 0.34); 29 works/quarter -> 17 works/quarter; 43% round-number amounts -> 0% round-number amounts. Before/after shown for review — a change-point is not evidence of wrongdoing.
SOLAN(DEPUTY COMMISSIONER SOLAN_IDA),2024Q4,2.076981746206409,0.3750127748783233,0.18557687223952254,7,115,97,23639000.0,26930900.0,SOLAN(DEPUTY COMMISSIONER SOLAN_IDA): behaviour shifts at 2024Q4 (archetype-mix JS 0.38); 58 works/quarter -> 19 works/quarter. Before/after shown for review — a change-point is not evidence of wrongdoing.
HARIDWAR(DISTRICT MAGISTRATE HARIDWAR_IDA),2024Q4,2.107919450330138,0.35413180377417275,0.18544258112110373,9,203,133,115259589.0,111708779.0,HARIDWAR(DISTRICT MAGISTRATE HARIDWAR_IDA): behaviour shifts at 2024Q4 (archetype-mix JS 0.35); 68 works/quarter -> 22 works/quarter. Before/after shown for review — a change-point is not evidence of wrongdoing.
MARIGAON(District Development Commissioner Morigaon),2024Q4,2.7141061850596206,0.16069560012126716,0.18468874636997862,7,62,99,19449747.0,44500000.0,MARIGAON(District Development Commissioner Morigaon): behaviour shifts at 2024Q4 (archetype-mix JS 0.16); 31 works/quarter -> 20 works/quarter. Before/after shown for review — a change-point is not evidence of wrongdoing.
PATNA(DISTRICT PLANNING OFFICER PATNA_IDA),2023Q4,1.9834649705354708,0.49925278115417426,0.18332131463774257,11,150,1185,92349011.0,750791478.0,PATNA(DISTRICT PLANNING OFFICER PATNA_IDA): behaviour shifts at 2023Q4 (archetype-mix JS 0.50); 75 works/quarter -> 132 works/quarter; 12% round-number amounts -> 3% round-number amounts; 33% repeated descriptions -> 11% repeated descriptions. Before/after shown for review — a change-point is not evidence of wrongdoing.
AZAMGARH(DISTRICT MAGISTRATE AZAMGARH_IDA),2024Q4,2.2295302553077807,0.2544690325650696,0.18244951863320932,10,203,331,102971277.0,182694643.0,AZAMGARH(DISTRICT MAGISTRATE AZAMGARH_IDA): behaviour shifts at 2024Q4 (archetype-mix JS 0.25); 6% round-number amounts -> 10% round-number amounts; 0% repeated descriptions -> 2% repeated descriptions. Before/after shown for review — a change-point is not evidence of wrongdoing.
PUNE(DISTRICT COLLECTOR PUNE_IDA),2024Q1,4.580452723447752,0.11931095248335266,0.18236757408893073,14,140,553,102864091.0,518917823.0,PUNE(DISTRICT COLLECTOR PUNE_IDA): behaviour shifts at 2024Q1 (archetype-mix JS 0.12); 23 works/quarter -> 69 works/quarter; 41% round-number amounts -> 86% round-number amounts; 0% repeated descriptions -> 1% repeated descriptions. Before/after shown for review — a change-point is not evidence of wrongdoing.
NAINITAL(DISTRICT MAGISTRATE NAINITAL_IDA),2025Q1,3.449124990598886,0.12667052800731024,0.18176551862978607,8,227,289,59081468.92,73559934.0,NAINITAL(DISTRICT MAGISTRATE NAINITAL_IDA): behaviour shifts at 2025Q1 (archetype-mix JS 0.13); 76 works/quarter -> 58 works/quarter; 3% repeated descriptions -> 26% repeated descriptions. Before/after shown for review — a change-point is not evidence of wrongdoing.
BHADOHI(DISTRICT MAGISTRATE BHADOHI_IDA),2024Q4,2.5084237488183336,0.1849144312085123,0.17747992305253768,7,31,401,44833000.0,69602457.0,BHADOHI(DISTRICT MAGISTRATE BHADOHI_IDA): behaviour shifts at 2024Q4 (archetype-mix JS 0.18); 16 works/quarter -> 80 works/quarter; 6% round-number amounts -> 16% round-number amounts. Before/after shown for review — a change-point is not evidence of wrongdoing.
KHEDA(DISTRICT COLLECTOR KHEDA_IDA),2024Q3,3.5332220161425867,0.12244364088282463,0.17679078726487615,10,612,472,110001602.0,111965679.0,KHEDA(DISTRICT COLLECTOR KHEDA_IDA): behaviour shifts at 2024Q3 (archetype-mix JS 0.12); 204 works/quarter -> 67 works/quarter; 42% round-number amounts -> 54% round-number amounts; 0% repeated descriptions -> 2% repeated descriptions. Before/after shown for review — a change-point is not evidence of wrongdoing.
Annamayya(DISTRICT COLLECTOR ANNAMAYYA_IDA),2024Q4,2.4615943540309604,0.18863594145785895,0.17404989901444579,9,268,292,88022552.0,128651031.0,Annamayya(DISTRICT COLLECTOR ANNAMAYYA_IDA): behaviour shifts at 2024Q4 (archetype-mix JS 0.19); 89 works/quarter -> 49 works/quarter; 31% round-number amounts -> 71% round-number amounts. Before/after shown for review — a change-point is not evidence of wrongdoing.
KENDUJHAR(DISTRICT COLLECTOR KEONJHAR_IDA),2025Q4,2.0139336555873606,0.3915865905449678,0.17361996859491122,6,336,98,125597317.0,44800000.0,KENDUJHAR(DISTRICT COLLECTOR KEONJHAR_IDA): behaviour shifts at 2025Q4 (archetype-mix JS 0.39); 84 works/quarter -> 49 works/quarter. Before/after shown for review — a change-point is not evidence of wrongdoing.
JABALPUR(DISTRICT COLLECTOR JABALPUR_IDA),2024Q4,2.166839903141236,0.2692770594372747,0.1721067546982253,11,458,350,120755313.0,117856893.0,JABALPUR(DISTRICT COLLECTOR JABALPUR_IDA): behaviour shifts at 2024Q4 (archetype-mix JS 0.27); 92 works/quarter -> 58 works/quarter; 50% round-number amounts -> 36% round-number amounts. Before/after shown for review — a change-point is not evidence of wrongdoing.
DHAR(DISTRICT COLLECTOR DHAR_IDA),2025Q3,2.222818206595966,0.24687095425364042,0.17145414615778143,9,618,53,160245072.0,27237991.0,DHAR(DISTRICT COLLECTOR DHAR_IDA): behaviour shifts at 2025Q3 (archetype-mix JS 0.25); 103 works/quarter -> 18 works/quarter; 26% round-number amounts -> 70% round-number amounts; 35% repeated descriptions -> 27% repeated descriptions. Before/after shown for review — a change-point is not evidence of wrongdoing.
BANDA(DISTRICT MAGISTRATE BANDA_IDA),2025Q1,1.946771597983283,0.4495751022457045,0.17046324189318557,7,175,125,77488900.66,34473705.0,BANDA(DISTRICT MAGISTRATE BANDA_IDA): behaviour shifts at 2025Q1 (archetype-mix JS 0.45); 29% round-number amounts -> 10% round-number amounts. Before/after shown for review — a change-point is not evidence of wrongdoing.
SAHARSA(DISTRICT PLANNING OFFICER SAHARSA_IDA),2024Q4,2.2779131679946785,0.22023037193151773,0.1656905674990682,7,107,186,79481346.0,153398037.0,SAHARSA(DISTRICT PLANNING OFFICER SAHARSA_IDA): behaviour shifts at 2024Q4 (archetype-mix JS 0.22); 54 works/quarter -> 37 works/quarter; 3% round-number amounts -> 6% round-number amounts; 0% repeated descriptions -> 1% repeated descriptions. Before/after shown for review — a change-point is not evidence of wrongdoing.
THIRUVARUR(DISTRICT COLLECTOR THIRUVARUR_IDA),2024Q1,2.107452768562692,0.30116695487299444,0.1628087725786649,8,51,63,44020069.0,70221253.0,THIRUVARUR(DISTRICT COLLECTOR THIRUVARUR_IDA): behaviour shifts at 2024Q1 (archetype-mix JS 0.30); 26 works/quarter -> 10 works/quarter. Before/after shown for review — a change-point is not evidence of wrongdoing.
HISAR(DEPUTY COMMISSIONER HISSAR_IDA),2025Q2,2.908377030801575,0.14066731888826003,0.15862355361107025,9,300,185,105360020.0,52801525.0,HISAR(DEPUTY COMMISSIONER HISSAR_IDA): behaviour shifts at 2025Q2 (archetype-mix JS 0.14); 60 works/quarter -> 46 works/quarter; 12% round-number amounts -> 37% round-number amounts; 1% repeated descriptions -> 17% repeated descriptions. Before/after shown for review — a change-point is not evidence of wrongdoing.
Purba Medinipur(DISTRICT MAGISTRATE PURBA MEDINIPUR_IDA),2025Q1,2.9970785632451182,0.1308397799463499,0.14973669492186092,10,407,300,260093530.0,173788145.0,Purba Medinipur(DISTRICT MAGISTRATE PURBA MEDINIPUR_IDA): behaviour shifts at 2025Q1 (archetype-mix JS 0.13); 81 works/quarter -> 60 works/quarter; 23% round-number amounts -> 35% round-number amounts; 5% repeated descriptions -> 16% repeated descriptions. Before/after shown for review — a change-point is not evidence of wrongdoing.
BIKANER(DISTRICT COLLECTOR BIKANER_IDA),2025Q4,1.9044870640033464,0.3773180723737508,0.14811407434088478,6,48,52,63495509.0,37310601.0,BIKANER(DISTRICT COLLECTOR BIKANER_IDA): behaviour shifts at 2025Q4 (archetype-mix JS 0.38); 12 works/quarter -> 26 works/quarter. Before/after shown for review — a change-point is not evidence of wrongdoing.
DHANBAD(DEPUTY COMMISSIONER DHANBAD_IDA),2025Q3,3.271347402949537,0.10968680573411274,0.1456205931276794,7,403,138,127500232.0,49025000.0,DHANBAD(DEPUTY COMMISSIONER DHANBAD_IDA): behaviour shifts at 2025Q3 (archetype-mix JS 0.11); 101 works/quarter -> 46 works/quarter; 63% round-number amounts -> 79% round-number amounts. Before/after shown for review — a change-point is not evidence of wrongdoing.
MAHENDRAGARH(DEPUTY COMMISSIONER MAHENDRAGARH_IDA),2025Q1,2.1779036527877675,0.22946387716973743,0.14393427629601346,6,36,56,14253813.0,27965396.0,MAHENDRAGARH(DEPUTY COMMISSIONER MAHENDRAGARH_IDA): behaviour shifts at 2025Q1 (archetype-mix JS 0.23); 18 works/quarter -> 14 works/quarter; 21% round-number amounts -> 56% round-number amounts; 42% repeated descriptions -> 35% repeated descriptions. Before/after shown for review — a change-point is not evidence of wrongdoing.
PALAKKAD(DISTRICT COLLECTOR PALAKKAD_IDA),2025Q3,2.8542599473910895,0.13501619661972963,0.14278737135463818,8,638,178,266829757.0,113165984.0,PALAKKAD(DISTRICT COLLECTOR PALAKKAD_IDA): behaviour shifts at 2025Q3 (archetype-mix JS 0.14); 128 works/quarter -> 59 works/quarter; 30% round-number amounts -> 84% round-number amounts. Before/after shown for review — a change-point is not evidence of wrongdoing.
SURGUJA(Collector Surguja_IDA),2024Q4,1.7331631310878615,0.8403230987401547,0.1399857921453139,6,144,141,51151150.0,49831301.0,SURGUJA(Collector Surguja_IDA): behaviour shifts at 2024Q4 (archetype-mix JS 0.84); 72 works/quarter -> 35 works/quarter; 43% round-number amounts -> 54% round-number amounts; 35% repeated descriptions -> 7% repeated descriptions. Before/after shown for review — a change-point is not evidence of wrongdoing.
KANNAUJ(DISTRICT MAGISTRATE KANNAUJ_IDA),2025Q3,1.7526002865446264,0.5854273900457878,0.13975424859373686,6,62,58,47747070.0,40492000.0,KANNAUJ(DISTRICT MAGISTRATE KANNAUJ_IDA): behaviour shifts at 2025Q3 (archetype-mix JS 0.59); 46% round-number amounts -> 22% round-number amounts; 9% repeated descriptions -> 0% repeated descriptions. Before/after shown for review — a change-point is not evidence of wrongdoing.
JAMMU(DEPUTY COMMISSIONER JAMMU_IDA),2025Q2,3.015375348627216,0.12220557072588527,0.1351138031287639,9,103,128,58780879.0,68952930.0,JAMMU(DEPUTY COMMISSIONER JAMMU_IDA): behaviour shifts at 2025Q2 (archetype-mix JS 0.12); 21 works/quarter -> 32 works/quarter; 39% round-number amounts -> 88% round-number amounts. Before/after shown for review — a change-point is not evidence of wrongdoing.
VAISHALI(DISTRICT PLANNING OFFICER VAISHALI_IDA),2025Q3,2.138037570401055,0.23799438150215457,0.13463356116071626,6,168,118,128331653.0,142542305.0,VAISHALI(DISTRICT PLANNING OFFICER VAISHALI_IDA): behaviour shifts at 2025Q3 (archetype-mix JS 0.24); 42 works/quarter -> 59 works/quarter; 4% round-number amounts -> 55% round-number amounts. Before/after shown for review — a change-point is not evidence of wrongdoing.
SHIMLA(DEPUTY COMMISSIONER SHIMLA_IDA),2024Q3,1.9001177817767219,0.3463194873074955,0.13392857142857142,10,257,374,43051393.0,83905000.0,SHIMLA(DEPUTY COMMISSIONER SHIMLA_IDA): behaviour shifts at 2024Q3 (archetype-mix JS 0.35); 86 works/quarter -> 53 works/quarter; 0% repeated descriptions -> 2% repeated descriptions. Before/after shown for review — a change-point is not evidence of wrongdoing.
JAMUI(DISTRICT PLANNING OFFICER JAMUI_IDA),2025Q2,1.7311031374051855,1.0,0.13355602947903206,6,177,164,39479682.0,70667650.0,JAMUI(DISTRICT PLANNING OFFICER JAMUI_IDA): behaviour shifts at 2025Q2 (archetype-mix JS 1.00); 88 works/quarter -> 41 works/quarter; 0% round-number amounts -> 41% round-number amounts; 50% repeated descriptions -> 62% repeated descriptions. Before/after shown for review — a change-point is not evidence of wrongdoing.
ALIGARH(DISTRICT MAGISTRATE ALIGARH_IDA),2024Q4,2.6478193869658893,0.13607085799239768,0.13067094690403036,8,86,114,80872055.0,147286924.0,ALIGARH(DISTRICT MAGISTRATE ALIGARH_IDA): behaviour shifts at 2024Q4 (archetype-mix JS 0.14); 29 works/quarter -> 23 works/quarter; 0% round-number amounts -> 2% round-number amounts. Before/after shown for review — a change-point is not evidence of wrongdoing.
SARAIKELA KHARSAWAN(Deputy Commissioner saraikela_IDA),2025Q1,1.7560021928736926,0.400358809578127,0.12984856760936594,8,63,88,36206500.0,47177190.0,SARAIKELA KHARSAWAN(Deputy Commissioner saraikela_IDA): behaviour shifts at 2025Q1 (archetype-mix JS 0.40); 21 works/quarter -> 18 works/quarter; 77% round-number amounts -> 21% round-number amounts. Before/after shown for review — a change-point is not evidence of wrongdoing.
KORAPUT(District Collector Koraput_IDA),2024Q4,2.2319356814775517,0.18843887601087644,0.12674169255873563,6,180,215,54843677.0,73107405.0,KORAPUT(District Collector Koraput_IDA): behaviour shifts at 2024Q4 (archetype-mix JS 0.19); 90 works/quarter -> 54 works/quarter. Before/after shown for review — a change-point is not evidence of wrongdoing.
SANGAREDDY(District Collector Sangareddy_IDA),2024Q1,1.9937006810255102,0.2795337558088607,0.12507969398323124,6,26,491,6399000.0,123143026.0,SANGAREDDY(District Collector Sangareddy_IDA): behaviour shifts at 2024Q1 (archetype-mix JS 0.28); 13 works/quarter -> 123 works/quarter; 0% repeated descriptions -> 17% repeated descriptions. Before/after shown for review — a change-point is not evidence of wrongdoing.
BAGALKOTE(DEPUTY COMMISSIONER BAGALKOT_IDA),2024Q4,3.2637495176992815,0.08827689790501402,0.12205556352225283,7,155,222,71611739.0,117867995.0,BAGALKOTE(DEPUTY COMMISSIONER BAGALKOT_IDA): behaviour shifts at 2024Q4 (archetype-mix JS 0.09); 78 works/quarter -> 44 works/quarter; 51% round-number amounts -> 86% round-number amounts; 1% repeated descriptions -> 7% repeated descriptions. Before/after shown for review — a change-point is not evidence of wrongdoing.
SRIKAKULAM(District Collector Srikakulam_IDA),2025Q4,2.4420769222187464,0.14647209277112463,0.11340076603464766,7,255,128,136143769.0,83672600.0,SRIKAKULAM(District Collector Srikakulam_IDA): behaviour shifts at 2025Q4 (archetype-mix JS 0.15); 51 works/quarter -> 64 works/quarter; 19% round-number amounts -> 59% round-number amounts. Before/after shown for review — a change-point is not evidence of wrongdoing.
GANGANAGAR(DISTRICT COLLECTOR SRIGANGANAGAR_IDA),2024Q1,1.8108670039286698,0.29488256531065404,0.11142842834239897,6,66,45,52499200.6,30693437.0,GANGANAGAR(DISTRICT COLLECTOR SRIGANGANAGAR_IDA): behaviour shifts at 2024Q1 (archetype-mix JS 0.29); 33 works/quarter -> 11 works/quarter; 31% round-number amounts -> 47% round-number amounts. Before/after shown for review — a change-point is not evidence of wrongdoing.
MALAPPURAM(DISTRICT COLLECTOR MALAPPURAM_IDA),2025Q2,3.472383632959086,0.08506592390802012,0.11111498629155038,10,608,276,361521424.0,225581661.0,MALAPPURAM(DISTRICT COLLECTOR MALAPPURAM_IDA): behaviour shifts at 2025Q2 (archetype-mix JS 0.09); 101 works/quarter -> 69 works/quarter; 28% round-number amounts -> 90% round-number amounts; 0% repeated descriptions -> 3% repeated descriptions. Before/after shown for review — a change-point is not evidence of wrongdoing.
DHEMAJI(DEPUTY COMMISSIONER DHEMAJI_IDA),2025Q2,2.3626607431606845,0.15178262437230078,0.10811500927064584,8,56,64,36948896.0,28150000.0,DHEMAJI(DEPUTY COMMISSIONER DHEMAJI_IDA): behaviour shifts at 2025Q2 (archetype-mix JS 0.15); 11 works/quarter -> 21 works/quarter. Before/after shown for review — a change-point is not evidence of wrongdoing.
CHIKKAMAGALURU(DEPUTY COMMISSIONER CHIKMAGALUR),2025Q4,2.1821914867891046,0.17418348526990102,0.10779193274687175,10,314,85,234942984.0,33874000.0,CHIKKAMAGALURU(DEPUTY COMMISSIONER CHIKMAGALUR): behaviour shifts at 2025Q4 (archetype-mix JS 0.17); 76% round-number amounts -> 91% round-number amounts; 1% repeated descriptions -> 1% repeated descriptions. Before/after shown for review — a change-point is not evidence of wrongdoing.
BANAS KANTHA(DISTRICT COLLECTOR BANAS KANTHA_IDA),2025Q3,2.651462785064372,0.10924042025530586,0.09856875966883757,9,419,288,193470600.0,149307873.0,BANAS KANTHA(DISTRICT COLLECTOR BANAS KANTHA_IDA): behaviour shifts at 2025Q3 (archetype-mix JS 0.11); 70 works/quarter -> 96 works/quarter; 0% repeated descriptions -> 4% repeated descriptions. Before/after shown for review — a change-point is not evidence of wrongdoing.
Y.S.R.(DISTRICT COLLECTOR CUDDAPAH_IDA),2025Q3,2.6556315773183505,0.09204841219140412,0.09127253705473604,11,324,179,333427307.0,145307746.0,Y.S.R.(DISTRICT COLLECTOR CUDDAPAH_IDA): behaviour shifts at 2025Q3 (archetype-mix JS 0.09); 40 works/quarter -> 60 works/quarter; 35% round-number amounts -> 61% round-number amounts; 0% repeated descriptions -> 4% repeated descriptions. Before/after shown for review — a change-point is not evidence of wrongdoing.
ALAPPUZHA(DISTRICT COLLECTOR ALAPPUZHA_IDA),2024Q4,2.3218626834968936,0.14276751592453982,0.09105391988558545,8,95,151,108226409.0,143701330.0,ALAPPUZHA(DISTRICT COLLECTOR ALAPPUZHA_IDA): behaviour shifts at 2024Q4 (archetype-mix JS 0.14); 48 works/quarter -> 25 works/quarter; 52% round-number amounts -> 65% round-number amounts; 4% repeated descriptions -> 0% repeated descriptions. Before/after shown for review — a change-point is not evidence of wrongdoing.
PRATAPGARH(DISTRICT COLLECTOR PRATAPGARH_IDA),2025Q3,1.6785995569090568,0.6148197845443153,0.08939725176116421,6,89,65,29121262.0,10258392.0,PRATAPGARH(DISTRICT COLLECTOR PRATAPGARH_IDA): behaviour shifts at 2025Q3 (archetype-mix JS 0.61); 22 works/quarter -> 32 works/quarter; 51% round-number amounts -> 41% round-number amounts; 0% repeated descriptions -> 3% repeated descriptions. Before/after shown for review — a change-point is not evidence of wrongdoing.
JHUNJHUNU(DISTRICT COLLECTOR JHUNJHUNU_IDA),2024Q3,1.6451008294895608,0.9713464641997817,0.08164884445612447,9,94,149,45679069.86,82872653.0,JHUNJHUNU(DISTRICT COLLECTOR JHUNJHUNU_IDA): behaviour shifts at 2024Q3 (archetype-mix JS 0.97); 47 works/quarter -> 21 works/quarter; 36% round-number amounts -> 43% round-number amounts. Before/after shown for review — a change-point is not evidence of wrongdoing.
REWA(DISTRICT COLLECTOR REWA_IDA),2024Q4,1.8981969583749674,0.2134576415622848,0.0810977773418971,8,121,69,73499585.0,81404335.0,REWA(DISTRICT COLLECTOR REWA_IDA): behaviour shifts at 2024Q4 (archetype-mix JS 0.21); 40 works/quarter -> 14 works/quarter; 34% repeated descriptions -> 59% repeated descriptions. Before/after shown for review — a change-point is not evidence of wrongdoing.
Kasganj(DISTRICT MAGISTRATE KASGANJ KANSHIRAMNAGAR_IDA),2025Q4,1.7093287011427254,0.2971525488026262,0.07923321138079843,6,194,79,83311591.0,30587000.0,Kasganj(DISTRICT MAGISTRATE KASGANJ KANSHIRAMNAGAR_IDA): behaviour shifts at 2025Q4 (archetype-mix JS 0.30); 48 works/quarter -> 40 works/quarter; 0% round-number amounts -> 11% round-number amounts. Before/after shown for review — a change-point is not evidence of wrongdoing.
UDAM SINGH NAGAR(DISTRICT MAGISTRATE UDHAMSINGH NAGAR_IDA),2025Q1,3.4277399250051968,0.07397825470723934,0.07128892599406836,8,110,113,39722427.0,40749750.0,UDAM SINGH NAGAR(DISTRICT MAGISTRATE UDHAMSINGH NAGAR_IDA): behaviour shifts at 2025Q1 (archetype-mix JS 0.07); 37 works/quarter -> 23 works/quarter; 43% round-number amounts -> 76% round-number amounts; 2% repeated descriptions -> 29% repeated descriptions. Before/after shown for review — a change-point is not evidence of wrongdoing.
Tirupathur(District Collector Tirupathur_IDA),2025Q2,2.137796774568677,0.15003728229922178,0.07023273536853693,6,73,93,61641292.0,68331834.0,Tirupathur(District Collector Tirupathur_IDA): behaviour shifts at 2025Q2 (archetype-mix JS 0.15); 18 works/quarter -> 46 works/quarter; 54% round-number amounts -> 66% round-number amounts. Before/after shown for review — a change-point is not evidence of wrongdoing.
ERNAKULAM(DISTRICT COLLECTOR ERNAKULAM_IDA),2025Q2,3.0494335438661166,0.07447001504248997,0.06872680499259219,10,374,171,283654247.0,156401914.0,ERNAKULAM(DISTRICT COLLECTOR ERNAKULAM_IDA): behaviour shifts at 2025Q2 (archetype-mix JS 0.07); 62 works/quarter -> 43 works/quarter; 16% round-number amounts -> 46% round-number amounts. Before/after shown for review — a change-point is not evidence of wrongdoing.
HAMIRPUR(DISTRICT MAGISTRATE HAMIRPUR_2),2025Q1,1.7042245318729639,0.2659177536249398,0.06515410499699296,7,288,143,96891971.32,50081121.0,HAMIRPUR(DISTRICT MAGISTRATE HAMIRPUR_2): behaviour shifts at 2025Q1 (archetype-mix JS 0.27); 72 works/quarter -> 48 works/quarter; 47% repeated descriptions -> 32% repeated descriptions. Before/after shown for review — a change-point is not evidence of wrongdoing.
NORTH WEST(COMMISSIONER NORTH WEST),2023Q4,1.6877641815552078,0.2802473618533101,0.06313453403451318,7,76,81,57415202.0,94337418.0,NORTH WEST(COMMISSIONER NORTH WEST): behaviour shifts at 2023Q4 (archetype-mix JS 0.28); 38 works/quarter -> 16 works/quarter; 1% round-number amounts -> 3% round-number amounts. Before/after shown for review — a change-point is not evidence of wrongdoing.
DHARWAD(DEPUTY COMMISSIONER DHARWAR_IDA),2025Q1,2.6826955906859973,0.07454538133079544,0.06193945056031968,7,149,111,109321853.0,53336050.0,DHARWAD(DEPUTY COMMISSIONER DHARWAR_IDA): behaviour shifts at 2025Q1 (archetype-mix JS 0.07); 50 works/quarter -> 28 works/quarter; 24% round-number amounts -> 96% round-number amounts. Before/after shown for review — a change-point is not evidence of wrongdoing.
GONDA(DISTRICT MAGISTRATE GONDA_IDA),2024Q3,2.417424231339669,0.08654319174631463,0.06137378162887286,8,150,177,126637138.0,150490598.0,GONDA(DISTRICT MAGISTRATE GONDA_IDA): behaviour shifts at 2024Q3 (archetype-mix JS 0.09); 75 works/quarter -> 30 works/quarter; 6% round-number amounts -> 4% round-number amounts. Before/after shown for review — a change-point is not evidence of wrongdoing.
KOZHIKODE(DISTRICT COLLECTOR KOZHIKODE_IDA),2024Q3,3.478826391793588,0.072890381563126,0.0597280721440163,12,248,554,158387889.0,280715130.0,KOZHIKODE(DISTRICT COLLECTOR KOZHIKODE_IDA): behaviour shifts at 2024Q3 (archetype-mix JS 0.07); 50 works/quarter -> 79 works/quarter; 14% round-number amounts -> 79% round-number amounts; 0% repeated descriptions -> 4% repeated descriptions. Before/after shown for review — a change-point is not evidence of wrongdoing.
DAKSHINA KANNADA(DEPUTY COMMISSIONER DAKSHIN KANNAD MANGALORE_IDA),2025Q3,2.0074748433075262,0.15022954406654798,0.057863756235784464,8,292,169,135427387.0,121756912.0,DAKSHINA KANNADA(DEPUTY COMMISSIONER DAKSHIN KANNAD MANGALORE_IDA): behaviour shifts at 2025Q3 (archetype-mix JS 0.15); 35% round-number amounts -> 72% round-number amounts. Before/after shown for review — a change-point is not evidence of wrongdoing.
PAPUM PARE(DEPUTY COMMISSIONER PAPUM PARE_IDA),2024Q3,2.242963583097708,0.09357668317069504,0.05682108063106185,7,77,87,68119559.0,109029825.0,PAPUM PARE(DEPUTY COMMISSIONER PAPUM PARE_IDA): behaviour shifts at 2024Q3 (archetype-mix JS 0.09); 26 works/quarter -> 22 works/quarter; 90% round-number amounts -> 74% round-number amounts. Before/after shown for review — a change-point is not evidence of wrongdoing.
SAHARANPUR(DISTRICT MAGISTRAE SAHARANPUR_IDA),2025Q4,2.4094933905078415,0.08570202631931796,0.056469243931578206,7,195,55,181567887.0,49419805.0,SAHARANPUR(DISTRICT MAGISTRAE SAHARANPUR_IDA): behaviour shifts at 2025Q4 (archetype-mix JS 0.09); 39 works/quarter -> 28 works/quarter; 0% round-number amounts -> 2% round-number amounts. Before/after shown for review — a change-point is not evidence of wrongdoing.
GORAKHPUR(DISTRICT MAGISTRATE GORAKHPUR_IDA),2024Q3,1.6445360015472303,0.4031038216967846,0.05319810396345082,9,271,113,160155114.72,145453617.0,GORAKHPUR(DISTRICT MAGISTRATE GORAKHPUR_IDA): behaviour shifts at 2024Q3 (archetype-mix JS 0.40); 68 works/quarter -> 23 works/quarter; 17% round-number amounts -> 11% round-number amounts. Before/after shown for review — a change-point is not evidence of wrongdoing.
KANCHIPURAM(DISTRICT COLLECTOR KANCHEEPURAM_IDA),2024Q3,1.8053573336274413,0.1609354930332107,0.05277495722114683,10,104,165,59765684.0,138853141.0,KANCHIPURAM(DISTRICT COLLECTOR KANCHEEPURAM_IDA): behaviour shifts at 2024Q3 (archetype-mix JS 0.16); 35 works/quarter -> 24 works/quarter; 29% round-number amounts -> 47% round-number amounts; 39% repeated descriptions -> 25% repeated descriptions. Before/after shown for review — a change-point is not evidence of wrongdoing.
MORADABAD(DISTRICT MAGISTRATE MORADABAD_IDA),2024Q1,2.2021493275720183,0.08410386230480518,0.0378807204207079,7,221,406,49826116.84,105541493.0,MORADABAD(DISTRICT MAGISTRATE MORADABAD_IDA): behaviour shifts at 2024Q1 (archetype-mix JS 0.08); 110 works/quarter -> 81 works/quarter; 0% round-number amounts -> 3% round-number amounts; 0% repeated descriptions -> 2% repeated descriptions. Before/after shown for review — a change-point is not evidence of wrongdoing.
AIZAWL(DEPUTY COMMISSIONER AIZAWL_IDA),2025Q3,1.7553383390487511,0.12330664189647632,0.031409034105960465,6,128,71,92400000.0,49970000.0,AIZAWL(DEPUTY COMMISSIONER AIZAWL_IDA): behaviour shifts at 2025Q3 (archetype-mix JS 0.12); 99% round-number amounts -> 80% round-number amounts. Before/after shown for review — a change-point is not evidence of wrongdoing.
CHENGALPATTU(District Collector Chengalpattu_IDA),2025Q3,1.4555395573992054,0.246800728576148,0.024144316576767785,10,407,94,172789000.0,81550000.0,CHENGALPATTU(District Collector Chengalpattu_IDA): behaviour shifts at 2025Q3 (archetype-mix JS 0.25); 58 works/quarter -> 31 works/quarter; 12% repeated descriptions -> 18% repeated descriptions. Before/after shown for review — a change-point is not evidence of wrongdoing.
VIJAYAPURA(DEPUTY COMMISSIONER BIJAPUR_IDA),2025Q1,2.509737768094525,0.052285399995222914,0.02341091178951231,7,418,280,111965000.0,133220000.0,VIJAYAPURA(DEPUTY COMMISSIONER BIJAPUR_IDA): behaviour shifts at 2025Q1 (archetype-mix JS 0.05); 209 works/quarter -> 56 works/quarter; 91% round-number amounts -> 76% round-number amounts; 8% repeated descriptions -> 2% repeated descriptions. Before/after shown for review — a change-point is not evidence of wrongdoing.
